noise_step,rho,group,x,mean_cosine,sd_cosine,sem_cosine,n_images
0,0.0,low,0.0,1.0,0.0,0.0,20
0,0.0,low,0.005,1.0,0.0,0.0,20
0,0.0,low,0.01,1.0,0.0,0.0,20
0,0.0,low,0.015,1.0,0.0,0.0,20
0,0.0,low,0.02,1.0,0.0,0.0,20
0,0.0,low,0.025,1.0,0.0,0.0,20
0,0.0,low,0.03,1.0,0.0,0.0,20
0,0.0,low,0.035,1.0,0.0,0.0,20
0,0.0,low,0.04,1.0,0.0,0.0,20
0,0.0,low,0.045,1.0,0.0,0.0,20
0,0.0,low,0.05,1.0,0.0,0.0,20
0,0.0,low,0.055,1.0,0.0,0.0,20
0,0.0,low,0.06,1.0,0.0,0.0,20
0,0.0,low,0.065,1.0,0.0,0.0,20
0,0.0,low,0.07,1.0,0.0,0.0,20
0,0.0,low,0.075,1.0,0.0,0.0,20
0,0.0,low,0.08,1.0,0.0,0.0,20
0,0.0,low,0.085,1.0,0.0,0.0,20
0,0.0,low,0.09,1.0,0.0,0.0,20
0,0.0,low,0.095,1.0,0.0,0.0,20
0,0.0,low,0.1,1.0,0.0,0.0,20
0,0.0,low,0.105,1.0,0.0,0.0,20
0,0.0,low,0.11,1.0,0.0,0.0,20
0,0.0,low,0.115,1.0,0.0,0.0,20
0,0.0,low,0.12,1.0,0.0,0.0,20
0,0.0,low,0.125,1.0,0.0,0.0,20
0,0.0,low,0.13,1.0,0.0,0.0,20
0,0.0,low,0.135,1.0,0.0,0.0,20
0,0.0,low,0.14,1.0,0.0,0.0,20
0,0.0,low,0.145,1.0,0.0,0.0,20
0,0.0,low,0.15,1.0,0.0,0.0,20
0,0.0,low,0.155,1.0,0.0,0.0,20
0,0.0,low,0.16,1.0,0.0,0.0,20
0,0.0,low,0.165,1.0,0.0,0.0,20
0,0.0,low,0.17,1.0,0.0,0.0,20
0,0.0,low,0.17500000000000002,1.0,0.0,0.0,20
0,0.0,low,0.18,1.0,0.0,0.0,20
0,0.0,low,0.185,1.0,0.0,0.0,20
0,0.0,low,0.19,1.0,0.0,0.0,20
0,0.0,low,0.195,1.0,0.0,0.0,20
0,0.0,low,0.2,1.0,0.0,0.0,20
0,0.0,low,0.20500000000000002,1.0,0.0,0.0,20
0,0.0,low,0.21,1.0,0.0,0.0,20
0,0.0,low,0.215,1.0,0.0,0.0,20
0,0.0,low,0.22,1.0,0.0,0.0,20
0,0.0,low,0.225,1.0,0.0,0.0,20
0,0.0,low,0.23,1.0,0.0,0.0,20
0,0.0,low,0.23500000000000001,1.0,0.0,0.0,20
0,0.0,low,0.24,1.0,0.0,0.0,20
0,0.0,low,0.245,1.0,0.0,0.0,20
0,0.0,low,0.25,1.0,0.0,0.0,20
0,0.0,low,0.255,1.0,0.0,0.0,20
0,0.0,low,0.26,1.0,0.0,0.0,20
0,0.0,low,0.265,1.0,0.0,0.0,20
0,0.0,low,0.27,1.0,0.0,0.0,20
0,0.0,low,0.275,1.0,0.0,0.0,20
0,0.0,low,0.28,1.0,0.0,0.0,20
0,0.0,low,0.28500000000000003,1.0,0.0,0.0,20
0,0.0,low,0.29,1.0,0.0,0.0,20
0,0.0,low,0.295,1.0,0.0,0.0,20
0,0.0,low,0.3,1.0,0.0,0.0,20
0,0.0,low,0.305,1.0,0.0,0.0,20
0,0.0,low,0.31,1.0,0.0,0.0,20
0,0.0,low,0.315,1.0,0.0,0.0,20
0,0.0,low,0.32,1.0,0.0,0.0,20
0,0.0,low,0.325,1.0,0.0,0.0,20
0,0.0,low,0.33,1.0,0.0,0.0,20
0,0.0,low,0.335,1.0,0.0,0.0,20
0,0.0,low,0.34,1.0,0.0,0.0,20
0,0.0,low,0.34500000000000003,1.0,0.0,0.0,20
0,0.0,low,0.35000000000000003,1.0,0.0,0.0,20
0,0.0,low,0.355,1.0,0.0,0.0,20
0,0.0,low,0.36,1.0,0.0,0.0,20
0,0.0,low,0.365,1.0,0.0,0.0,20
0,0.0,low,0.37,1.0,0.0,0.0,20
0,0.0,low,0.375,1.0,0.0,0.0,20
0,0.0,low,0.38,1.0,0.0,0.0,20
0,0.0,low,0.385,1.0,0.0,0.0,20
0,0.0,low,0.39,1.0,0.0,0.0,20
0,0.0,low,0.395,1.0,0.0,0.0,20
0,0.0,low,0.4,1.0,0.0,0.0,20
0,0.0,low,0.405,1.0,0.0,0.0,20
0,0.0,low,0.41000000000000003,1.0,0.0,0.0,20
0,0.0,low,0.41500000000000004,1.0,0.0,0.0,20
0,0.0,low,0.42,1.0,0.0,0.0,20
0,0.0,low,0.425,1.0,0.0,0.0,20
0,0.0,low,0.43,1.0,0.0,0.0,20
0,0.0,low,0.435,1.0,0.0,0.0,20
0,0.0,low,0.44,1.0,0.0,0.0,20
0,0.0,low,0.445,1.0,0.0,0.0,20
0,0.0,low,0.45,1.0,0.0,0.0,20
0,0.0,low,0.455,1.0,0.0,0.0,20
0,0.0,low,0.46,1.0,0.0,0.0,20
0,0.0,low,0.465,1.0,0.0,0.0,20
0,0.0,low,0.47000000000000003,1.0,0.0,0.0,20
0,0.0,low,0.47500000000000003,1.0,0.0,0.0,20
0,0.0,low,0.48,1.0,0.0,0.0,20
0,0.0,low,0.485,1.0,0.0,0.0,20
0,0.0,low,0.49,1.0,0.0,0.0,20
0,0.0,low,0.495,1.0,0.0,0.0,20
0,0.0,low,0.5,1.0,0.0,0.0,20
0,0.0,low,0.505,1.0,0.0,0.0,20
0,0.0,low,0.51,1.0,0.0,0.0,20
0,0.0,low,0.515,1.0,0.0,0.0,20
0,0.0,low,0.52,1.0,0.0,0.0,20
0,0.0,low,0.525,1.0,0.0,0.0,20
0,0.0,low,0.53,1.0,0.0,0.0,20
0,0.0,low,0.535,1.0,0.0,0.0,20
0,0.0,low,0.54,1.0,0.0,0.0,20
0,0.0,low,0.545,1.0,0.0,0.0,20
0,0.0,low,0.55,1.0,0.0,0.0,20
0,0.0,low,0.555,1.0,0.0,0.0,20
0,0.0,low,0.56,1.0,0.0,0.0,20
0,0.0,low,0.5650000000000001,1.0,0.0,0.0,20
0,0.0,low,0.5700000000000001,1.0,0.0,0.0,20
0,0.0,low,0.5750000000000001,1.0,0.0,0.0,20
0,0.0,low,0.58,1.0,0.0,0.0,20
0,0.0,low,0.585,1.0,0.0,0.0,20
0,0.0,low,0.59,1.0,0.0,0.0,20
0,0.0,low,0.595,1.0,0.0,0.0,20
0,0.0,low,0.6,1.0,0.0,0.0,20
0,0.0,low,0.605,1.0,0.0,0.0,20
0,0.0,low,0.61,1.0,0.0,0.0,20
0,0.0,low,0.615,1.0,0.0,0.0,20
0,0.0,low,0.62,1.0,0.0,0.0,20
0,0.0,low,0.625,1.0,0.0,0.0,20
0,0.0,low,0.63,1.0,0.0,0.0,20
0,0.0,low,0.635,1.0,0.0,0.0,20
0,0.0,low,0.64,1.0,0.0,0.0,20
0,0.0,low,0.645,1.0,0.0,0.0,20
0,0.0,low,0.65,1.0,0.0,0.0,20
0,0.0,low,0.655,1.0,0.0,0.0,20
0,0.0,low,0.66,1.0,0.0,0.0,20
0,0.0,low,0.665,1.0,0.0,0.0,20
0,0.0,low,0.67,1.0,0.0,0.0,20
0,0.0,low,0.675,1.0,0.0,0.0,20
0,0.0,low,0.68,1.0,0.0,0.0,20
0,0.0,low,0.685,1.0,0.0,0.0,20
0,0.0,low,0.6900000000000001,1.0,0.0,0.0,20
0,0.0,low,0.6950000000000001,1.0,0.0,0.0,20
0,0.0,low,0.7000000000000001,1.0,0.0,0.0,20
0,0.0,low,0.705,1.0,0.0,0.0,20
0,0.0,low,0.71,1.0,0.0,0.0,20
0,0.0,low,0.715,1.0,0.0,0.0,20
0,0.0,low,0.72,1.0,0.0,0.0,20
0,0.0,low,0.725,1.0,0.0,0.0,20
0,0.0,low,0.73,1.0,0.0,0.0,20
0,0.0,low,0.735,1.0,0.0,0.0,20
0,0.0,low,0.74,1.0,0.0,0.0,20
0,0.0,low,0.745,1.0,0.0,0.0,20
0,0.0,low,0.75,1.0,0.0,0.0,20
0,0.0,low,0.755,1.0,0.0,0.0,20
0,0.0,low,0.76,1.0,0.0,0.0,20
0,0.0,low,0.765,1.0,0.0,0.0,20
0,0.0,low,0.77,1.0,0.0,0.0,20
0,0.0,low,0.775,1.0,0.0,0.0,20
0,0.0,low,0.78,1.0,0.0,0.0,20
0,0.0,low,0.785,1.0,0.0,0.0,20
0,0.0,low,0.79,1.0,0.0,0.0,20
0,0.0,low,0.795,1.0,0.0,0.0,20
0,0.0,low,0.8,1.0,0.0,0.0,20
0,0.0,low,0.805,1.0,0.0,0.0,20
0,0.0,low,0.81,1.0,0.0,0.0,20
0,0.0,low,0.8150000000000001,1.0,0.0,0.0,20
0,0.0,low,0.8200000000000001,1.0,0.0,0.0,20
0,0.0,low,0.8250000000000001,1.0,0.0,0.0,20
0,0.0,low,0.8300000000000001,1.0,0.0,0.0,20
0,0.0,low,0.835,1.0,0.0,0.0,20
0,0.0,low,0.84,1.0,0.0,0.0,20
0,0.0,low,0.845,1.0,0.0,0.0,20
0,0.0,low,0.85,1.0,0.0,0.0,20
0,0.0,low,0.855,1.0,0.0,0.0,20
0,0.0,low,0.86,1.0,0.0,0.0,20
0,0.0,low,0.865,1.0,0.0,0.0,20
0,0.0,low,0.87,1.0,0.0,0.0,20
0,0.0,low,0.875,1.0,0.0,0.0,20
0,0.0,low,0.88,1.0,0.0,0.0,20
0,0.0,low,0.885,1.0,0.0,0.0,20
0,0.0,low,0.89,1.0,0.0,0.0,20
0,0.0,low,0.895,1.0,0.0,0.0,20
0,0.0,low,0.9,1.0,0.0,0.0,20
0,0.0,low,0.905,1.0,0.0,0.0,20
0,0.0,low,0.91,1.0,0.0,0.0,20
0,0.0,low,0.915,1.0,0.0,0.0,20
0,0.0,low,0.92,1.0,0.0,0.0,20
0,0.0,low,0.925,1.0,0.0,0.0,20
0,0.0,low,0.93,1.0,0.0,0.0,20
0,0.0,low,0.935,1.0,0.0,0.0,20
0,0.0,low,0.9400000000000001,1.0,0.0,0.0,20
0,0.0,low,0.9450000000000001,1.0,0.0,0.0,20
0,0.0,low,0.9500000000000001,1.0,0.0,0.0,20
0,0.0,low,0.9550000000000001,1.0,0.0,0.0,20
0,0.0,low,0.96,1.0,0.0,0.0,20
0,0.0,low,0.965,1.0,0.0,0.0,20
0,0.0,low,0.97,1.0,0.0,0.0,20
0,0.0,low,0.975,1.0,0.0,0.0,20
0,0.0,low,0.98,1.0,0.0,0.0,20
0,0.0,low,0.985,1.0,0.0,0.0,20
0,0.0,low,0.99,1.0,0.0,0.0,20
0,0.0,low,0.995,1.0,0.0,0.0,20
0,0.0,low,1.0,1.0,0.0,0.0,20
0,0.0,high,0.0,1.0,0.0,0.0,20
0,0.0,high,0.005,1.0,0.0,0.0,20
0,0.0,high,0.01,1.0,0.0,0.0,20
0,0.0,high,0.015,1.0,0.0,0.0,20
0,0.0,high,0.02,1.0,0.0,0.0,20
0,0.0,high,0.025,1.0,0.0,0.0,20
0,0.0,high,0.03,1.0,0.0,0.0,20
0,0.0,high,0.035,1.0,0.0,0.0,20
0,0.0,high,0.04,1.0,0.0,0.0,20
0,0.0,high,0.045,1.0,0.0,0.0,20
0,0.0,high,0.05,1.0,0.0,0.0,20
0,0.0,high,0.055,1.0,0.0,0.0,20
0,0.0,high,0.06,1.0,0.0,0.0,20
0,0.0,high,0.065,1.0,0.0,0.0,20
0,0.0,high,0.07,1.0,0.0,0.0,20
0,0.0,high,0.075,1.0,0.0,0.0,20
0,0.0,high,0.08,1.0,0.0,0.0,20
0,0.0,high,0.085,1.0,0.0,0.0,20
0,0.0,high,0.09,1.0,0.0,0.0,20
0,0.0,high,0.095,1.0,0.0,0.0,20
0,0.0,high,0.1,1.0,0.0,0.0,20
0,0.0,high,0.105,1.0,0.0,0.0,20
0,0.0,high,0.11,1.0,0.0,0.0,20
0,0.0,high,0.115,1.0,0.0,0.0,20
0,0.0,high,0.12,1.0,0.0,0.0,20
0,0.0,high,0.125,1.0,0.0,0.0,20
0,0.0,high,0.13,1.0,0.0,0.0,20
0,0.0,high,0.135,1.0,0.0,0.0,20
0,0.0,high,0.14,1.0,0.0,0.0,20
0,0.0,high,0.145,1.0,0.0,0.0,20
0,0.0,high,0.15,1.0,0.0,0.0,20
0,0.0,high,0.155,1.0,0.0,0.0,20
0,0.0,high,0.16,1.0,0.0,0.0,20
0,0.0,high,0.165,1.0,0.0,0.0,20
0,0.0,high,0.17,1.0,0.0,0.0,20
0,0.0,high,0.17500000000000002,1.0,0.0,0.0,20
0,0.0,high,0.18,1.0,0.0,0.0,20
0,0.0,high,0.185,1.0,0.0,0.0,20
0,0.0,high,0.19,1.0,0.0,0.0,20
0,0.0,high,0.195,1.0,0.0,0.0,20
0,0.0,high,0.2,1.0,0.0,0.0,20
0,0.0,high,0.20500000000000002,1.0,0.0,0.0,20
0,0.0,high,0.21,1.0,0.0,0.0,20
0,0.0,high,0.215,1.0,0.0,0.0,20
0,0.0,high,0.22,1.0,0.0,0.0,20
0,0.0,high,0.225,1.0,0.0,0.0,20
0,0.0,high,0.23,1.0,0.0,0.0,20
0,0.0,high,0.23500000000000001,1.0,0.0,0.0,20
0,0.0,high,0.24,1.0,0.0,0.0,20
0,0.0,high,0.245,1.0,0.0,0.0,20
0,0.0,high,0.25,1.0,0.0,0.0,20
0,0.0,high,0.255,1.0,0.0,0.0,20
0,0.0,high,0.26,1.0,0.0,0.0,20
0,0.0,high,0.265,1.0,0.0,0.0,20
0,0.0,high,0.27,1.0,0.0,0.0,20
0,0.0,high,0.275,1.0,0.0,0.0,20
0,0.0,high,0.28,1.0,0.0,0.0,20
0,0.0,high,0.28500000000000003,1.0,0.0,0.0,20
0,0.0,high,0.29,1.0,0.0,0.0,20
0,0.0,high,0.295,1.0,0.0,0.0,20
0,0.0,high,0.3,1.0,0.0,0.0,20
0,0.0,high,0.305,1.0,0.0,0.0,20
0,0.0,high,0.31,1.0,0.0,0.0,20
0,0.0,high,0.315,1.0,0.0,0.0,20
0,0.0,high,0.32,1.0,0.0,0.0,20
0,0.0,high,0.325,1.0,0.0,0.0,20
0,0.0,high,0.33,1.0,0.0,0.0,20
0,0.0,high,0.335,1.0,0.0,0.0,20
0,0.0,high,0.34,1.0,0.0,0.0,20
0,0.0,high,0.34500000000000003,1.0,0.0,0.0,20
0,0.0,high,0.35000000000000003,1.0,0.0,0.0,20
0,0.0,high,0.355,1.0,0.0,0.0,20
0,0.0,high,0.36,1.0,0.0,0.0,20
0,0.0,high,0.365,1.0,0.0,0.0,20
0,0.0,high,0.37,1.0,0.0,0.0,20
0,0.0,high,0.375,1.0,0.0,0.0,20
0,0.0,high,0.38,1.0,0.0,0.0,20
0,0.0,high,0.385,1.0,0.0,0.0,20
0,0.0,high,0.39,1.0,0.0,0.0,20
0,0.0,high,0.395,1.0,0.0,0.0,20
0,0.0,high,0.4,1.0,0.0,0.0,20
0,0.0,high,0.405,1.0,0.0,0.0,20
0,0.0,high,0.41000000000000003,1.0,0.0,0.0,20
0,0.0,high,0.41500000000000004,1.0,0.0,0.0,20
0,0.0,high,0.42,1.0,0.0,0.0,20
0,0.0,high,0.425,1.0,0.0,0.0,20
0,0.0,high,0.43,1.0,0.0,0.0,20
0,0.0,high,0.435,1.0,0.0,0.0,20
0,0.0,high,0.44,1.0,0.0,0.0,20
0,0.0,high,0.445,1.0,0.0,0.0,20
0,0.0,high,0.45,1.0,0.0,0.0,20
0,0.0,high,0.455,1.0,0.0,0.0,20
0,0.0,high,0.46,1.0,0.0,0.0,20
0,0.0,high,0.465,1.0,0.0,0.0,20
0,0.0,high,0.47000000000000003,1.0,0.0,0.0,20
0,0.0,high,0.47500000000000003,1.0,0.0,0.0,20
0,0.0,high,0.48,1.0,0.0,0.0,20
0,0.0,high,0.485,1.0,0.0,0.0,20
0,0.0,high,0.49,1.0,0.0,0.0,20
0,0.0,high,0.495,1.0,0.0,0.0,20
0,0.0,high,0.5,1.0,0.0,0.0,20
0,0.0,high,0.505,1.0,0.0,0.0,20
0,0.0,high,0.51,1.0,0.0,0.0,20
0,0.0,high,0.515,1.0,0.0,0.0,20
0,0.0,high,0.52,1.0,0.0,0.0,20
0,0.0,high,0.525,1.0,0.0,0.0,20
0,0.0,high,0.53,1.0,0.0,0.0,20
0,0.0,high,0.535,1.0,0.0,0.0,20
0,0.0,high,0.54,1.0,0.0,0.0,20
0,0.0,high,0.545,1.0,0.0,0.0,20
0,0.0,high,0.55,1.0,0.0,0.0,20
0,0.0,high,0.555,1.0,0.0,0.0,20
0,0.0,high,0.56,1.0,0.0,0.0,20
0,0.0,high,0.5650000000000001,1.0,0.0,0.0,20
0,0.0,high,0.5700000000000001,1.0,0.0,0.0,20
0,0.0,high,0.5750000000000001,1.0,0.0,0.0,20
0,0.0,high,0.58,1.0,0.0,0.0,20
0,0.0,high,0.585,1.0,0.0,0.0,20
0,0.0,high,0.59,1.0,0.0,0.0,20
0,0.0,high,0.595,1.0,0.0,0.0,20
0,0.0,high,0.6,1.0,0.0,0.0,20
0,0.0,high,0.605,1.0,0.0,0.0,20
0,0.0,high,0.61,1.0,0.0,0.0,20
0,0.0,high,0.615,1.0,0.0,0.0,20
0,0.0,high,0.62,1.0,0.0,0.0,20
0,0.0,high,0.625,1.0,0.0,0.0,20
0,0.0,high,0.63,1.0,0.0,0.0,20
0,0.0,high,0.635,1.0,0.0,0.0,20
0,0.0,high,0.64,1.0,0.0,0.0,20
0,0.0,high,0.645,1.0,0.0,0.0,20
0,0.0,high,0.65,1.0,0.0,0.0,20
0,0.0,high,0.655,1.0,0.0,0.0,20
0,0.0,high,0.66,1.0,0.0,0.0,20
0,0.0,high,0.665,1.0,0.0,0.0,20
0,0.0,high,0.67,1.0,0.0,0.0,20
0,0.0,high,0.675,1.0,0.0,0.0,20
0,0.0,high,0.68,1.0,0.0,0.0,20
0,0.0,high,0.685,1.0,0.0,0.0,20
0,0.0,high,0.6900000000000001,1.0,0.0,0.0,20
0,0.0,high,0.6950000000000001,1.0,0.0,0.0,20
0,0.0,high,0.7000000000000001,1.0,0.0,0.0,20
0,0.0,high,0.705,1.0,0.0,0.0,20
0,0.0,high,0.71,1.0,0.0,0.0,20
0,0.0,high,0.715,1.0,0.0,0.0,20
0,0.0,high,0.72,1.0,0.0,0.0,20
0,0.0,high,0.725,1.0,0.0,0.0,20
0,0.0,high,0.73,1.0,0.0,0.0,20
0,0.0,high,0.735,1.0,0.0,0.0,20
0,0.0,high,0.74,1.0,0.0,0.0,20
0,0.0,high,0.745,1.0,0.0,0.0,20
0,0.0,high,0.75,1.0,0.0,0.0,20
0,0.0,high,0.755,1.0,0.0,0.0,20
0,0.0,high,0.76,1.0,0.0,0.0,20
0,0.0,high,0.765,1.0,0.0,0.0,20
0,0.0,high,0.77,1.0,0.0,0.0,20
0,0.0,high,0.775,1.0,0.0,0.0,20
0,0.0,high,0.78,1.0,0.0,0.0,20
0,0.0,high,0.785,1.0,0.0,0.0,20
0,0.0,high,0.79,1.0,0.0,0.0,20
0,0.0,high,0.795,1.0,0.0,0.0,20
0,0.0,high,0.8,1.0,0.0,0.0,20
0,0.0,high,0.805,1.0,0.0,0.0,20
0,0.0,high,0.81,1.0,0.0,0.0,20
0,0.0,high,0.8150000000000001,1.0,0.0,0.0,20
0,0.0,high,0.8200000000000001,1.0,0.0,0.0,20
0,0.0,high,0.8250000000000001,1.0,0.0,0.0,20
0,0.0,high,0.8300000000000001,1.0,0.0,0.0,20
0,0.0,high,0.835,1.0,0.0,0.0,20
0,0.0,high,0.84,1.0,0.0,0.0,20
0,0.0,high,0.845,1.0,0.0,0.0,20
0,0.0,high,0.85,1.0,0.0,0.0,20
0,0.0,high,0.855,1.0,0.0,0.0,20
0,0.0,high,0.86,1.0,0.0,0.0,20
0,0.0,high,0.865,1.0,0.0,0.0,20
0,0.0,high,0.87,1.0,0.0,0.0,20
0,0.0,high,0.875,1.0,0.0,0.0,20
0,0.0,high,0.88,1.0,0.0,0.0,20
0,0.0,high,0.885,1.0,0.0,0.0,20
0,0.0,high,0.89,1.0,0.0,0.0,20
0,0.0,high,0.895,1.0,0.0,0.0,20
0,0.0,high,0.9,1.0,0.0,0.0,20
0,0.0,high,0.905,1.0,0.0,0.0,20
0,0.0,high,0.91,1.0,0.0,0.0,20
0,0.0,high,0.915,1.0,0.0,0.0,20
0,0.0,high,0.92,1.0,0.0,0.0,20
0,0.0,high,0.925,1.0,0.0,0.0,20
0,0.0,high,0.93,1.0,0.0,0.0,20
0,0.0,high,0.935,1.0,0.0,0.0,20
0,0.0,high,0.9400000000000001,1.0,0.0,0.0,20
0,0.0,high,0.9450000000000001,1.0,0.0,0.0,20
0,0.0,high,0.9500000000000001,1.0,0.0,0.0,20
0,0.0,high,0.9550000000000001,1.0,0.0,0.0,20
0,0.0,high,0.96,1.0,0.0,0.0,20
0,0.0,high,0.965,1.0,0.0,0.0,20
0,0.0,high,0.97,1.0,0.0,0.0,20
0,0.0,high,0.975,1.0,0.0,0.0,20
0,0.0,high,0.98,1.0,0.0,0.0,20
0,0.0,high,0.985,1.0,0.0,0.0,20
0,0.0,high,0.99,1.0,0.0,0.0,20
0,0.0,high,0.995,1.0,0.0,0.0,20
0,0.0,high,1.0,1.0,0.0,0.0,20
100,0.1,low,0.0,1.0,0.0,0.0,20
100,0.1,low,0.005,0.8535738180221975,0.04288218567252053,0.009588748218752344,20
100,0.1,low,0.01,0.7073057398089144,0.0855950425401591,0.0191396333656782,20
100,0.1,low,0.015,0.6730623250022647,0.09560409644557753,0.02137772585797574,20
100,0.1,low,0.02,0.6388524032782679,0.10610998735836795,0.023726914482495406,20
100,0.1,low,0.025,0.6195328034820944,0.1110431473002074,0.024830002579878597,20
100,0.1,low,0.03,0.6002276024780301,0.11615219393680638,0.0259724201378438,20
100,0.1,low,0.035,0.5868951411139249,0.11904771162515343,0.026619877575963503,20
100,0.1,low,0.04,0.5735753393716128,0.12201555172260936,0.02728350679638961,20
100,0.1,low,0.045,0.5635330064333111,0.12394863011646699,0.027715756265839785,20
100,0.1,low,0.05,0.5534944952027511,0.1259347374477637,0.0281598633661788,20
100,0.1,low,0.055,0.5453783613931416,0.12723372841996344,0.028450326577778514,20
100,0.1,low,0.06,0.5372714294601781,0.12855596251201554,0.028745987108978136,20
100,0.1,low,0.065,0.5304556375203668,0.12925585736764425,0.028902488356406957,20
100,0.1,low,0.07,0.5236475301140039,0.12997516196631306,0.02906332975432212,20
100,0.1,low,0.075,0.5180605371280812,0.13062015995658702,0.029207555689482453,20
100,0.1,low,0.08,0.512468755485591,0.13128258405214419,0.029355678220242418,20
100,0.1,low,0.085,0.5075750803815763,0.1316914023929391,0.029447092780289032,20
100,0.1,low,0.09,0.5026847697137169,0.13211207639565126,0.02954115834693216,20
100,0.1,low,0.095,0.49812088680735156,0.1322180529875759,0.02956485543328889,20
100,0.1,low,0.1,0.49356791531323463,0.13233003753938108,0.029589895940315507,20
100,0.1,low,0.105,0.4894790305486021,0.13236360274232825,0.029597401347862352,20
100,0.1,low,0.11,0.48539373149023957,0.1324060892417242,0.029606901617939888,20
100,0.1,low,0.115,0.481555168144636,0.13252977566521348,0.029634558743021476,20
100,0.1,low,0.12,0.4776995180062082,0.13266302459847645,0.02966435411029201,20
100,0.1,low,0.125,0.4743110036307643,0.13256444404887233,0.029642310829274595,20
100,0.1,low,0.13,0.47094789962724654,0.13246980027062344,0.029621147837093402,20
100,0.1,low,0.135,0.4677760976129032,0.13222315044353272,0.02956599525909206,20
100,0.1,low,0.14,0.464608599749762,0.131983647650808,0.02951244080655871,20
100,0.1,low,0.145,0.4616104063757862,0.13179006222471906,0.029469153789339897,20
100,0.1,low,0.15,0.45859414581688795,0.13160478219589425,0.029427723915407357,20
100,0.1,low,0.155,0.45577424252252696,0.13133642412499225,0.029367717226522597,20
100,0.1,low,0.16,0.4529669303480507,0.13107118374519033,0.029308407674561103,20
100,0.1,low,0.165,0.4504056577126301,0.13087818208306584,0.029265251190933022,20
100,0.1,low,0.17,0.44784347721460704,0.13069104008453386,0.029223404967916755,20
100,0.1,low,0.17500000000000002,0.4453020059953827,0.13033403084868356,0.029143575275921103,20
100,0.1,low,0.18,0.44277086699667373,0.12998180227515027,0.02906481457251728,20
100,0.1,low,0.185,0.44046325662766783,0.1299193230795136,0.02905084379965497,20
100,0.1,low,0.19,0.43812529771780795,0.12986081820760495,0.029037761712594704,20
100,0.1,low,0.195,0.4358669524747271,0.12967011988432087,0.028995120271188862,20
100,0.1,low,0.2,0.433626452374828,0.12948344084352195,0.028953377568668778,20
100,0.1,low,0.20500000000000002,0.4315293056444488,0.12939900933957996,0.028934498110443095,20
100,0.1,low,0.21,0.42944177146602514,0.1293194420435042,0.02891670632216197,20
100,0.1,low,0.215,0.4272649646856526,0.1290910772603245,0.02886564240427629,20
100,0.1,low,0.22,0.42509129493146436,0.12886579543557003,0.028815267856851668,20
100,0.1,low,0.225,0.4231156395872146,0.12864672445204517,0.02876628209574574,20
100,0.1,low,0.23,0.42112843877383216,0.12842993710677778,0.028717806971677775,20
100,0.1,low,0.23500000000000001,0.419185418930771,0.12813926910814424,0.028652811631294937,20
100,0.1,low,0.24,0.4172262638137322,0.1278504882793199,0.028588238274909944,20
100,0.1,low,0.245,0.4153428527000396,0.12767586187340688,0.02854919062348114,20
100,0.1,low,0.25,0.4134921961435397,0.1275067027280563,0.028511365488679177,20
100,0.1,low,0.255,0.4117163350126714,0.12716543681062337,0.028435056109700787,20
100,0.1,low,0.26,0.40993357971772665,0.12682571963960954,0.028359093040949704,20
100,0.1,low,0.265,0.4083031306013812,0.1266949782274783,0.028329858372449727,20
100,0.1,low,0.27,0.4066805916999199,0.1265674030994538,0.028301331706599625,20
100,0.1,low,0.275,0.4050230022892068,0.12634660196179978,0.028251959071269258,20
100,0.1,low,0.28,0.403345105230866,0.12612728829952324,0.028202919045544783,20
100,0.1,low,0.28500000000000003,0.4016710316812576,0.12594822202769887,0.028162878609917105,20
100,0.1,low,0.29,0.39998504157323944,0.12577010865961286,0.02812305125004293,20
100,0.1,low,0.295,0.39834681750995704,0.12543465348736055,0.028048041193186924,20
100,0.1,low,0.3,0.396754239879202,0.12510943628286242,0.027975320415515897,20
100,0.1,low,0.305,0.39512859216959095,0.1247345739092319,0.027891498640551418,20
100,0.1,low,0.31,0.39348115865597433,0.12435884018189743,0.027807482024975495,20
100,0.1,low,0.315,0.3920862865785585,0.12405087827417648,0.027738619648961037,20
100,0.1,low,0.32,0.39067656472377316,0.12374254709227345,0.027669674700729237,20
100,0.1,low,0.325,0.3891170316305041,0.12342881177453391,0.027599521350988424,20
100,0.1,low,0.33,0.3875866133034114,0.12312598808361157,0.027531807915178452,20
100,0.1,low,0.335,0.38621060860991585,0.12300055852641716,0.027503761013551013,20
100,0.1,low,0.34,0.38480741002658997,0.12287310848625248,0.02747526231819668,20
100,0.1,low,0.34500000000000003,0.38348023779335066,0.1226817065146524,0.027432463536244157,20
100,0.1,low,0.35000000000000003,0.38217842333914004,0.12249881836773086,0.0273915685033646,20
100,0.1,low,0.355,0.38086174270631956,0.12213470750876843,0.02731015084016602,20
100,0.1,low,0.36,0.37952431285387095,0.12176806300611388,0.027228166637014804,20
100,0.1,low,0.365,0.3779647381906939,0.12137331744708539,0.027139898846634414,20
100,0.1,low,0.37,0.37643245235010403,0.1209887176912634,0.02705389972681964,20
100,0.1,low,0.375,0.37516196376769695,0.12074351173405236,0.026999070007938455,20
100,0.1,low,0.38,0.3739084686675044,0.12050635605492814,0.026946040385961267,20
100,0.1,low,0.385,0.3727183912098696,0.12028080654438893,0.02689560598217552,20
100,0.1,low,0.39,0.37149468823995935,0.1200488336032909,0.026843735255651945,20
100,0.1,low,0.395,0.3701253217529476,0.11978706523199416,0.026785202068394055,20
100,0.1,low,0.4,0.368728963163934,0.11951933999801456,0.026725336886147012,20
100,0.1,low,0.405,0.36735536794352897,0.11908819055078447,0.026628928938900218,20
100,0.1,low,0.41000000000000003,0.366030044205198,0.11867786600402898,0.02653717758096201,20
100,0.1,low,0.41500000000000004,0.3648965256997319,0.1185565390205426,0.026510048042703956,20
100,0.1,low,0.42,0.363784358005653,0.11844545140684197,0.02648520809713467,20
100,0.1,low,0.425,0.36252546566632365,0.11811900037772355,0.026412211427891318,20
100,0.1,low,0.43,0.36121591095349126,0.11777815223930539,0.02633599546714059,20
100,0.1,low,0.435,0.35986774558371815,0.11750691120481334,0.026275344127999433,20
100,0.1,low,0.44,0.35852203965267926,0.11723936429410917,0.026215518820048973,20
100,0.1,low,0.445,0.3571878538799956,0.11690624429376205,0.026141030923504883,20
100,0.1,low,0.45,0.35583909712119627,0.11657018337411804,0.02606588541741437,20
100,0.1,low,0.455,0.3546028304765391,0.11622578180368669,0.025988874885110154,20
100,0.1,low,0.46,0.3534191521738851,0.11590592470529723,0.02591735266360169,20
100,0.1,low,0.465,0.35235210290432784,0.11574373550580498,0.025881086056073595,20
100,0.1,low,0.47000000000000003,0.3512976537519531,0.11558890377009515,0.025846464627461447,20
100,0.1,low,0.47500000000000003,0.3502773507064165,0.11545269030998437,0.02581600637183563,20
100,0.1,low,0.48,0.34919161971438994,0.11529070141523766,0.02577978455381026,20
100,0.1,low,0.485,0.3480902419207516,0.11509505717806538,0.02573603717243793,20
100,0.1,low,0.49,0.34699524821150435,0.11490419600726375,0.025693359317220166,20
100,0.1,low,0.495,0.34596889249786966,0.1145982818176326,0.025624954824890463,20
100,0.1,low,0.5,0.3449701414625774,0.11430656698415777,0.025559725405120987,20
100,0.1,low,0.505,0.3438524821946441,0.11408913281259192,0.025511105646295728,20
100,0.1,low,0.51,0.34273522399319706,0.1138743762175316,0.025463084611778604,20
100,0.1,low,0.515,0.34173104524401604,0.11374564098104605,0.02543429853779048,20
100,0.1,low,0.52,0.340692905680558,0.1136033481210298,0.025402480887019564,20
100,0.1,low,0.525,0.339634845045157,0.11334100727706256,0.025343819690981022,20
100,0.1,low,0.53,0.3386363706463991,0.11311074902399414,0.025292332380356886,20
100,0.1,low,0.535,0.33758531528392216,0.1128537394671581,0.02523486329636164,20
100,0.1,low,0.54,0.3365449385208388,0.1126055035645582,0.025179356061094702,20
100,0.1,low,0.545,0.3354909939456934,0.11228540010091145,0.025107778750639975,20
100,0.1,low,0.55,0.334382456103874,0.11194033229929971,0.025030619244514947,20
100,0.1,low,0.555,0.3334840144947778,0.11182199540555185,0.025004158310648308,20
100,0.1,low,0.56,0.33257768589685593,0.11170188131117356,0.024977299982639742,20
100,0.1,low,0.5650000000000001,0.33156513424630657,0.11159277824826556,0.02495290379611817,20
100,0.1,low,0.5700000000000001,0.33060141744591703,0.11151155869061653,0.0249347425509176,20
100,0.1,low,0.5750000000000001,0.32971351259903503,0.11139797146860955,0.0249093436759393,20
100,0.1,low,0.58,0.32878224771256126,0.11126240779332179,0.024879030716616988,20
100,0.1,low,0.585,0.32760633006860873,0.1109505170399179,0.024809289824000515,20
100,0.1,low,0.59,0.32642895296958174,0.11064149185864618,0.02474018969279224,20
100,0.1,low,0.595,0.3253235555357018,0.1102835304266589,0.024660147083267567,20
100,0.1,low,0.6,0.3242377500834102,0.10994094723349704,0.02458354315248168,20
100,0.1,low,0.605,0.3232682797822365,0.10974591570490518,0.024539932776912972,20
100,0.1,low,0.61,0.32227202697486673,0.1095381984652788,0.024493485790122654,20
100,0.1,low,0.615,0.321412960880075,0.10956915215067495,0.024500407244592647,20
100,0.1,low,0.62,0.3205957972165053,0.10962506687825943,0.024512910157774875,20
100,0.1,low,0.625,0.3196814164875378,0.1094135136454987,0.024465605416843592,20
100,0.1,low,0.63,0.31875827361357423,0.10919930075520452,0.024417705958408142,20
100,0.1,low,0.635,0.31783613934204735,0.10900087514394845,0.02437333664288359,20
100,0.1,low,0.64,0.31692227831361597,0.10880927974417338,0.02433049460907626,20
100,0.1,low,0.645,0.31601171895876784,0.10866726816966377,0.024298739855656733,20
100,0.1,low,0.65,0.3150854080216743,0.10851808170877002,0.02426538074886863,20
100,0.1,low,0.655,0.31418490762498885,0.10839889641035724,0.02423873010595167,20
100,0.1,low,0.66,0.3132813141931195,0.10828019014848765,0.024212186578862142,20
100,0.1,low,0.665,0.31228992005363976,0.10797779804312765,0.02414456964851772,20
100,0.1,low,0.67,0.3112913944057745,0.10767450963575814,0.02407675229895113,20
100,0.1,low,0.675,0.31056364526068464,0.10759789147010727,0.024059619956280462,20
100,0.1,low,0.68,0.30986532229698055,0.1075418815822893,0.02404709576462315,20
100,0.1,low,0.685,0.3090161034356922,0.10737330411533552,0.024009400697064812,20
100,0.1,low,0.6900000000000001,0.3081350610797661,0.10718559003756639,0.023967426553242268,20
100,0.1,low,0.6950000000000001,0.30716457746232334,0.10688119398156323,0.02389936152591168,20
100,0.1,low,0.7000000000000001,0.3062050807025164,0.10658772348769624,0.023833739528543976,20
100,0.1,low,0.705,0.30527477129166064,0.10650165773604277,0.023814494641420797,20
100,0.1,low,0.71,0.3043444543124011,0.10641831720726,0.02379585913265689,20
100,0.1,low,0.715,0.3035727487427017,0.10639509824350628,0.02379066721452485,20
100,0.1,low,0.72,0.3028328853012532,0.1063960964196929,0.02379089041350553,20
100,0.1,low,0.725,0.301992585705698,0.1062226272451891,0.023752101526886404,20
100,0.1,low,0.73,0.30112193847363883,0.10602970362263342,0.023708962493436403,20
100,0.1,low,0.735,0.30019684984548156,0.10585423947501017,0.02366972751726644,20
100,0.1,low,0.74,0.2992815212893891,0.10568799294816261,0.023632553663760998,20
100,0.1,low,0.745,0.29846585271863246,0.10551580707603495,0.023594051732276744,20
100,0.1,low,0.75,0.2976420242043154,0.10533966499632322,0.023554665165883382,20
100,0.1,low,0.755,0.29703598053485,0.10524507081190922,0.0235335132632208,20
100,0.1,low,0.76,0.29643717717789037,0.10515809623602737,0.023514065156822195,20
100,0.1,low,0.765,0.2956005799387772,0.10509857746685727,0.023500756355442052,20
100,0.1,low,0.77,0.2947594922104807,0.10503757013282805,0.023487114700840514,20
100,0.1,low,0.775,0.29396665258382,0.10504895121515781,0.0234896595882152,20
100,0.1,low,0.78,0.2931658561049903,0.10505622005530958,0.023491284950284894,20
100,0.1,low,0.785,0.292388164750396,0.10490673646219932,0.023457859402713346,20
100,0.1,low,0.79,0.29162286876432975,0.10476884219027764,0.023427025306140874,20
100,0.1,low,0.795,0.2908578956165674,0.10461484835519531,0.023392591237804877,20
100,0.1,low,0.8,0.2900989554326299,0.1044677404585287,0.02335969691210752,20
100,0.1,low,0.805,0.2892793621215076,0.10429264572440533,0.02332054453930731,20
100,0.1,low,0.81,0.28844996939786866,0.10411166320177767,0.023280075616973827,20
100,0.1,low,0.8150000000000001,0.28763958264209777,0.1040255823048153,0.023260827343256626,20
100,0.1,low,0.8200000000000001,0.28682638316739767,0.10393898273185752,0.023241463090061018,20
100,0.1,low,0.8250000000000001,0.28607738043110126,0.10387572213073898,0.023227317589621165,20
100,0.1,low,0.8300000000000001,0.2853240352088059,0.10380972918510306,0.02321256111837343,20
100,0.1,low,0.835,0.28449426686224194,0.10367544894455609,0.023182535143783625,20
100,0.1,low,0.84,0.28367157570170703,0.10354975860689411,0.023154429929870914,20
100,0.1,low,0.845,0.2829089804094424,0.10347777727469197,0.023138334414679416,20
100,0.1,low,0.85,0.282135447688888,0.10339912068643822,0.023120746266858058,20
100,0.1,low,0.855,0.28155794656923655,0.1034376806045483,0.023129368526668154,20
100,0.1,low,0.86,0.2810104153719171,0.10350327978268933,0.0231440369488273,20
100,0.1,low,0.865,0.28035176658973116,0.10333793991999139,0.02310706583158899,20
100,0.1,low,0.87,0.2796739745264883,0.10315772475160125,0.0230667684948793,20
100,0.1,low,0.875,0.27887384544517174,0.10306424726952165,0.02304586629444975,20
100,0.1,low,0.88,0.2780541002942508,0.10295516643074536,0.0230214750773951,20
100,0.1,low,0.885,0.27726204337550386,0.10273802700343604,0.0229729212253892,20
100,0.1,low,0.89,0.2764925306688763,0.10254437845081774,0.022929620092649303,20
100,0.1,low,0.895,0.2757932131739402,0.10249112390553582,0.022917712014313182,20
100,0.1,low,0.9,0.2750902452526015,0.1024358774556506,0.022905358532567293,20
100,0.1,low,0.905,0.2744692547093056,0.10236856555684622,0.022890307134425174,20
100,0.1,low,0.91,0.2738451227574977,0.10229986826417596,0.022874945952797085,20
100,0.1,low,0.915,0.27316101750785615,0.10225048649757484,0.022863903854100174,20
100,0.1,low,0.92,0.2724883779126847,0.10221291140057912,0.022855501806985812,20
100,0.1,low,0.925,0.27180703575417847,0.10214395778522574,0.02284008330986336,20
100,0.1,low,0.93,0.2711103729776489,0.10206247565353281,0.022821863351321664,20
100,0.1,low,0.935,0.2704043709771155,0.10194690333822236,0.02279602059598654,20
100,0.1,low,0.9400000000000001,0.26970585642265177,0.1018400617944916,0.02277213010052624,20
100,0.1,low,0.9450000000000001,0.2690759072403113,0.10175861743278515,0.02275391858761027,20
100,0.1,low,0.9500000000000001,0.26844780891248954,0.10167986675127318,0.02273630939989675,20
100,0.1,low,0.9550000000000001,0.2677401115856289,0.1016630251215548,0.022732543497006534,20
100,0.1,low,0.96,0.2670285674246649,0.10164431493252192,0.022728359771551594,20
100,0.1,low,0.965,0.2662082372134094,0.1014477247283315,0.02268440086552356,20
100,0.1,low,0.97,0.2653894590678293,0.10125531123520136,0.02264137590048084,20
100,0.1,low,0.975,0.2647298936792125,0.10117157704339068,0.022622652365987872,20
100,0.1,low,0.98,0.2640684259948429,0.10108762155527563,0.022603879348136933,20
100,0.1,low,0.985,0.2634281768814332,0.10101148919867609,0.02258685563567255,20
100,0.1,low,0.99,0.26279044318961187,0.10094025241718277,0.02257092660708081,20
100,0.1,low,0.995,0.2617429672399836,0.10032319222271852,0.022432947752977682,20
100,0.1,low,1.0,0.2606868914545824,0.09972551468226877,0.02229930299207063,20
100,0.1,high,0.0,1.0,0.0,0.0,20
100,0.1,high,0.005,0.964349443953398,0.013694443002155492,0.003062170546681598,20
100,0.1,high,0.01,0.928740756698588,0.027329324392198227,0.0061110227120098354,20
100,0.1,high,0.015,0.9173148868112833,0.031782458339677126,0.007106773733957315,20
100,0.1,high,0.02,0.9059040231496788,0.03638430762872953,0.00813577851721034,20
100,0.1,high,0.025,0.8983542282472747,0.038895836459036603,0.008697373436412055,20
100,0.1,high,0.03,0.8907897136229878,0.04168618082787195,0.009321313405347012,20
100,0.1,high,0.035,0.8845065367011598,0.043812870458375036,0.009796855663431895,20
100,0.1,high,0.04,0.8782504972482836,0.04602944118846628,0.010292495946373931,20
100,0.1,high,0.045,0.8728712486287421,0.04834408174196072,0.010810065308483061,20
100,0.1,high,0.05,0.8674804195590722,0.05079217421988355,0.011357475428067197,20
100,0.1,high,0.055,0.8630621782075758,0.052581237386412655,0.011757522113707206,20
100,0.1,high,0.06,0.8586417270263498,0.054407665700196964,0.012165923900272409,20
100,0.1,high,0.065,0.8548362654021313,0.0562311373096364,0.012573664547647162,20
100,0.1,high,0.07,0.8510648931588314,0.05810325866566681,0.012992283609068471,20
100,0.1,high,0.075,0.8468229225821968,0.06006988546998684,0.013432034731151746,20
100,0.1,high,0.08,0.8425585093172483,0.06219575654749863,0.013907393955223455,20
100,0.1,high,0.085,0.8394759685859199,0.0627079203685963,0.0140219172671825,20
100,0.1,high,0.09,0.8363942017384278,0.06328773012954103,0.014151566671131531,20
100,0.1,high,0.095,0.8332178155560364,0.06431680676673239,0.014381675202613207,20
100,0.1,high,0.1,0.8300485246250796,0.06540433198499461,0.01462485323414117,20
100,0.1,high,0.105,0.8274373995488465,0.06625167994510747,0.014814325998081983,20
100,0.1,high,0.11,0.8248069401706838,0.06714837789476999,0.01501483375515499,20
100,0.1,high,0.115,0.8218848767088826,0.06836854074401533,0.015287670462608231,20
100,0.1,high,0.12,0.8189670986325241,0.0696260237375823,0.015568852208024798,20
100,0.1,high,0.125,0.815702033180599,0.06981082404871268,0.015610174813819863,20
100,0.1,high,0.13,0.8124699166571909,0.07002582172011729,0.01565824975464635,20
100,0.1,high,0.135,0.8102052039536396,0.07133626693021447,0.01595127421170298,20
100,0.1,high,0.14,0.807955185739338,0.07271324740297973,0.01625917640578227,20
100,0.1,high,0.145,0.8057682270542827,0.07407950009653837,0.0165646797955062,20
100,0.1,high,0.15,0.8035372016642445,0.07552515557704158,0.016887938188151232,20
100,0.1,high,0.155,0.8019090298096568,0.0754303923865361,0.01686674849457773,20
100,0.1,high,0.16,0.8003076624613861,0.07540030144642568,0.016860019955818352,20
100,0.1,high,0.165,0.7987168650465417,0.0755208085601208,0.016886966165617814,20
100,0.1,high,0.17,0.7970818875850172,0.07570750416260719,0.016928712571443794,20
100,0.1,high,0.17500000000000002,0.7946393220873997,0.07510963939567115,0.01679502594542169,20
100,0.1,high,0.18,0.7923013494675474,0.07450701566526631,0.016660275182817718,20
100,0.1,high,0.185,0.7901585558823838,0.07588221945110653,0.016967780097623095,20
100,0.1,high,0.19,0.7879556962485001,0.07739085489922153,0.017305121239148197,20
100,0.1,high,0.195,0.7868166443531136,0.07911615085402916,0.017690909142773725,20
100,0.1,high,0.2,0.7857201212173284,0.0809681669293038,0.018105032526747368,20
100,0.1,high,0.20500000000000002,0.783453277697859,0.08085754168889825,0.018080295970989962,20
100,0.1,high,0.21,0.7811530078430047,0.08080994445735704,0.018069652906463268,20
100,0.1,high,0.215,0.7789534477839868,0.0817014433903412,0.01826899812806538,20
100,0.1,high,0.22,0.7768186139667681,0.08263777425488769,0.01847836807432109,20
100,0.1,high,0.225,0.7743322738489902,0.08416313513962619,0.01881944913717054,20
100,0.1,high,0.23,0.7716648751702883,0.08583237664396139,0.01919270288462629,20
100,0.1,high,0.23500000000000001,0.7694920926841999,0.08647488112544595,0.019336371254271064,20
100,0.1,high,0.24,0.7673863147456748,0.08717468675843656,0.019492852550911495,20
100,0.1,high,0.245,0.7657425608596831,0.0865489268803784,0.01935292838841849,20
100,0.1,high,0.25,0.7641108105463343,0.08602113687321884,0.019234910955033102,20
100,0.1,high,0.255,0.7612954273656471,0.08694052486982666,0.019440492360844344,20
100,0.1,high,0.26,0.7585477979587493,0.08793231224936725,0.019662262760832258,20
100,0.1,high,0.265,0.7569564391183414,0.08944323037363985,0.02000011432426326,20
100,0.1,high,0.27,0.7553678372582031,0.09101578993124952,0.020351749331211484,20
100,0.1,high,0.275,0.7533011773284668,0.09188385397617907,0.020545854352540072,20
100,0.1,high,0.28,0.7512002893640091,0.09283722710662959,0.020759035065300985,20
100,0.1,high,0.28500000000000003,0.7499412647306108,0.09249203761455714,0.020681848348361724,20
100,0.1,high,0.29,0.7487094489820013,0.0921787390180641,0.020611792652460353,20
100,0.1,high,0.295,0.7474662294566863,0.09236891770864218,0.0206543179004608,20
100,0.1,high,0.3,0.7462125028800364,0.09259973660770757,0.020705930575340988,20
100,0.1,high,0.305,0.7438228843697858,0.0944141565747892,0.021111647213953734,20
100,0.1,high,0.31,0.7414538896474265,0.09627560149957205,0.02152787895277238,20
100,0.1,high,0.315,0.7402037583337735,0.09618582833205779,0.021507805062260642,20
100,0.1,high,0.32,0.7388635662907316,0.09617275518189712,0.02150488181701671,20
100,0.1,high,0.325,0.7381960204639867,0.09691307919867191,0.021670423299705123,20
100,0.1,high,0.33,0.7376568543841672,0.09767737792503536,0.02184132569043164,20
100,0.1,high,0.335,0.7357756037642789,0.09885644396171747,0.022104972871229887,20
100,0.1,high,0.34,0.7337846858210341,0.10006490018642376,0.02237519189785749,20
100,0.1,high,0.34500000000000003,0.7308699358421589,0.101860747036121,0.022776755461167676,20
100,0.1,high,0.35000000000000003,0.7279510497791591,0.10372225699395289,0.023193001741818164,20
100,0.1,high,0.355,0.7261569420698769,0.10256369244654782,0.022933938833386264,20
100,0.1,high,0.36,0.7242903084518144,0.10144501803346713,0.022683795630152454,20
100,0.1,high,0.365,0.7224395126792235,0.10100648357635672,0.02258573634449497,20
100,0.1,high,0.37,0.7207538515782171,0.10065131183359494,0.022506317528444727,20
100,0.1,high,0.375,0.7189991210074157,0.1017939283976825,0.02276181435939643,20
100,0.1,high,0.38,0.7172893616855143,0.10305639022750344,0.02304410940644427,20
100,0.1,high,0.385,0.716132395771065,0.10296075582036837,0.023022724902910078,20
100,0.1,high,0.39,0.7148663728529401,0.10291276813344699,0.02301199452990616,20
100,0.1,high,0.395,0.7125091973402818,0.10247230276849326,0.02291350348012908,20
100,0.1,high,0.4,0.710148625028226,0.1020941151201726,0.0228289381511395,20
100,0.1,high,0.405,0.7078878957844058,0.10469954920727595,0.023411530924105323,20
100,0.1,high,0.41000000000000003,0.7055110537973486,0.1073991329849767,0.02401517620789478,20
100,0.1,high,0.41500000000000004,0.7029271788327385,0.10879236971137511,0.024326713410792393,20
100,0.1,high,0.42,0.7006436503230372,0.11026479767367472,0.024655958312359734,20
100,0.1,high,0.425,0.6992603603579219,0.11028215234433132,0.024659838934691262,20
100,0.1,high,0.43,0.6977312367316479,0.11034143643458047,0.024673095260269395,20
100,0.1,high,0.435,0.6953010392183251,0.11011307947027776,0.02462203309073776,20
100,0.1,high,0.44,0.6929136455155506,0.11004227384294912,0.024606200471148126,20
100,0.1,high,0.445,0.6907760742292559,0.11142740669274849,0.024915925592150064,20
100,0.1,high,0.45,0.6886758495014766,0.11295166960484661,0.02525676114085338,20
100,0.1,high,0.455,0.685938715404116,0.1140210815574554,0.025495888923051786,20
100,0.1,high,0.46,0.6833231146733543,0.11521558563264082,0.025762988154203297,20
100,0.1,high,0.465,0.6829453287788834,0.11525474059915779,0.025771743470882163,20
100,0.1,high,0.47000000000000003,0.6824862378530147,0.11534786042507478,0.025792565696962498,20
100,0.1,high,0.47500000000000003,0.6814216281650084,0.11507447931899775,0.025731435823267267,20
100,0.1,high,0.48,0.6801595328637332,0.11478628843878863,0.025666994383402957,20
100,0.1,high,0.485,0.6781170355714281,0.11580622847239228,0.025895059908214075,20
100,0.1,high,0.49,0.6760677479558096,0.11691984529696335,0.026144072200276914,20
100,0.1,high,0.495,0.6744538363489763,0.11619359138923743,0.02598167688961691,20
100,0.1,high,0.5,0.6729784747686152,0.11562591717153618,0.025854741075631512,20
100,0.1,high,0.505,0.6703792905113264,0.11773386233892624,0.026326091944344144,20
100,0.1,high,0.51,0.6676193934532909,0.11988862407774038,0.02680791131667455,20
100,0.1,high,0.515,0.6651462655996745,0.12236826359652976,0.027362375569045343,20
100,0.1,high,0.52,0.6627424887161733,0.12499022923202403,0.027948664908608707,20
100,0.1,high,0.525,0.6610153665833695,0.12595323324635618,0.028163999152473893,20
100,0.1,high,0.53,0.6592678500698633,0.1269233906084892,0.028380932933534022,20
100,0.1,high,0.535,0.6573131655130044,0.12714324674667282,0.02843009426055894,20
100,0.1,high,0.54,0.6555861273998784,0.12759261566925312,0.028530576206345477,20
100,0.1,high,0.545,0.6545285891355411,0.12910489758725868,0.0288687327233259,20
100,0.1,high,0.55,0.6532876407321572,0.13059411610484362,0.029201732107193037,20
100,0.1,high,0.555,0.6514806026953972,0.13127578643221113,0.029354158226216866,20
100,0.1,high,0.56,0.6495896356043716,0.13195278258636733,0.029505539168336786,20
100,0.1,high,0.5650000000000001,0.6485499038037359,0.13028690906832302,0.029133038525510406,20
100,0.1,high,0.5700000000000001,0.6475883664466701,0.12872860315309387,0.028784590729891164,20
100,0.1,high,0.5750000000000001,0.6442958513874302,0.13006046967626333,0.029082405138167487,20
100,0.1,high,0.58,0.6410429948547697,0.1315176923578463,0.02940825003560489,20
100,0.1,high,0.585,0.6393512299189257,0.13323600849552777,0.029792477204673956,20
100,0.1,high,0.59,0.6375460948265166,0.13494393532196075,0.030174381253123918,20
100,0.1,high,0.595,0.635876805828931,0.1360482152989197,0.03042130576259113,20
100,0.1,high,0.6,0.634262487510241,0.13727186513521053,0.03069492218405141,20
100,0.1,high,0.605,0.6325964988559275,0.13710128099638805,0.030656778411022375,20
100,0.1,high,0.61,0.6309528384619473,0.13700244483598342,0.030634677973692393,20
100,0.1,high,0.615,0.6299133593409805,0.1379041027093474,0.030836294803421368,20
100,0.1,high,0.62,0.6289762972108152,0.13895202743259946,0.031070617895070797,20
100,0.1,high,0.625,0.627095931454078,0.13970488714641843,0.031238962444832822,20
100,0.1,high,0.63,0.6252274713795198,0.14053773437157913,0.03142519274586596,20
100,0.1,high,0.635,0.6237273090792199,0.14162686950738998,0.03166873076590161,20
100,0.1,high,0.64,0.621920467349679,0.14254916983522645,0.03187496338877288,20
100,0.1,high,0.645,0.6196955978897033,0.14324310346588248,0.0320301316657749,20
100,0.1,high,0.65,0.6177771712380007,0.14420605373693254,0.03224545389227687,20
100,0.1,high,0.655,0.6156930392731392,0.14632266826023282,0.03271874328790315,20
100,0.1,high,0.66,0.6134812738326444,0.14842152996143507,0.03318806303182905,20
100,0.1,high,0.665,0.6125060377870506,0.14805623922612077,0.03310638154025769,20
100,0.1,high,0.67,0.6115387106154678,0.14773009838844348,0.033033454231929174,20
100,0.1,high,0.675,0.6089879381946764,0.1485553861970389,0.03321799419603129,20
100,0.1,high,0.68,0.6064992024091094,0.14947844500214186,0.033424396419575286,20
100,0.1,high,0.685,0.6040020470026909,0.15158626640638612,0.03389571961400721,20
100,0.1,high,0.6900000000000001,0.6014111833879074,0.15364509871563967,0.03435608851378359,20
100,0.1,high,0.6950000000000001,0.5994951019898189,0.15265301929270952,0.03413425281090853,20
100,0.1,high,0.7000000000000001,0.5975468014619068,0.1516634607623406,0.03391298079674657,20
100,0.1,high,0.705,0.5958706534910287,0.1529442195093056,0.03419936715884568,20
100,0.1,high,0.71,0.5942723669047475,0.15434789877814994,0.034513239385219996,20
100,0.1,high,0.715,0.592422619620266,0.1546280818478222,0.034575890224213174,20
100,0.1,high,0.72,0.5904795790470183,0.15487364108081195,0.03463079893795995,20
100,0.1,high,0.725,0.5885528719952264,0.15638547069335598,0.03496885431636451,20
100,0.1,high,0.73,0.5867574238049358,0.15803475588484547,0.03533764569660994,20
100,0.1,high,0.735,0.5852198017744543,0.1586289420240637,0.03547050975646795,20
100,0.1,high,0.74,0.5836538420310748,0.15931049950010648,0.03562291064116843,20
100,0.1,high,0.745,0.580699500147432,0.16136687187732215,0.036082729483419146,20
100,0.1,high,0.75,0.5778077600389508,0.16357465564285245,0.036576404941353766,20
100,0.1,high,0.755,0.5768876633513267,0.16380483469743773,0.036627874542658694,20
100,0.1,high,0.76,0.5759178865734748,0.16403087308901335,0.03667841826356747,20
100,0.1,high,0.765,0.573852770000985,0.16508950119239899,0.036915134703773674,20
100,0.1,high,0.77,0.571737905171346,0.16614840452570145,0.037151912687260216,20
100,0.1,high,0.775,0.5703924616173219,0.16686189646637914,0.037311454335335566,20
100,0.1,high,0.78,0.5690613823931795,0.1676087901596481,0.0374784648423471,20
100,0.1,high,0.785,0.5671257824675024,0.16841518285198423,0.03765877973000936,20
100,0.1,high,0.79,0.565229237555436,0.16929668279054322,0.03785588910848734,20
100,0.1,high,0.795,0.5624523059995393,0.1702407355504672,0.03806698572304097,20
100,0.1,high,0.8,0.5596268415210421,0.17116302655056714,0.03827321626016695,20
100,0.1,high,0.805,0.5583787000368623,0.17210018112646558,0.03848277039388034,20
100,0.1,high,0.81,0.5571465603806397,0.17308547676087635,0.03870308919552796,20
100,0.1,high,0.8150000000000001,0.5557846898135347,0.17343279041721635,0.038780750890036984,20
100,0.1,high,0.8200000000000001,0.5544138883036208,0.1738276854250216,0.03886905209817977,20
100,0.1,high,0.8250000000000001,0.5530420875305151,0.17427948861342035,0.03897007836235085,20
100,0.1,high,0.8300000000000001,0.5517244643833372,0.17482537919506613,0.03909214320723453,20
100,0.1,high,0.835,0.5498644960449247,0.1767288828930969,0.03951777957365644,20
100,0.1,high,0.84,0.5479176697363723,0.17859950247898154,0.03993606282906449,20
100,0.1,high,0.845,0.5451079053676114,0.17888334752024648,0.03999953250979896,20
100,0.1,high,0.85,0.5423008047054745,0.17920836352736746,0.040072208298368765,20
100,0.1,high,0.855,0.5407799667964179,0.1792806610012076,0.04008837450497957,20
100,0.1,high,0.86,0.5393579630568269,0.17948596792486338,0.04013428252873413,20
100,0.1,high,0.865,0.5388355938137939,0.18001277986194186,0.04025208125900072,20
100,0.1,high,0.87,0.5382377436189414,0.18051382205509095,0.04036411769934841,20
100,0.1,high,0.875,0.536772437121896,0.18150802392913346,0.04058642799672008,20
100,0.1,high,0.88,0.5353726683069568,0.18259052435972248,0.04082848245156707,20
100,0.1,high,0.885,0.5343424341884756,0.18272299499107364,0.04085810378523942,20
100,0.1,high,0.89,0.533270214599799,0.1828461305099497,0.04088563772430458,20
100,0.1,high,0.895,0.5320256144335735,0.1835035589819837,0.04103264319968576,20
100,0.1,high,0.9,0.530771909393103,0.1841843511417361,0.041184872954461285,20
100,0.1,high,0.905,0.5288365217787467,0.18470770282205926,0.04130189794779542,20
100,0.1,high,0.91,0.5269106854598666,0.185271343880854,0.041427931920032926,20
100,0.1,high,0.915,0.5252710302628779,0.18545123784492495,0.04146815743327338,20
100,0.1,high,0.92,0.5236279600337075,0.18567100860687474,0.04151729966959204,20
100,0.1,high,0.925,0.5223248403258298,0.18667729812408917,0.041742312846145734,20
100,0.1,high,0.93,0.5210317157014279,0.18771817883305889,0.04197506084831818,20
100,0.1,high,0.935,0.5204455584030099,0.18841262570699105,0.04213034389000563,20
100,0.1,high,0.9400000000000001,0.5198539987683048,0.18912205675196964,0.042288977494197716,20
100,0.1,high,0.9450000000000001,0.5176751595599691,0.18881417616283286,0.04222013330157146,20
100,0.1,high,0.9500000000000001,0.5154848758945848,0.18852281253886669,0.04215498241463556,20
100,0.1,high,0.9550000000000001,0.5129515723096164,0.1897310129966039,0.04242514425003024,20
100,0.1,high,0.96,0.5104156911708776,0.19095765842700557,0.042699430506697,20
100,0.1,high,0.965,0.5098629042969297,0.19111237237400225,0.042734025596952184,20
100,0.1,high,0.97,0.5093361476201441,0.19134028144538778,0.04278498761458288,20
100,0.1,high,0.975,0.5076190947111833,0.19160780735450844,0.0428448082264365,20
100,0.1,high,0.98,0.505874102547068,0.19187923106432653,0.042905500413022345,20
100,0.1,high,0.985,0.5045923027219394,0.19209495605676552,0.04295373798777626,20
100,0.1,high,0.99,0.5033232470765717,0.19234098794967086,0.04300875239149319,20
100,0.1,high,0.995,0.5015392743360694,0.19284635154875723,0.0431217551275843,20
100,0.1,high,1.0,0.4997480766953669,0.1933807019057353,0.04324123949978473,20
200,0.2,low,0.0,1.0,0.0,0.0,20
200,0.2,low,0.005,0.7875040274679229,0.05585365704066215,0.012489257393488029,20
200,0.2,low,0.01,0.5752232613528985,0.11158557682963874,0.024951293509959768,20
200,0.2,low,0.015,0.5389278468268289,0.11895040198825911,0.02659811847966735,20
200,0.2,low,0.02,0.502663310052476,0.1268415835875196,0.028362640327541544,20
200,0.2,low,0.025,0.48415717202781333,0.12884830589148105,0.028811357075903828,20
200,0.2,low,0.03,0.465660987932181,0.13101451871318395,0.029295736988209756,20
200,0.2,low,0.035,0.4536221528553229,0.13111587355742885,0.029318400620367807,20
200,0.2,low,0.04,0.44158981394616587,0.13127345739398408,0.029353637437437078,20
200,0.2,low,0.045,0.43277398959417707,0.1315530448769353,0.02941615509919078,20
200,0.2,low,0.05,0.4239630616611761,0.13188802596732935,0.029491059148120585,20
200,0.2,low,0.055,0.41714315492330467,0.13154694224257088,0.02941479050866271,20
200,0.2,low,0.06,0.41033626022146663,0.1312300740884262,0.029343936635405476,20
200,0.2,low,0.065,0.40459025662279,0.1308763929538774,0.029264851129484435,20
200,0.2,low,0.07,0.3988357358421536,0.13054803477667307,0.029191428008964754,20
200,0.2,low,0.075,0.3939715543475704,0.13014266139793532,0.029100783765852116,20
200,0.2,low,0.08,0.38910376443098416,0.12975277442217525,0.029013602387717986,20
200,0.2,low,0.085,0.38466502366204186,0.12894757644201935,0.02883355464582057,20
200,0.2,low,0.09,0.38025265985122625,0.12815333721626346,0.028655957355901873,20
200,0.2,low,0.095,0.37670528249960883,0.12779042834343796,0.02857480846497431,20
200,0.2,low,0.1,0.37313852905147316,0.1274382940925048,0.028496068852745058,20
200,0.2,low,0.105,0.3696445118699061,0.12700979342866608,0.028400253191470343,20
200,0.2,low,0.11,0.366175799815443,0.12659863514336891,0.02830831540392667,20
200,0.2,low,0.115,0.3633017429282916,0.12604509864703728,0.02818454088054421,20
200,0.2,low,0.12,0.3604218265210157,0.12550249930661647,0.028063211979571463,20
200,0.2,low,0.125,0.3576615991499545,0.1250470337286336,0.02796136678019337,20
200,0.2,low,0.13,0.35487356816566945,0.12459137825003697,0.027859479117747145,20
200,0.2,low,0.135,0.3524031873758936,0.12409310167355864,0.027748061088087,20
200,0.2,low,0.14,0.3499397890780499,0.12360056286359927,0.027637926062024403,20
200,0.2,low,0.145,0.34761460616083256,0.12309655846880066,0.02752522725325157,20
200,0.2,low,0.15,0.34529256333291963,0.12259997805362627,0.027414188496789067,20
200,0.2,low,0.155,0.34315774709013275,0.12223518535521932,0.027332618369655715,20
200,0.2,low,0.16,0.3410499205353898,0.12188364383929273,0.027254011297003198,20
200,0.2,low,0.165,0.3388889815346271,0.12137858143378749,0.02714107590984427,20
200,0.2,low,0.17,0.3367596227420845,0.12088361169908912,0.027030397312485212,20
200,0.2,low,0.17500000000000002,0.33498733804401926,0.12042698765715043,0.02692829307269165,20
200,0.2,low,0.18,0.3331392160201634,0.1199630672084426,0.026824557306745357,20
200,0.2,low,0.185,0.33144440635350414,0.12002768571316068,0.02683900644366076,20
200,0.2,low,0.19,0.3298035186651619,0.12011229145429116,0.026857924862506207,20
200,0.2,low,0.195,0.32791172843078475,0.11946365374116293,0.026712885060573736,20
200,0.2,low,0.2,0.3259989976102882,0.11881609270621173,0.026568086011200635,20
200,0.2,low,0.20500000000000002,0.32436085499134476,0.11835990754622591,0.026466079908395147,20
200,0.2,low,0.21,0.32277456765068757,0.1179213170958864,0.026368008102271006,20
200,0.2,low,0.215,0.3216385414053996,0.11767921624270496,0.026313872705758565,20
200,0.2,low,0.22,0.32045284699705057,0.11743028374194164,0.026258209706406986,20
200,0.2,low,0.225,0.31904199666778255,0.11701106913838652,0.026164470471336,20
200,0.2,low,0.23,0.31758693309771746,0.11658290995130684,0.02606873116658588,20
200,0.2,low,0.23500000000000001,0.31595049503677053,0.11617341133234246,0.025977164491716213,20
200,0.2,low,0.24,0.314356689772371,0.11577751160468197,0.025888638621383964,20
200,0.2,low,0.245,0.31276083874770183,0.11541217470857394,0.02580694680794533,20
200,0.2,low,0.25,0.31115891866069856,0.11505083680902757,0.02572614919732206,20
200,0.2,low,0.255,0.30971132943745366,0.11474074590473862,0.025656810763202614,20
200,0.2,low,0.26,0.30828713199880087,0.11444525038232743,0.025590735955686793,20
200,0.2,low,0.265,0.3070661924954956,0.11376527674690474,0.025438689228515513,20
200,0.2,low,0.27,0.3058492245390785,0.11309190767073989,0.025288119325690427,20
200,0.2,low,0.275,0.30473620090103065,0.11323032731021604,0.025319070898019398,20
200,0.2,low,0.28,0.3035719823784223,0.11336062694684246,0.025348206782513417,20
200,0.2,low,0.28500000000000003,0.3026702213600052,0.11322223845688786,0.025317262175429213,20
200,0.2,low,0.29,0.30180063518825356,0.11309634725329376,0.025289112046528648,20
200,0.2,low,0.295,0.3005567626782665,0.11282848615484871,0.025229216484063555,20
200,0.2,low,0.3,0.29935422947765755,0.1125748800323389,0.025172508431119348,20
200,0.2,low,0.305,0.2982126081138285,0.11199319289351284,0.025042439232714105,20
200,0.2,low,0.31,0.29704327396021196,0.11140922207094833,0.024911859387101037,20
200,0.2,low,0.315,0.29582241816028504,0.11082811773586432,0.02478192050757427,20
200,0.2,low,0.32,0.2946373270834712,0.1102603132497886,0.024654955564694808,20
200,0.2,low,0.325,0.2936864993851067,0.10972110290617913,0.024534384466446627,20
200,0.2,low,0.33,0.2926359080511964,0.10915707325216097,0.024408263601675594,20
200,0.2,low,0.335,0.29149558881540416,0.10905929660876094,0.024386400079550175,20
200,0.2,low,0.34,0.2904024350784267,0.10897918577003764,0.02436848675143819,20
200,0.2,low,0.34500000000000003,0.28919708973265285,0.10873055578774457,0.024312891397273006,20
200,0.2,low,0.35000000000000003,0.28797695973301024,0.10848200702956108,0.02425731420537086,20
200,0.2,low,0.355,0.2869852004147163,0.10815302788754719,0.0241837522328986,20
200,0.2,low,0.36,0.2860849560726096,0.10785043321929046,0.024116090008113492,20
200,0.2,low,0.365,0.2852978639777637,0.10776524385372525,0.024097041086877106,20
200,0.2,low,0.37,0.2844481961272206,0.10766802359648218,0.024075301976478555,20
200,0.2,low,0.375,0.28361305456490005,0.10751815753966137,0.024041790907421437,20
200,0.2,low,0.38,0.2828279850826118,0.10738384704787843,0.024011758168449627,20
200,0.2,low,0.385,0.2819338560060908,0.1071436484069805,0.023958048119534545,20
200,0.2,low,0.39,0.28102217193489726,0.10690253799288056,0.023904134191933487,20
200,0.2,low,0.395,0.28017744079012086,0.10669377937511432,0.023857454345912063,20
200,0.2,low,0.4,0.27937394977394825,0.10650426011975064,0.02381507655210823,20
200,0.2,low,0.405,0.27865777791923646,0.10609048419782528,0.023722553443220457,20
200,0.2,low,0.41000000000000003,0.27784063353129856,0.1056455750064023,0.02362306872363683,20
200,0.2,low,0.41500000000000004,0.27698136940502527,0.1054666860886252,0.023583067945579732,20
200,0.2,low,0.42,0.27617392436685884,0.10531210938075171,0.023548503542925408,20
200,0.2,low,0.425,0.27518768014595135,0.10499197659855083,0.02347691967664268,20
200,0.2,low,0.43,0.2741297427210392,0.10465062470586058,0.023400591073012317,20
200,0.2,low,0.435,0.27330484265173705,0.10448548789844303,0.023363665360315023,20
200,0.2,low,0.44,0.27253326803186173,0.10434001243748568,0.023331136058339152,20
200,0.2,low,0.445,0.2718078926879574,0.10430042540028446,0.023322284127718175,20
200,0.2,low,0.45,0.2710941145351213,0.10427309961465843,0.023316173896298337,20
200,0.2,low,0.455,0.27040152260367617,0.1040318189538068,0.023262221900366305,20
200,0.2,low,0.46,0.2698039583765873,0.10382651658504233,0.023216314895116396,20
200,0.2,low,0.465,0.2691091578592631,0.10323917756152022,0.023084981896873018,20
200,0.2,low,0.47000000000000003,0.2683132664805109,0.10262269001942505,0.02294713109173236,20
200,0.2,low,0.47500000000000003,0.26741537968904683,0.10267064439787864,0.02295785401673646,20
200,0.2,low,0.48,0.2664837406024788,0.1027139744830248,0.022967542918322228,20
200,0.2,low,0.485,0.2657531178583476,0.10242683355221507,0.022903336254280916,20
200,0.2,low,0.49,0.2650574791825405,0.10215630132132952,0.02284284340844444,20
200,0.2,low,0.495,0.2643364212882676,0.10179318860056209,0.022761648935731352,20
200,0.2,low,0.5,0.2636525785812375,0.1014464917003158,0.022684125152077437,20
200,0.2,low,0.505,0.26307844322372337,0.1016334633913327,0.02272593329317562,20
200,0.2,low,0.51,0.2623317968013386,0.10175927452655216,0.022754065518243334,20
200,0.2,low,0.515,0.2615636292740025,0.10124113329288457,0.022638205616200703,20
200,0.2,low,0.52,0.26088527299779846,0.10075862352837782,0.02253031315287625,20
200,0.2,low,0.525,0.2600164801904537,0.10074835935370582,0.0225280180136463,20
200,0.2,low,0.53,0.2593177757880679,0.100799654745166,0.02253948801187004,20
200,0.2,low,0.535,0.2589294808904894,0.10069479904274987,0.022516041564026947,20
200,0.2,low,0.54,0.2583931275072197,0.10053876016864399,0.022481150211063616,20
200,0.2,low,0.545,0.25746019373455964,0.09989807822853834,0.02233788937406035,20
200,0.2,low,0.55,0.2566570930070047,0.09931804902185,0.02220819090055131,20
200,0.2,low,0.555,0.2562797223830765,0.09918675312975833,0.022178832246562964,20
200,0.2,low,0.56,0.2557541742701873,0.09899669412780782,0.022136333761753252,20
200,0.2,low,0.5650000000000001,0.2550338633983311,0.09893158014004465,0.022121773831460797,20
200,0.2,low,0.5700000000000001,0.25439093194687457,0.09889987645087042,0.02211468467104769,20
200,0.2,low,0.5750000000000001,0.2536980860302732,0.09867723402163912,0.022064900310404003,20
200,0.2,low,0.58,0.2529606563159914,0.09843888532927729,0.022011603922557077,20
200,0.2,low,0.585,0.25246999553015287,0.09832109947977515,0.02198526620592964,20
200,0.2,low,0.59,0.2520795121664802,0.09824993513078085,0.021969353373737066,20
200,0.2,low,0.595,0.2517420518645509,0.09823022122269419,0.02196494520987867,20
200,0.2,low,0.6,0.2512867071757262,0.09815979500796594,0.021949197429525634,20
200,0.2,low,0.605,0.2507733991326707,0.09771317072557212,0.02184932920394217,20
200,0.2,low,0.61,0.2503052573310155,0.09729048217968672,0.021754813171751142,20
200,0.2,low,0.615,0.2496837940184456,0.0970830095276273,0.02170842087640344,20
200,0.2,low,0.62,0.2490278490226377,0.09686198646429743,0.021658998616983356,20
200,0.2,low,0.625,0.2484001650915227,0.09685025502598169,0.02165637538762857,20
200,0.2,low,0.63,0.24771659205876517,0.09681825742530109,0.0216492205066047,20
200,0.2,low,0.635,0.2467743234899121,0.0963128321476178,0.021536203978760042,20
200,0.2,low,0.64,0.24604008862985807,0.09590862316039264,0.021445820101504864,20
200,0.2,low,0.645,0.2457305552737618,0.09611401957224368,0.021491748135428212,20
200,0.2,low,0.65,0.24522087982534008,0.09622704080062648,0.021517020450384658,20
200,0.2,low,0.655,0.24445059595652152,0.09577978573668007,0.02141701117775814,20
200,0.2,low,0.66,0.24381740061001786,0.09540231622753141,0.02133260642956915,20
200,0.2,low,0.665,0.24319465470901042,0.09483639033416162,0.021206061552788938,20
200,0.2,low,0.67,0.24251792296688207,0.09425260038875097,0.021075522152537027,20
200,0.2,low,0.675,0.24205605248237655,0.09426868631963146,0.02107911907603004,20
200,0.2,low,0.68,0.2415753055160696,0.0942781757601998,0.021081240979447965,20
200,0.2,low,0.685,0.24115259665493488,0.09427428910298644,0.021080371896474534,20
200,0.2,low,0.6900000000000001,0.24073951299386948,0.09427822525792663,0.021081252047476157,20
200,0.2,low,0.6950000000000001,0.24003863011325963,0.09410197233618492,0.021041840696051417,20
200,0.2,low,0.7000000000000001,0.2392910892402922,0.09390541126294412,0.020997888303901743,20
200,0.2,low,0.705,0.2386401570228239,0.09393761352787827,0.021005088949243963,20
200,0.2,low,0.71,0.23805395210359354,0.09400594451551085,0.021020368222575577,20
200,0.2,low,0.715,0.23750519083285088,0.09389529195155279,0.02099562555708609,20
200,0.2,low,0.72,0.23689135186430632,0.09375971187155947,0.0209653089295601,20
200,0.2,low,0.725,0.23648739736442534,0.09343460643744562,0.020892613144506786,20
200,0.2,low,0.73,0.23611987883484722,0.09313044432511958,0.02082460042857269,20
200,0.2,low,0.735,0.23546671239650724,0.09280940456553927,0.02075281375598251,20
200,0.2,low,0.74,0.2348287857516358,0.09250280749816879,0.020684256567548267,20
200,0.2,low,0.745,0.2343327366792681,0.09236853682714874,0.020654232732769732,20
200,0.2,low,0.75,0.23381637398159186,0.09222635067601778,0.02062243894283094,20
200,0.2,low,0.755,0.23314961591187972,0.09184144071193294,0.02053637045833987,20
200,0.2,low,0.76,0.23253509578464385,0.0914893342132847,0.020457637051710182,20
200,0.2,low,0.765,0.23229678814683216,0.09164343380883838,0.020492094768806507,20
200,0.2,low,0.77,0.23203133281495308,0.09178496094109712,0.02052374119764562,20
200,0.2,low,0.775,0.2315412496209328,0.09155402131970654,0.02047210152843288,20
200,0.2,low,0.78,0.23104779612776735,0.09132295565452003,0.020420433674970557,20
200,0.2,low,0.785,0.23068307150966683,0.09133674952000258,0.020423518077059704,20
200,0.2,low,0.79,0.23036436155812368,0.09138196636336345,0.02043362887060799,20
200,0.2,low,0.795,0.2297471012831242,0.09106749622524328,0.020363311210034946,20
200,0.2,low,0.8,0.22904892200517998,0.09070858091096848,0.02028305530594653,20
200,0.2,low,0.805,0.22843208670818643,0.0900646552845478,0.020139069158633453,20
200,0.2,low,0.81,0.2278181288050996,0.08943245520005032,0.019997704922201705,20
200,0.2,low,0.8150000000000001,0.2273847561868924,0.08937578798402826,0.019985033747489608,20
200,0.2,low,0.8200000000000001,0.2269583241752151,0.08932844310684246,0.019974447111112223,20
200,0.2,low,0.8250000000000001,0.2263539846983075,0.08927369225077471,0.019962204447512844,20
200,0.2,low,0.8300000000000001,0.22575345061559968,0.08922597410090152,0.019951534344825148,20
200,0.2,low,0.835,0.22512671513930244,0.08870750139929812,0.01983560032429883,20
200,0.2,low,0.84,0.22452535030859605,0.08820935859600658,0.01972421220723261,20
200,0.2,low,0.845,0.22421160434031945,0.08813512678033428,0.01970761346863896,20
200,0.2,low,0.85,0.2239110110364008,0.08807270967642991,0.01969365657991008,20
200,0.2,low,0.855,0.22348797746386495,0.08796389525683182,0.019669324935994725,20
200,0.2,low,0.86,0.22305166008015812,0.08785065028310142,0.01964400259005759,20
200,0.2,low,0.865,0.22244074813833917,0.0875445767515588,0.01957556246779332,20
200,0.2,low,0.87,0.22184211466348533,0.08725289008933576,0.019510339347307244,20
200,0.2,low,0.875,0.2213679898474648,0.08720710643010543,0.019500101809877473,20
200,0.2,low,0.88,0.2208583681534298,0.08714091602402962,0.019485301185133093,20
200,0.2,low,0.885,0.2206011449052868,0.0872793292282296,0.019516251318490566,20
200,0.2,low,0.89,0.22035056707110595,0.08742650157223086,0.019549160055050044,20
200,0.2,low,0.895,0.21983188308202523,0.08718846251152974,0.019495932902947252,20
200,0.2,low,0.9,0.2193271018862725,0.0869624195795099,0.01944538816676428,20
200,0.2,low,0.905,0.2189865445291454,0.08696205523188019,0.019445306696157533,20
200,0.2,low,0.91,0.21864775710259426,0.08696408460912874,0.01944576047870551,20
200,0.2,low,0.915,0.21800553706017403,0.08634378969234403,0.01930705831870269,20
200,0.2,low,0.92,0.21735661072103363,0.08572668825511513,0.019169070242437025,20
200,0.2,low,0.925,0.2167587690387683,0.08529694547256086,0.0190729768349739,20
200,0.2,low,0.93,0.21613496033562285,0.08485811130901752,0.01897485053292068,20
200,0.2,low,0.935,0.21566745449830496,0.08448468204087324,0.018891349210084823,20
200,0.2,low,0.9400000000000001,0.21523212126017355,0.08413524656896933,0.018813213063192134,20
200,0.2,low,0.9450000000000001,0.21473038437212538,0.08407428133359376,0.01879958082213573,20
200,0.2,low,0.9500000000000001,0.21421294097269347,0.08400739459828821,0.018784624493442106,20
200,0.2,low,0.9550000000000001,0.21383373598689498,0.08394511086964078,0.018770697428327324,20
200,0.2,low,0.96,0.21345527640628545,0.08388646245428268,0.01875758324397599,20
200,0.2,low,0.965,0.21293726356177606,0.08346910526552051,0.018664259339478947,20
200,0.2,low,0.97,0.21243044158866434,0.08306719536316716,0.01857438955322971,20
200,0.2,low,0.975,0.21220493864042114,0.083107985141058,0.018583510424844813,20
200,0.2,low,0.98,0.2119771674110053,0.08315072189198988,0.01859306665286693,20
200,0.2,low,0.985,0.2113792295774858,0.0830043027509235,0.018560326337603773,20
200,0.2,low,0.99,0.21077766258557412,0.08285806007637739,0.018527625481454126,20
200,0.2,low,0.995,0.2112069208978986,0.0834715027649108,0.01866479543664022,20
200,0.2,low,1.0,0.21165063350275157,0.08420373321601089,0.01882852714302573,20
200,0.2,high,0.0,1.0,0.0,0.0,20
200,0.2,high,0.005,0.9309958495437234,0.025514881518752426,0.005705300951378349,20
200,0.2,high,0.01,0.8620654789533304,0.05098180023941565,0.011399877095064844,20
200,0.2,high,0.015,0.8435031358431218,0.05838822690429011,0.013056004444367478,20
200,0.2,high,0.02,0.8249412704598212,0.06624740203155942,0.014813369427532452,20
200,0.2,high,0.025,0.8133267681497163,0.07150622880901485,0.015989278843161103,20
200,0.2,high,0.03,0.8017040921212107,0.07712724701780137,0.01724617672492218,20
200,0.2,high,0.035,0.7925611824271256,0.08119989372634785,0.018156848213787248,20
200,0.2,high,0.04,0.7834629992067381,0.08547695028299869,0.019113227134215496,20
200,0.2,high,0.045,0.7769203149219569,0.08927239697040733,0.019961914814017705,20
200,0.2,high,0.05,0.7703714827679206,0.09326276253060437,0.020854187678785167,20
200,0.2,high,0.055,0.7652491461582807,0.09481806407789467,0.021201963677310337,20
200,0.2,high,0.06,0.7601043797299483,0.0965807302106616,0.021596107806760693,20
200,0.2,high,0.065,0.7565338510244655,0.09669092540489167,0.021620748201269916,20
200,0.2,high,0.07,0.753041540287543,0.09687690698658279,0.02166233494719234,20
200,0.2,high,0.075,0.7481630705523749,0.09732575614555422,0.021762700670302716,20
200,0.2,high,0.08,0.7432212522716626,0.09788574788062437,0.021887918628948205,20
200,0.2,high,0.085,0.7390332026645756,0.09890482845283399,0.022115791972349214,20
200,0.2,high,0.09,0.7348911191967951,0.10004238209666419,0.022370156699914906,20
200,0.2,high,0.095,0.7308889627979285,0.10034162300014182,0.02243706900009735,20
200,0.2,high,0.1,0.7268053948853328,0.10073744469243259,0.022525577421190466,20
200,0.2,high,0.105,0.72286841119016,0.10286980108315452,0.0230023868053815,20
200,0.2,high,0.11,0.7189949177488468,0.10515482108156902,0.023513332810021628,20
200,0.2,high,0.115,0.7159969562251066,0.10588331059230037,0.023676228016710713,20
200,0.2,high,0.12,0.7129378330174132,0.10670247864618831,0.02385939956205968,20
200,0.2,high,0.125,0.7098179087376465,0.10639281601631592,0.023790156893011078,20
200,0.2,high,0.13,0.7068020423788957,0.10622241480229459,0.02375205402321106,20
200,0.2,high,0.135,0.7041486044926704,0.10836182426699076,0.024230440522687764,20
200,0.2,high,0.14,0.7014737495233615,0.11062998624178466,0.0247376169586497,20
200,0.2,high,0.145,0.6981569180908627,0.11145095457095018,0.02492119105778855,20
200,0.2,high,0.15,0.6947195222053839,0.11248891766357087,0.025153286661112127,20
200,0.2,high,0.155,0.6906081977824586,0.1140401915177151,0.02550016204007059,20
200,0.2,high,0.16,0.686685881021878,0.11571651392245713,0.025874999124991496,20
200,0.2,high,0.165,0.682691449323048,0.11692251332522795,0.026144668789533466,20
200,0.2,high,0.17,0.6785780389225786,0.11822925707623351,0.026436865575175616,20
200,0.2,high,0.17500000000000002,0.6785195030734699,0.11843553942251771,0.026482991710060577,20
200,0.2,high,0.18,0.6784634034320497,0.1187571748236996,0.02655491157216189,20
200,0.2,high,0.185,0.673263066779984,0.12012133367415936,0.02685994676433549,20
200,0.2,high,0.19,0.6680768413060345,0.12172561979270057,0.02721867604597723,20
200,0.2,high,0.195,0.6666173475819771,0.12144567533574575,0.02715607856240971,20
200,0.2,high,0.2,0.6651697989891876,0.12122687935138175,0.02710715429298552,20
200,0.2,high,0.20500000000000002,0.662055080299802,0.12252791461224936,0.027398074621427935,20
200,0.2,high,0.21,0.6589504287671861,0.12398600402114891,0.027724113324985124,20
200,0.2,high,0.215,0.6563447936375937,0.12431234837513572,0.027797086140943898,20
200,0.2,high,0.22,0.6536602858174028,0.12467110346021293,0.027877306216694535,20
200,0.2,high,0.225,0.6501585863084729,0.12718585332515123,0.02843962138113558,20
200,0.2,high,0.23,0.6467967728342522,0.1298662642386942,0.02903897948216702,20
200,0.2,high,0.23500000000000001,0.6453543405029359,0.12896233675146407,0.028836855151349306,20
200,0.2,high,0.24,0.64392750529832,0.12825981982147372,0.028679767590269016,20
200,0.2,high,0.245,0.6420137902187804,0.12890137556356981,0.028823223815337237,20
200,0.2,high,0.25,0.6399390756334319,0.12963012606262483,0.028986177380789627,20
200,0.2,high,0.255,0.6380248579922498,0.1295021862109758,0.02895756916025778,20
200,0.2,high,0.26,0.6361596502232731,0.1295374676091098,0.028965458320714666,20
200,0.2,high,0.265,0.6350275118572243,0.12961919284132378,0.02898373263818541,20
200,0.2,high,0.27,0.6340325805034601,0.12997311805859943,0.02906287272266338,20
200,0.2,high,0.275,0.6327824314284054,0.1322089025626699,0.029562809336077602,20
200,0.2,high,0.28,0.6313471084950548,0.1344841104587412,0.030071561287933573,20
200,0.2,high,0.28500000000000003,0.6287062458766229,0.135513497727962,0.030301739278848633,20
200,0.2,high,0.29,0.6263439644123567,0.13686482819760126,0.030603905957866644,20
200,0.2,high,0.295,0.6247137177731052,0.13685434069107263,0.030601560880115394,20
200,0.2,high,0.3,0.6227124434908231,0.1367595254344887,0.030580359544212815,20
200,0.2,high,0.305,0.6221566641411999,0.13651755638520993,0.030526253619948984,20
200,0.2,high,0.31,0.6219026208808928,0.1365920005205672,0.03054289983466749,20
200,0.2,high,0.315,0.6186844908989061,0.13904168191348673,0.031090665246445937,20
200,0.2,high,0.32,0.6151376438874638,0.14144707616059013,0.031628527751366944,20
200,0.2,high,0.325,0.6135725309173717,0.14082984550658997,0.03149051078135285,20
200,0.2,high,0.33,0.612233369939255,0.14042546294843566,0.03140008809245802,20
200,0.2,high,0.335,0.6115236886275763,0.14206950112913358,0.03176770620542258,20
200,0.2,high,0.34,0.61116605891626,0.1440287085098485,0.03220579829395237,20
200,0.2,high,0.34500000000000003,0.6094680056706296,0.14461623959451195,0.03233717423837253,20
200,0.2,high,0.35000000000000003,0.6072681901057562,0.14504481052180013,0.032433005611032184,20
200,0.2,high,0.355,0.6043589475510475,0.14464738735494712,0.03234413908934052,20
200,0.2,high,0.36,0.6016352610856746,0.14444948972469202,0.03229988783395687,20
200,0.2,high,0.365,0.6001297807218224,0.14425128247212873,0.032255567344920376,20
200,0.2,high,0.37,0.5984957501095804,0.1441084693504771,0.03222363336011118,20
200,0.2,high,0.375,0.5957991835454648,0.14698578547216104,0.03286702080419531,20
200,0.2,high,0.38,0.5932510998752532,0.1500941555375537,0.033562073480739654,20
200,0.2,high,0.385,0.5927428195411057,0.15072561463577788,0.033703272027603655,20
200,0.2,high,0.39,0.5920358158541899,0.15128688038444074,0.0338287748643489,20
200,0.2,high,0.395,0.5892241868807963,0.1517840408929141,0.033939943333616385,20
200,0.2,high,0.4,0.586587840609704,0.15247740555975198,0.03409498438644098,20
200,0.2,high,0.405,0.5847641423717705,0.15248810912463087,0.03409737777630806,20
200,0.2,high,0.41000000000000003,0.5829746711406518,0.15261486527707413,0.034125721313651,20
200,0.2,high,0.41500000000000004,0.5810806661878685,0.15275338676110103,0.034156695659113834,20
200,0.2,high,0.42,0.5789524441034054,0.152875431699838,0.034183985737046396,20
200,0.2,high,0.425,0.5782000716297011,0.15421910185253826,0.034484439517123926,20
200,0.2,high,0.43,0.5773697936726789,0.15565645890577295,0.03480584232502108,20
200,0.2,high,0.435,0.5751482544654247,0.15404158621863326,0.034444745814675874,20
200,0.2,high,0.44,0.573325211816439,0.15288849071290236,0.03418690582113949,20
200,0.2,high,0.445,0.5723676026006878,0.1534574769379526,0.03431413500888683,20
200,0.2,high,0.45,0.571258586130246,0.1539958432355078,0.03443451737269966,20
200,0.2,high,0.455,0.5713645904175937,0.15431097212681505,0.03450498233496337,20
200,0.2,high,0.46,0.5718358960624671,0.15503275551007986,0.034666378005964366,20
200,0.2,high,0.465,0.5710217986837397,0.15483819758316758,0.034622873530950636,20
200,0.2,high,0.47000000000000003,0.5696912168006157,0.15429473369923624,0.03450135131217198,20
200,0.2,high,0.47500000000000003,0.5665831093418581,0.155128954661337,0.03468788879012324,20
200,0.2,high,0.48,0.563473681195893,0.15607563101483218,0.03489957205803392,20
200,0.2,high,0.485,0.5630203630519525,0.15573278898626589,0.034822910249892106,20
200,0.2,high,0.49,0.5627241555004182,0.15560243507937205,0.034793762230197374,20
200,0.2,high,0.495,0.5595631103745634,0.15648262959461817,0.03499057970714866,20
200,0.2,high,0.5,0.5563642688484468,0.15739435366216636,0.03519444740632469,20
200,0.2,high,0.505,0.556189169096196,0.1565910070550201,0.03501481364401741,20
200,0.2,high,0.51,0.5560389284544595,0.15589667682118027,0.03485955668384749,20
200,0.2,high,0.515,0.5550223617423045,0.155943831892981,0.03487010087845052,20
200,0.2,high,0.52,0.5536753300226885,0.15584241363650328,0.03484742306688615,20
200,0.2,high,0.525,0.550575149976084,0.15645140840934135,0.03498359843788695,20
200,0.2,high,0.53,0.5479751794452242,0.15755594672729098,0.035230580714155815,20
200,0.2,high,0.535,0.5475706348683418,0.15850743029521627,0.035443338907891316,20
200,0.2,high,0.54,0.5469027206903521,0.15936272122807257,0.0356345877745319,20
200,0.2,high,0.545,0.5468579223280998,0.16038739276712924,0.03586371129612591,20
200,0.2,high,0.55,0.5468087373651762,0.1615133180210307,0.03611547583665664,20
200,0.2,high,0.555,0.5454619114764359,0.16103638995842479,0.03600883147982023,20
200,0.2,high,0.56,0.5441333273928048,0.16063729260975873,0.03591959059969451,20
200,0.2,high,0.5650000000000001,0.5425970551579005,0.16040062773862082,0.03586667072571945,20
200,0.2,high,0.5700000000000001,0.5413524736202688,0.1604527338795333,0.035878322013031996,20
200,0.2,high,0.5750000000000001,0.5404403149498852,0.1614088411106503,0.03609211408928767,20
200,0.2,high,0.58,0.5390438693749409,0.16205350979126326,0.03623626638856924,20
200,0.2,high,0.585,0.5377836383520626,0.16146809032639475,0.036105362616689486,20
200,0.2,high,0.59,0.5368247147757617,0.1612191046967278,0.03604968773735389,20
200,0.2,high,0.595,0.5350622992450795,0.16089821523353218,0.03597793467205701,20
200,0.2,high,0.6,0.533298738594929,0.16066244840829094,0.03592521560724914,20
200,0.2,high,0.605,0.5310283960152319,0.16218043664019066,0.03626464809480639,20
200,0.2,high,0.61,0.5287421016792597,0.16376355215342495,0.03661864348518902,20
200,0.2,high,0.615,0.5288640807092359,0.16279105170340075,0.0364011857737487,20
200,0.2,high,0.62,0.5288422603306191,0.16173517316237337,0.03616508415437665,20
200,0.2,high,0.625,0.5264338299134167,0.16148374945752372,0.03610886410485678,20
200,0.2,high,0.63,0.524445395573127,0.1617619909132264,0.03617108078576775,20
200,0.2,high,0.635,0.524120641111382,0.16264975449833796,0.036369590758193585,20
200,0.2,high,0.64,0.523393516220237,0.1632162840819224,0.036496270624209536,20
200,0.2,high,0.645,0.5213303959642918,0.16306285936782802,0.03646196381519518,20
200,0.2,high,0.65,0.5193877125582658,0.1631387808419996,0.036478940372915145,20
200,0.2,high,0.655,0.5170905231585882,0.16463465593280166,0.036813428211803355,20
200,0.2,high,0.66,0.5145375077381279,0.16594986298587502,0.037107517449319276,20
200,0.2,high,0.665,0.5147078467765541,0.1656194822260521,0.03703364206557707,20
200,0.2,high,0.67,0.5153871033846429,0.16580208778804853,0.03707447391054643,20
200,0.2,high,0.675,0.5150266490411578,0.16585042511698952,0.037085282465882705,20
200,0.2,high,0.68,0.5143564365932888,0.16572893494621183,0.037058116437837005,20
200,0.2,high,0.685,0.5131177216437502,0.1661257096558166,0.03714683796007991,20
200,0.2,high,0.6900000000000001,0.5119014675161153,0.16659890679685913,0.03725264805749287,20
200,0.2,high,0.6950000000000001,0.5119702594031184,0.16604413209855012,0.037128596663731285,20
200,0.2,high,0.7000000000000001,0.5118067724922333,0.16531619045392096,0.03696582396362691,20
200,0.2,high,0.705,0.5087927994866375,0.16724765092848376,0.03739771165532455,20
200,0.2,high,0.71,0.5061824707271757,0.1696295675969687,0.037930324414071764,20
200,0.2,high,0.715,0.5054037097654108,0.16948019341081696,0.03789692333063987,20
200,0.2,high,0.72,0.5045008861851229,0.16928190912421884,0.03785258561626952,20
200,0.2,high,0.725,0.5035256871184278,0.16894254861506683,0.03777670229953524,20
200,0.2,high,0.73,0.5024421468085016,0.16853613640217452,0.0376858257660439,20
200,0.2,high,0.735,0.5009299070320206,0.16727437137327464,0.03740368652841869,20
200,0.2,high,0.74,0.4994682003416009,0.1661833824743293,0.037159733994344746,20
200,0.2,high,0.745,0.4976654830807362,0.1662630662516828,0.03717755182863139,20
200,0.2,high,0.75,0.4959174680688602,0.16650957953315532,0.0372326738741043,20
200,0.2,high,0.755,0.49443173008670005,0.16677537843192058,0.03729210831470267,20
200,0.2,high,0.76,0.49286905953158255,0.16705898544014805,0.037355524769631866,20
200,0.2,high,0.765,0.4921155914487457,0.16668651974025417,0.03727223890720689,20
200,0.2,high,0.77,0.4914252476270283,0.16647501975187778,0.03722494607208189,20
200,0.2,high,0.775,0.4918724819057811,0.16651440743015777,0.03723375342469288,20
200,0.2,high,0.78,0.492351815111138,0.16672591149680238,0.03728104717174638,20
200,0.2,high,0.785,0.4907451266020388,0.16697216386891228,0.037336110876112216,20
200,0.2,high,0.79,0.48902661619809534,0.16718694566300793,0.03738413754530494,20
200,0.2,high,0.795,0.48855259856320643,0.16862058810194075,0.037704709740193174,20
200,0.2,high,0.8,0.48823888293538015,0.17029510682620225,0.03807914350989767,20
200,0.2,high,0.805,0.4864962089261689,0.17022893929476818,0.03806434800007867,20
200,0.2,high,0.81,0.4845869741442641,0.17010280588108004,0.038036143711354595,20
200,0.2,high,0.8150000000000001,0.4823995851980607,0.16877381228915095,0.03773897171003309,20
200,0.2,high,0.8200000000000001,0.48032197735929916,0.1676255600822048,0.037482214711028514,20
200,0.2,high,0.8250000000000001,0.4794284647642071,0.16924068852853805,0.03784336841086799,20
200,0.2,high,0.8300000000000001,0.4784614557732236,0.1708492251101324,0.038203048124942005,20
200,0.2,high,0.835,0.47877190118686597,0.16900650605427814,0.03779100361770957,20
200,0.2,high,0.84,0.479142565304752,0.16731348336047205,0.03741243223462955,20
200,0.2,high,0.845,0.47767567120459314,0.16874515373210616,0.03773256346186417,20
200,0.2,high,0.85,0.4762079910383784,0.17024799410455924,0.038068608785077784,20
200,0.2,high,0.855,0.47454701512568676,0.17023282585027982,0.03806521706031091,20
200,0.2,high,0.86,0.47285442569510394,0.17024030528926484,0.038066889513711316,20
200,0.2,high,0.865,0.4710615277100059,0.17036999507978048,0.03809588903246938,20
200,0.2,high,0.87,0.46915101995535036,0.17046987074105738,0.038118221909260674,20
200,0.2,high,0.875,0.46850564576005277,0.1705948871084612,0.03814617641884218,20
200,0.2,high,0.88,0.46802463228688707,0.17093592181776304,0.038222434098110755,20
200,0.2,high,0.885,0.46753018707469823,0.17042578967358993,0.038108365082922875,20
200,0.2,high,0.89,0.46697104915934895,0.16990691954186468,0.037992342194319684,20
200,0.2,high,0.895,0.4661930515499906,0.16931636608133774,0.03786029042611108,20
200,0.2,high,0.9,0.4655270164055806,0.16897432777091106,0.037783808334808766,20
200,0.2,high,0.905,0.46321083845552347,0.16883283686263365,0.03775217000589812,20
200,0.2,high,0.91,0.4607722211092655,0.1685803670316838,0.03769571603547094,20
200,0.2,high,0.915,0.4600863300792759,0.16873155145140167,0.037729521899433745,20
200,0.2,high,0.92,0.45936003960491245,0.16895006132217846,0.0377783821919149,20
200,0.2,high,0.925,0.4597350427096316,0.16957186764346924,0.03791742231223943,20
200,0.2,high,0.93,0.4601849459231069,0.17034702119231523,0.038090751915061415,20
200,0.2,high,0.935,0.4585933340729751,0.17009519653656918,0.03803444221019554,20
200,0.2,high,0.9400000000000001,0.4569693447379959,0.16988261512459554,0.03798690756140295,20
200,0.2,high,0.9450000000000001,0.45454919643090513,0.1710185482704553,0.03824090993460671,20
200,0.2,high,0.9500000000000001,0.4521653408528673,0.1722486661998635,0.03851597266565652,20
200,0.2,high,0.9550000000000001,0.45173132756857604,0.17266943597171497,0.03861005964693021,20
200,0.2,high,0.96,0.451314727098286,0.173179637479784,0.038724144172356735,20
200,0.2,high,0.965,0.4501568823647121,0.17331781208555327,0.03875504095348317,20
200,0.2,high,0.97,0.4489592828150613,0.1735089100240347,0.038797771751563626,20
200,0.2,high,0.975,0.44744608212998627,0.17343236461529735,0.0387806556778334,20
200,0.2,high,0.98,0.44595345576061646,0.1734562455586233,0.03878599561909776,20
200,0.2,high,0.985,0.4446308772590709,0.17306086918686192,0.0386975867747022,20
200,0.2,high,0.99,0.443294123095037,0.17275375954228187,0.03862891497051952,20
200,0.2,high,0.995,0.4437672552133516,0.17340064001288452,0.038773561841077976,20
200,0.2,high,1.0,0.44424752365828796,0.17415187386493705,0.038941542837096825,20
400,0.4,low,0.0,1.0,0.0,0.0,20
400,0.4,low,0.005,0.6918366115478178,0.05723868887800609,0.012798959927418278,20
400,0.4,low,0.01,0.38367322309563556,0.11447737775601213,0.025597919854836546,20
400,0.4,low,0.015,0.3521606906518961,0.11266180354475748,0.025191945119380447,20
400,0.4,low,0.02,0.3206481582081567,0.11175295891584168,0.024988721282256317,20
400,0.4,low,0.025,0.3065324346441776,0.11033324067742593,0.024671262633256932,20
400,0.4,low,0.03,0.2924167110801985,0.10919106766412884,0.024415864983277125,20
400,0.4,low,0.035,0.2841271549261485,0.10791899214119931,0.02413142024909872,20
400,0.4,low,0.04,0.27583759877209857,0.10678191718725803,0.023877162559846208,20
400,0.4,low,0.045,0.2693307137365143,0.10551106289287296,0.023592990900671955,20
400,0.4,low,0.05,0.2628238287009298,0.10436732649329904,0.02333724366689314,20
400,0.4,low,0.055,0.25684283891847975,0.10348952402515135,0.023140961067933608,20
400,0.4,low,0.06,0.25086184913602966,0.10267782816500594,0.022959460355899575,20
400,0.4,low,0.065,0.2470495095623967,0.10256615379869767,0.022934489208458628,20
400,0.4,low,0.07,0.24323716998876388,0.10252170796322876,0.022924550817516102,20
400,0.4,low,0.075,0.23916296503506596,0.1014267993249771,0.022679721803087857,20
400,0.4,low,0.08,0.23508876008136817,0.10037362952118695,0.022444225875775367,20
400,0.4,low,0.085,0.23191274004445103,0.10023173410415524,0.02241249709595751,20
400,0.4,low,0.09,0.22873672000753387,0.10015184484466236,0.02239463331446769,20
400,0.4,low,0.095,0.22591351268813012,0.09787062479492943,0.02188453700418386,20
400,0.4,low,0.1,0.22309030536872648,0.09563208956831085,0.021383985310509154,20
400,0.4,low,0.105,0.21986417406083397,0.0945874237218917,0.0211503909258726,20
400,0.4,low,0.11,0.21663804275294143,0.09357548330091608,0.020924114168824476,20
400,0.4,low,0.115,0.21505313156948733,0.09362656332357021,0.02093553600911916,20
400,0.4,low,0.12,0.21346822038603325,0.09372093365658324,0.020956637857086804,20
400,0.4,low,0.125,0.211291001602076,0.09328779621636145,0.020859785381093187,20
400,0.4,low,0.13,0.20911378281811874,0.09287712765495693,0.02076795709914093,20
400,0.4,low,0.135,0.207282278961502,0.09293185893379938,0.020780195385139654,20
400,0.4,low,0.14,0.2054507751048853,0.093028722287714,0.020801854689527825,20
400,0.4,low,0.145,0.2037376927987983,0.09377271693065385,0.020968216949178744,20
400,0.4,low,0.15,0.20202461049271125,0.09453622973985644,0.021138943603485626,20
400,0.4,low,0.155,0.20047158909146673,0.09466507557747658,0.02116775440863928,20
400,0.4,low,0.16,0.19891856769022226,0.09488526705937742,0.021216990720798946,20
400,0.4,low,0.165,0.19720329842918244,0.09348483855936483,0.020903845388433328,20
400,0.4,low,0.17,0.19548802916814265,0.09215980796626314,0.020607559540589102,20
400,0.4,low,0.17500000000000002,0.19436057865348022,0.09250684171168869,0.02068515864511489,20
400,0.4,low,0.18,0.19323312813881785,0.09288884594137145,0.0207705773876412,20
400,0.4,low,0.185,0.19159830552487014,0.0931876661724225,0.020837395622609434,20
400,0.4,low,0.19,0.1899634829109224,0.09351286565296899,0.02091011243708439,20
400,0.4,low,0.195,0.1892077176393165,0.09342779284781025,0.020891089579547238,20
400,0.4,low,0.2,0.18845195236771056,0.09337812725062192,0.020879984014401613,20
400,0.4,low,0.20500000000000002,0.18699806531386762,0.09321793347255374,0.020844163596668318,20
400,0.4,low,0.21,0.18554417826002462,0.09312586861722129,0.020823577269182113,20
400,0.4,low,0.215,0.18427687681202468,0.09397966850186679,0.021014492727306995,20
400,0.4,low,0.22,0.1830095753640247,0.09488086948566396,0.02121600739342301,20
400,0.4,low,0.225,0.1819248346542008,0.0934942612425124,0.020905952364438166,20
400,0.4,low,0.23,0.1808400939443769,0.09213809671739805,0.020602704757755226,20
400,0.4,low,0.23500000000000001,0.18005509952781718,0.09287708768270754,0.020767948161074246,20
400,0.4,low,0.24,0.1792701051112575,0.09365496026320834,0.020941885757857544,20
400,0.4,low,0.245,0.17861153118419074,0.09291965531815627,0.020777466573724725,20
400,0.4,low,0.25,0.17795295725712396,0.09223185913709232,0.020623670672172353,20
400,0.4,low,0.255,0.17635330682969658,0.09101485008381922,0.02035153917493722,20
400,0.4,low,0.26,0.17475365640226911,0.08985966570356574,0.020093232094857943,20
400,0.4,low,0.265,0.17263604960171508,0.08939583348544464,0.019989516057870617,20
400,0.4,low,0.27,0.17051844280116107,0.08899990638714536,0.019900984067277472,20
400,0.4,low,0.275,0.17057667973596835,0.08854398516847464,0.019799036983544245,20
400,0.4,low,0.28,0.17063491667077563,0.08813255982518568,0.019707039480018215,20
400,0.4,low,0.28500000000000003,0.17009978051394378,0.08793811925339369,0.019663561246407134,20
400,0.4,low,0.29,0.1695646443571119,0.08778669639791176,0.019629702066586662,20
400,0.4,low,0.295,0.16762180811415117,0.0869610446576635,0.01944508072489305,20
400,0.4,low,0.3,0.1656789718711904,0.08619983426574183,0.01927486890674144,20
400,0.4,low,0.305,0.1658545011019062,0.08824189238436765,0.019731486983466707,20
400,0.4,low,0.31,0.16603003033262212,0.09036709210868264,0.02020669608839992,20
400,0.4,low,0.315,0.16507330191108244,0.08918303066355977,0.019941931900316782,20
400,0.4,low,0.32,0.16411657348954273,0.08803117330876364,0.019684368765746058,20
400,0.4,low,0.325,0.1631106532451425,0.08699000594313552,0.019451556665196174,20
400,0.4,low,0.33,0.1621047330007423,0.0859970951953731,0.019229535072437482,20
400,0.4,low,0.335,0.16053163058842376,0.08605729237657209,0.01924299557135896,20
400,0.4,low,0.34,0.15895852817610523,0.08616171549998256,0.019266345291595828,20
400,0.4,low,0.34500000000000003,0.15869675063702743,0.08484912617467943,0.01897284139580399,20
400,0.4,low,0.35000000000000003,0.15843497309794957,0.08358759544787409,0.018690754549719843,20
400,0.4,low,0.355,0.15933804660754197,0.0845804791198515,0.018912770088148952,20
400,0.4,low,0.36,0.16024112011713437,0.08571461943025023,0.01916637157115638,20
400,0.4,low,0.365,0.1590652958256154,0.08454825398311035,0.018905564328515208,20
400,0.4,low,0.37,0.15788947153409633,0.08347594804490395,0.01866578943146459,20
400,0.4,low,0.375,0.1577025644965761,0.0843686207614776,0.018865397119056396,20
400,0.4,low,0.38,0.15751565745905585,0.085323599750515,0.019078936912713562,20
400,0.4,low,0.385,0.15693235867399685,0.08504493759383762,0.01901662616020483,20
400,0.4,low,0.39,0.15634905988893785,0.08480073815451161,0.0189620215055648,20
400,0.4,low,0.395,0.15485541626752822,0.08392532181066646,0.018766272460219592,20
400,0.4,low,0.4,0.15336177264611855,0.08315322414639888,0.018593626173962482,20
400,0.4,low,0.405,0.15364019039106405,0.08293625335660121,0.01854511003045054,20
400,0.4,low,0.41000000000000003,0.15391860813600938,0.08276188712228014,0.01850612055515828,20
400,0.4,low,0.41500000000000004,0.15400492595547496,0.0827263857922967,0.018498182216444822,20
400,0.4,low,0.42,0.15409124377494057,0.08273042818363442,0.0184990861226271,20
400,0.4,low,0.425,0.15324022204159216,0.08384878538709785,0.01874915839563418,20
400,0.4,low,0.43,0.15238920030824377,0.08505096470033688,0.019017973862188828,20
400,0.4,low,0.435,0.1517495064069711,0.08352651986371257,0.018677097633924777,20
400,0.4,low,0.44,0.15110981250569847,0.0820495626499189,0.018346839960934645,20
400,0.4,low,0.445,0.1510265554869936,0.08202665341907403,0.018341717301186507,20
400,0.4,low,0.45,0.15094329846828863,0.08204908541307104,0.018346733247531326,20
400,0.4,low,0.455,0.15022628787390807,0.08219895363697838,0.018380244801163723,20
400,0.4,low,0.46,0.14950927727952754,0.08237860852569248,0.018420416855529212,20
400,0.4,low,0.465,0.1484898786621731,0.08252911790682745,0.018454071776276133,20
400,0.4,low,0.47000000000000003,0.1474704800448186,0.08272653999527126,0.018498216697278164,20
400,0.4,low,0.47500000000000003,0.14688497290563343,0.08258610948879097,0.018466815481417702,20
400,0.4,low,0.48,0.1462994657664482,0.08246941471883613,0.01844072173759393,20
400,0.4,low,0.485,0.146351063765469,0.08289518858102714,0.0185359276674841,20
400,0.4,low,0.49,0.14640266176448982,0.08336578589364951,0.018641156425589337,20
400,0.4,low,0.495,0.14523620074382051,0.08259138341646353,0.018467994767496127,20
400,0.4,low,0.5,0.14406973972315124,0.08185277104140047,0.01830283601952977,20
400,0.4,low,0.505,0.1439209180189452,0.08160773748740419,0.018248044851179365,20
400,0.4,low,0.51,0.14377209631473914,0.08144218303122829,0.018211025749380633,20
400,0.4,low,0.515,0.14334341716128013,0.08080941662896922,0.018069534880447706,20
400,0.4,low,0.52,0.1429147380078212,0.08023320585935809,0.01794069023542591,20
400,0.4,low,0.525,0.14241358064212062,0.08018676726883418,0.017930306250906837,20
400,0.4,low,0.53,0.14191242327642006,0.08018185898241774,0.017929208724698817,20
400,0.4,low,0.535,0.14088906430110607,0.07954830949894581,0.017787542753483505,20
400,0.4,low,0.54,0.1398657053257921,0.07901569500179982,0.017668446531341475,20
400,0.4,low,0.545,0.1398407858214826,0.07849893054754009,0.01755289448653344,20
400,0.4,low,0.55,0.13981586631717316,0.07801797310743694,0.017445349133497948,20
400,0.4,low,0.555,0.1392528337277084,0.07755081753867861,0.01734088997271683,20
400,0.4,low,0.56,0.13868980113824364,0.07710896026753146,0.017242087683253072,20
400,0.4,low,0.5650000000000001,0.13838071972432467,0.07728549184587931,0.01728156134418918,20
400,0.4,low,0.5700000000000001,0.13807163831040573,0.07749773191194394,0.01732901966571614,20
400,0.4,low,0.5750000000000001,0.13817063586572964,0.07826381533635067,0.017500321127057065,20
400,0.4,low,0.58,0.1382696334210535,0.07910928500037892,0.017689373891225175,20
400,0.4,low,0.585,0.13747099255172845,0.07755786877372764,0.017342466676806324,20
400,0.4,low,0.59,0.13667235168240344,0.07609278886426778,0.017014864849804176,20
400,0.4,low,0.595,0.13647532195405804,0.07497127145614406,0.016764085933552775,20
400,0.4,low,0.6,0.1362782922257126,0.07391052523180618,0.0165268958671032,20
400,0.4,low,0.605,0.13568688212835694,0.07525311836660317,0.01682710881865626,20
400,0.4,low,0.61,0.1350954720310013,0.07664410959250693,0.01713814391237892,20
400,0.4,low,0.615,0.1345012904026953,0.07590505073423456,0.01697288532773188,20
400,0.4,low,0.62,0.13390710877438933,0.0752181167425809,0.016819282217592595,20
400,0.4,low,0.625,0.1339549039756821,0.07524457219903959,0.016825197837494334,20
400,0.4,low,0.63,0.13400269917697488,0.07533743659241231,0.0168459629471214,20
400,0.4,low,0.635,0.13395180237819052,0.07562765216424341,0.016910857121795735,20
400,0.4,low,0.64,0.13390090557940615,0.07595750779111153,0.016984615082239526,20
400,0.4,low,0.645,0.13274955536956742,0.0755641924322687,0.016896667094342798,20
400,0.4,low,0.65,0.1315982051597287,0.07524378215260302,0.01682502117774058,20
400,0.4,low,0.655,0.1317612943733305,0.07458964022613422,0.01667875059628889,20
400,0.4,low,0.66,0.1319243835869323,0.07399447964886921,0.016545668645459633,20
400,0.4,low,0.665,0.13195201238054624,0.07383586153313824,0.016510200556535896,20
400,0.4,low,0.67,0.13197964117416022,0.07371918126319393,0.016484110055013046,20
400,0.4,low,0.675,0.13197636403444146,0.07380288007921525,0.016502825679239035,20
400,0.4,low,0.68,0.13197308689472262,0.07392410323504679,0.016529932000927672,20
400,0.4,low,0.685,0.13187652211015424,0.07381720633655371,0.01650602912776623,20
400,0.4,low,0.6900000000000001,0.1317799573255858,0.07375867589942281,0.016492941324148483,20
400,0.4,low,0.6950000000000001,0.1306908401372493,0.07414587333553906,0.01657952130293544,20
400,0.4,low,0.7000000000000001,0.1296017229489128,0.07455623941920209,0.016671281948808528,20
400,0.4,low,0.705,0.12893769151332285,0.07340679892817126,0.016414259241404962,20
400,0.4,low,0.71,0.12827366007773283,0.07227867237385344,0.016162002475137237,20
400,0.4,low,0.715,0.12740656141453657,0.07149865586103236,0.01598758548051321,20
400,0.4,low,0.72,0.12653946275134026,0.0707892811865525,0.015828964481147838,20
400,0.4,low,0.725,0.12585173019930757,0.06976908333785022,0.0156008413071281,20
400,0.4,low,0.73,0.12516399764727487,0.06880003486325334,0.015384155480858992,20
400,0.4,low,0.735,0.12559328854297444,0.0699068910276847,0.01563165604335731,20
400,0.4,low,0.74,0.12602257943867395,0.07106514007577489,0.015890648403997717,20
400,0.4,low,0.745,0.12535723218199565,0.0714967605559199,0.015987161677406256,20
400,0.4,low,0.75,0.12469188492531733,0.07199076476044204,0.016097624375654478,20
400,0.4,low,0.755,0.12418999125637734,0.07109539009028974,0.015897412512875277,20
400,0.4,low,0.76,0.12368809758743737,0.07024218064442202,0.01570662908087476,20
400,0.4,low,0.765,0.12350998850985587,0.06994469908663194,0.015640110182347646,20
400,0.4,low,0.77,0.12333187943227435,0.0697178908639684,0.015589394321974488,20
400,0.4,low,0.775,0.1225603306443372,0.06823085319488588,0.015256882590657352,20
400,0.4,low,0.78,0.1217887818564001,0.06678364669000258,0.01493327737841746,20
400,0.4,low,0.785,0.12186886700428054,0.06678373443337135,0.014933296998431173,20
400,0.4,low,0.79,0.12194895215216091,0.06685664926114995,0.014949601249579237,20
400,0.4,low,0.795,0.12120553343847862,0.06676165609700858,0.014928360132337448,20
400,0.4,low,0.8,0.12046211472479625,0.06672678793179143,0.014920563373569824,20
400,0.4,low,0.805,0.120156873788607,0.06661005871138266,0.014894461926390367,20
400,0.4,low,0.81,0.11985163285241773,0.066545571459261,0.014880042138447748,20
400,0.4,low,0.8150000000000001,0.11981410306422428,0.06642808093025938,0.014853770457491745,20
400,0.4,low,0.8200000000000001,0.11977657327603083,0.06637538245003145,0.014841986719081686,20
400,0.4,low,0.8250000000000001,0.11931710446544457,0.06536016438243222,0.0146149770579679,20
400,0.4,low,0.8300000000000001,0.11885763565485832,0.0644314451335646,0.014407309120719844,20
400,0.4,low,0.835,0.11905958981602453,0.06461387145768256,0.014448100886881162,20
400,0.4,low,0.84,0.11926154397719076,0.06485289873429174,0.01450154901077864,20
400,0.4,low,0.845,0.1191645942313092,0.0642947970296609,0.014376753675787333,20
400,0.4,low,0.85,0.1190676444854277,0.0637951938824946,0.014265039015903666,20
400,0.4,low,0.855,0.1181398490120773,0.06380903918457863,0.014268134919566555,20
400,0.4,low,0.86,0.11721205353872695,0.0638777784488349,0.014283505486326589,20
400,0.4,low,0.865,0.11643512468925717,0.06378561259142562,0.01426289657408942,20
400,0.4,low,0.87,0.11565819583978738,0.06372949095577221,0.01425034739485647,20
400,0.4,low,0.875,0.11547182711593147,0.06330930867184102,0.014156391779875344,20
400,0.4,low,0.88,0.11528545839207556,0.06298217521260521,0.014083242514618751,20
400,0.4,low,0.885,0.11558830602608701,0.06364570080662257,0.014231611347922127,20
400,0.4,low,0.89,0.11589115366009839,0.06441393997855026,0.014403394849062971,20
400,0.4,low,0.895,0.11578866749592029,0.0627348305972742,0.014027934577243882,20
400,0.4,low,0.9,0.11568618133174217,0.06112367799089141,0.013667669902244096,20
400,0.4,low,0.905,0.11372344825370721,0.06067359912196941,0.013567029207629514,20
400,0.4,low,0.91,0.11176071517567232,0.06036117279745846,0.013497168557672825,20
400,0.4,low,0.915,0.1119497319229898,0.0608721684359333,0.01361143065605639,20
400,0.4,low,0.92,0.11213874867030729,0.06150401549027114,0.013752715952544632,20
400,0.4,low,0.925,0.1111391953648611,0.060779021206330705,0.013590602302325672,20
400,0.4,low,0.93,0.11013964205941495,0.06019621463175692,0.013460282790477594,20
400,0.4,low,0.935,0.1102214456581472,0.060170516930758325,0.013454536609847762,20
400,0.4,low,0.9400000000000001,0.11030324925687943,0.06026927625640314,0.013476619866403146,20
400,0.4,low,0.9450000000000001,0.110578202688727,0.060290441426617915,0.013481352542338705,20
400,0.4,low,0.9500000000000001,0.11085315612057456,0.060381633470469626,0.013501743703244662,20
400,0.4,low,0.9550000000000001,0.11019724551835677,0.05898955897528895,0.013190466383147893,20
400,0.4,low,0.96,0.10954133491613902,0.057657789296063584,0.012892673629835791,20
400,0.4,low,0.965,0.10885126466993822,0.05745115682757109,0.012846469205245011,20
400,0.4,low,0.97,0.10816119442373748,0.05734152968809173,0.012821955831639541,20
400,0.4,low,0.975,0.1075882470407911,0.05658814051085552,0.012653492890258262,20
400,0.4,low,0.98,0.1070152996578448,0.055894743344078235,0.012498444570226284,20
400,0.4,low,0.985,0.10722338630308514,0.055875763767164056,0.012494200607809855,20
400,0.4,low,0.99,0.10743147294832552,0.05592057450248063,0.012504220592838816,20
400,0.4,low,0.995,0.10755360997718526,0.05632363324178886,0.012594347266840673,20
400,0.4,low,1.0,0.10767574700604506,0.056782773075552365,0.012697014054787988,20
400,0.4,high,0.0,1.0,0.0,0.0,20
400,0.4,high,0.005,0.8423583820400138,0.06780470816623,0.015161593665422538,20
400,0.4,high,0.01,0.6847167640800278,0.13560941633246001,0.03032318733084508,20
400,0.4,high,0.015,0.6544141954230145,0.14769845742845542,0.03302637909818851,20
400,0.4,high,0.02,0.6241116267660012,0.1613527857090651,0.036079579720442616,20
400,0.4,high,0.025,0.6081576353947942,0.16910489094556433,0.03781300314819705,20
400,0.4,high,0.03,0.5922036440235873,0.17724806278005545,0.039633871725635435,20
400,0.4,high,0.035,0.5777440172340722,0.18584451625090204,0.04155609715825813,20
400,0.4,high,0.04,0.5632843904445568,0.19568638009297834,0.04375680481587611,20
400,0.4,high,0.045,0.5528206961384663,0.19687953768183244,0.04402360296353087,20
400,0.4,high,0.05,0.5423570018323759,0.1985039179976889,0.04438682544428763,20
400,0.4,high,0.055,0.5321548124340674,0.20027488640447985,0.044782826018646534,20
400,0.4,high,0.06,0.5219526230357587,0.20277914460263818,0.045342795175075855,20
400,0.4,high,0.065,0.5150242759124376,0.2031856725403045,0.045433697585413324,20
400,0.4,high,0.07,0.5080959287891165,0.2038213870709256,0.04557584767588863,20
400,0.4,high,0.075,0.5024665195083556,0.20923709993334158,0.04678683788658684,20
400,0.4,high,0.08,0.4968371102275947,0.21520936020935247,0.04812227588223505,20
400,0.4,high,0.085,0.4886526808006845,0.21388744636679374,0.04782668696099912,20
400,0.4,high,0.09,0.4804682513737742,0.21308694488940716,0.04764768938904658,20
400,0.4,high,0.095,0.47556806550167197,0.21097503118345062,0.047175451128133344,20
400,0.4,high,0.1,0.4706678796295698,0.20922273267195599,0.04678362526927598,20
400,0.4,high,0.105,0.46255148150802894,0.20906358154972055,0.046748037996474597,20
400,0.4,high,0.11,0.45443508338648825,0.20969858068369507,0.046890028119396646,20
400,0.4,high,0.115,0.450628340129818,0.21313124820700263,0.0476575959120238,20
400,0.4,high,0.12,0.44682159687314804,0.21693831876012495,0.048508882767215725,20
400,0.4,high,0.125,0.4422985554168311,0.21254590657935718,0.04752670954507624,20
400,0.4,high,0.13,0.4377755139605143,0.2086041299138017,0.04664530148744579,20
400,0.4,high,0.135,0.43223704044086225,0.2117376426526701,0.04734597623669292,20
400,0.4,high,0.14,0.4266985669212106,0.21521368537506486,0.04812324301868973,20
400,0.4,high,0.145,0.422104702112265,0.21411057966094885,0.047876581082376544,20
400,0.4,high,0.15,0.41751083730331934,0.21361643651798334,0.04776608731654792,20
400,0.4,high,0.155,0.4124635366509513,0.21194561753085825,0.04739248083321702,20
400,0.4,high,0.16,0.40741623599858334,0.21100460595817522,0.04718206424880369,20
400,0.4,high,0.165,0.4052578891612454,0.2117011924467923,0.04733782572287926,20
400,0.4,high,0.17,0.4030995423239075,0.21277149855801325,0.04757715344502161,20
400,0.4,high,0.17500000000000002,0.3957827562546299,0.2112600394096632,0.047239180904929144,20
400,0.4,high,0.18,0.38846597018535245,0.21027408372363252,0.04701871451125244,20
400,0.4,high,0.185,0.38641085287041893,0.2127591055266611,0.04757438227896654,20
400,0.4,high,0.19,0.3843557355554852,0.21563210103035504,0.04821680360349763,20
400,0.4,high,0.195,0.38221492190932627,0.21518011165189235,0.04811573570596259,20
400,0.4,high,0.2,0.3800741082631673,0.21522034481787475,0.04812473211537125,20
400,0.4,high,0.20500000000000002,0.37672405791900626,0.2140660150292299,0.047866616127784964,20
400,0.4,high,0.21,0.3733740075748453,0.21337600375992577,0.04771232491744447,20
400,0.4,high,0.215,0.36578200803725247,0.21280457364890187,0.047584549260180506,20
400,0.4,high,0.22,0.35819000849965954,0.21263284922750042,0.04754615051221545,20
400,0.4,high,0.225,0.3579803035271955,0.21396263998887433,0.04784350076604378,20
400,0.4,high,0.23,0.3577705985547315,0.21552128236550963,0.04819202379672062,20
400,0.4,high,0.23500000000000001,0.35747456462612426,0.2102911758594457,0.04702253642900833,20
400,0.4,high,0.24,0.3571785306975168,0.20600658104227973,0.04606447190228569,20
400,0.4,high,0.245,0.35177460418320466,0.2074678865936969,0.04639122975717235,20
400,0.4,high,0.25,0.34637067766889235,0.20933533354094475,0.04680880358901442,20
400,0.4,high,0.255,0.34459756995740454,0.20692707747953756,0.04627030116296118,20
400,0.4,high,0.26,0.3428244622459169,0.20497489404175487,0.045833779675818045,20
400,0.4,high,0.265,0.34083338375242106,0.20593353681937526,0.04604813871750789,20
400,0.4,high,0.27,0.33884230525892545,0.2072902075646859,0.046351499518467884,20
400,0.4,high,0.275,0.3338091084515327,0.2037419082115295,0.04555807566265025,20
400,0.4,high,0.28,0.3287759116441399,0.20055439649468465,0.04484532637485604,20
400,0.4,high,0.28500000000000003,0.3274007342508412,0.19931269944120508,0.04456767447295189,20
400,0.4,high,0.29,0.3260255568575424,0.19827367746095592,0.044335342095156535,20
400,0.4,high,0.295,0.32348090683148867,0.20208392762745458,0.04518733993351362,20
400,0.4,high,0.3,0.32093625680543486,0.2061607728188752,0.04609895023168959,20
400,0.4,high,0.305,0.31883425128035014,0.20544541395563837,0.045938991127039135,20
400,0.4,high,0.31,0.3167322457552655,0.2049965733783512,0.0458386273228517,20
400,0.4,high,0.315,0.31281290674383255,0.20162604255977992,0.04508495371979336,20
400,0.4,high,0.32,0.3088935677323995,0.19860981522212262,0.044410504783533866,20
400,0.4,high,0.325,0.30828998470242364,0.1985908890695714,0.04440627276716816,20
400,0.4,high,0.33,0.3076864016724479,0.19887898579596025,0.04447069315359822,20
400,0.4,high,0.335,0.30270547749867555,0.19624537573104184,0.043881800040459704,20
400,0.4,high,0.34,0.29772455332490305,0.1940746647063187,0.043396414299380785,20
400,0.4,high,0.34500000000000003,0.29467006188094574,0.19535926582880875,0.043683659842766814,20
400,0.4,high,0.35000000000000003,0.2916155704369884,0.19697695561292508,0.04404538627514592,20
400,0.4,high,0.355,0.28680306361410957,0.19508027028145544,0.04362127454183664,20
400,0.4,high,0.36,0.28199055679123075,0.1937370724158998,0.04332092636837513,20
400,0.4,high,0.365,0.2800921188024222,0.1948607547815772,0.04357218938385238,20
400,0.4,high,0.37,0.2781936808136137,0.19618592918078265,0.04386850738771896,20
400,0.4,high,0.375,0.27746707375757984,0.1931130093093015,0.04318138161551478,20
400,0.4,high,0.38,0.27674046670154584,0.19038552701966793,0.04257149803481004,20
400,0.4,high,0.385,0.2757456870141807,0.1914151184110326,0.04280172166882404,20
400,0.4,high,0.39,0.2747509073268156,0.1927347807809193,0.04309680714546555,20
400,0.4,high,0.395,0.2752150652469329,0.19315332042935815,0.04319039545598437,20
400,0.4,high,0.4,0.2756792231670503,0.19390183976950376,0.04335776946868825,20
400,0.4,high,0.405,0.2741999965561505,0.19205096892659448,0.04294390216645651,20
400,0.4,high,0.41000000000000003,0.2727207699452508,0.1904966026498204,0.0425963353007765,20
400,0.4,high,0.41500000000000004,0.27048040712298344,0.187891932132942,0.04201391326730353,20
400,0.4,high,0.42,0.26824004430071596,0.1855839663371907,0.04149783642639911,20
400,0.4,high,0.425,0.26838298581593933,0.1890983918371232,0.042283685858369884,20
400,0.4,high,0.43,0.2685259273311628,0.19296016134546964,0.04314720377177974,20
400,0.4,high,0.435,0.267209692348115,0.19033655322113754,0.04256054716054701,20
400,0.4,high,0.44,0.26589345736506703,0.18790074044285876,0.04201588286527761,20
400,0.4,high,0.445,0.2620372664997315,0.18766501056854895,0.04196317206294919,20
400,0.4,high,0.45,0.25818107563439596,0.18783882224111137,0.04200203753446244,20
400,0.4,high,0.455,0.25890812252691836,0.18489813103669764,0.04134447899107196,20
400,0.4,high,0.46,0.25963516941944065,0.18231309897004855,0.040766448248567545,20
400,0.4,high,0.465,0.25685759486470483,0.18215960068821832,0.04073212498930736,20
400,0.4,high,0.47000000000000003,0.25408002030996923,0.1822857678643254,0.040760336827537824,20
400,0.4,high,0.47500000000000003,0.2543380034680983,0.1819859782383218,0.040693301829268495,20
400,0.4,high,0.48,0.2545959866262274,0.18180731877809575,0.04065335235947961,20
400,0.4,high,0.485,0.25252144862810383,0.1818342327035369,0.04065937049616239,20
400,0.4,high,0.49,0.2504469106299803,0.18206054543163916,0.040709975560583395,20
400,0.4,high,0.495,0.25218765813372246,0.18209484794243921,0.04071764583517818,20
400,0.4,high,0.5,0.2539284056374648,0.18234453198047304,0.040773476883372205,20
400,0.4,high,0.505,0.24872707382775844,0.18107955090933334,0.04049061851684032,20
400,0.4,high,0.51,0.24352574201805205,0.18018157492994066,0.04028982498363192,20
400,0.4,high,0.515,0.24551108003162275,0.1814841991040509,0.04058110060387642,20
400,0.4,high,0.52,0.24749641804519343,0.18299082856624213,0.040917993193312775,20
400,0.4,high,0.525,0.24878200353123242,0.18244024254393515,0.040794878415978814,20
400,0.4,high,0.53,0.25006758901727155,0.1822837058854289,0.04075987575503975,20
400,0.4,high,0.535,0.24626750860693095,0.18069785990776505,0.04040526981424965,20
400,0.4,high,0.54,0.24246742819659026,0.17918002835086455,0.04006587236028727,20
400,0.4,high,0.545,0.24000258953286296,0.1773584348302516,0.03965855166634089,20
400,0.4,high,0.55,0.2375377508691357,0.17567932412712253,0.03928309109894649,20
400,0.4,high,0.555,0.23678882672757032,0.17607887682277523,0.03937243379775376,20
400,0.4,high,0.56,0.23603990258600485,0.17666939585017633,0.03950447786648135,20
400,0.4,high,0.5650000000000001,0.23410871819573603,0.17688531388499446,0.0395527586068235,20
400,0.4,high,0.5700000000000001,0.2321775338054673,0.1772757885214729,0.03964007138988904,20
400,0.4,high,0.5750000000000001,0.22980899356475368,0.17538795093951143,0.03921793807351456,20
400,0.4,high,0.58,0.2274404533240401,0.17398297240526597,0.03890377532256448,20
400,0.4,high,0.585,0.22547836558194828,0.17053205607503347,0.03813212697265808,20
400,0.4,high,0.59,0.22351627783985656,0.16752841223337048,0.037460491791642375,20
400,0.4,high,0.595,0.22108548005315246,0.16734146943011882,0.03741869011004487,20
400,0.4,high,0.6,0.2186546822664483,0.16754513891004696,0.037464231990251,20
400,0.4,high,0.605,0.21725260487602402,0.1653654384177984,0.03697683614312525,20
400,0.4,high,0.61,0.21585052748559974,0.16335115392312619,0.036526428437514157,20
400,0.4,high,0.615,0.21409385259466945,0.16196019329704486,0.03621540018611981,20
400,0.4,high,0.62,0.21233717770373914,0.16091132376218545,0.035980865828172386,20
400,0.4,high,0.625,0.21064142443351247,0.1634158140477312,0.0365408868809192,20
400,0.4,high,0.63,0.20894567116328586,0.16605332823682636,0.037130652982762906,20
400,0.4,high,0.635,0.2079027739049343,0.16543702586909803,0.03699284358386944,20
400,0.4,high,0.64,0.20685987664658265,0.16513433438624692,0.03692515971068291,20
400,0.4,high,0.645,0.20672661458399189,0.16281713562745304,0.03640701831647879,20
400,0.4,high,0.65,0.20659335252140107,0.16070518218253627,0.03593477116966391,20
400,0.4,high,0.655,0.20370430297565084,0.16059036762472637,0.03590909785405696,20
400,0.4,high,0.66,0.20081525342990064,0.1607298231716424,0.03594028106233132,20
400,0.4,high,0.665,0.20138352415272193,0.1580116349930027,0.03533247570802385,20
400,0.4,high,0.67,0.2019517948755432,0.1556352527903987,0.03480110049346953,20
400,0.4,high,0.675,0.19965161024192637,0.1540729468795889,0.03445175827164748,20
400,0.4,high,0.68,0.19735142560830962,0.15263695323472262,0.03413066033112962,20
400,0.4,high,0.685,0.19661002452824805,0.1548960235125957,0.034635803801856976,20
400,0.4,high,0.6900000000000001,0.1958686234481866,0.15741328735845223,0.03519868110952075,20
400,0.4,high,0.6950000000000001,0.1974911736206559,0.1572582505959718,0.03516401383552897,20
400,0.4,high,0.7000000000000001,0.19911372379312517,0.15725013400143315,0.03516219890981555,20
400,0.4,high,0.705,0.19458513980275408,0.15414578816260854,0.03446804607768751,20
400,0.4,high,0.71,0.19005655581238295,0.15125136975134273,0.03382083444539578,20
400,0.4,high,0.715,0.18969369951574966,0.15162400959056202,0.03390415924655767,20
400,0.4,high,0.72,0.18933084321911642,0.15244500673822625,0.034087739789708735,20
400,0.4,high,0.725,0.1902779016636244,0.15404267833826638,0.0344449900200498,20
400,0.4,high,0.73,0.19122496010813242,0.15597468831922712,0.03487700058511342,20
400,0.4,high,0.735,0.19063994615742558,0.15373793251975695,0.03437684678344521,20
400,0.4,high,0.74,0.19005493220671874,0.1516955804829682,0.03392016298462072,20
400,0.4,high,0.745,0.19076757062164684,0.15197719064528345,0.03398313293122989,20
400,0.4,high,0.75,0.19148020903657498,0.1526574228246519,0.03413523747058496,20
400,0.4,high,0.755,0.18833762836210852,0.15031814777341823,0.03361215966732218,20
400,0.4,high,0.76,0.18519504768764214,0.14841016639200547,0.03318552206045789,20
400,0.4,high,0.765,0.18428766320913076,0.14560839935464603,0.0325590279051925,20
400,0.4,high,0.77,0.1833802787306195,0.14317594782939314,0.03201511520894865,20
400,0.4,high,0.775,0.18107396785041296,0.14592897401289373,0.03263071057796307,20
400,0.4,high,0.78,0.17876765697020652,0.14888200550504246,0.033291028493577283,20
400,0.4,high,0.785,0.1774397827104258,0.14477011263270945,0.03237158129570394,20
400,0.4,high,0.79,0.17611190845064506,0.14087179408852687,0.03149989076942991,20
400,0.4,high,0.795,0.1762227615284307,0.1431994941514808,0.03202038032662947,20
400,0.4,high,0.8,0.17633361460621624,0.14594773616665055,0.03263490592308352,20
400,0.4,high,0.805,0.1772860775846008,0.14553432563137164,0.0325424645171337,20
400,0.4,high,0.81,0.17823854056298538,0.14539111864862897,0.03251044246230717,20
400,0.4,high,0.8150000000000001,0.17889754863380708,0.1434353520031602,0.03207311974556768,20
400,0.4,high,0.8200000000000001,0.17955655670462872,0.14165477844990934,0.03167497139516696,20
400,0.4,high,0.8250000000000001,0.17907518727535104,0.14103905048156684,0.03153729043588079,20
400,0.4,high,0.8300000000000001,0.1785938178460734,0.14063438554574825,0.031446804605420695,20
400,0.4,high,0.835,0.1760433712565767,0.13963563696127662,0.031223477632689667,20
400,0.4,high,0.84,0.1734929246670799,0.13885473853241304,0.031048863435643493,20
400,0.4,high,0.845,0.17387541492906167,0.13987126143463222,0.031276164866648234,20
400,0.4,high,0.85,0.17425790519104342,0.14110298373268,0.031551586345431946,20
400,0.4,high,0.855,0.1699973436019597,0.13820665801173462,0.030903948225730452,20
400,0.4,high,0.86,0.16573678201287598,0.1354590698445069,0.030289568834120928,20
400,0.4,high,0.865,0.16658000727082253,0.13666222048830134,0.03055860149679063,20
400,0.4,high,0.87,0.1674232325287691,0.13807317215021528,0.030874099879691214,20
400,0.4,high,0.875,0.1661943810262892,0.1377165980794615,0.030794367493569286,20
400,0.4,high,0.88,0.16496552952380927,0.1375097295527807,0.03074811028476294,20
400,0.4,high,0.885,0.16588285786361667,0.13532717761057605,0.03026007683404356,20
400,0.4,high,0.89,0.16680018620342407,0.13334426746106456,0.029816684645285363,20
400,0.4,high,0.895,0.16617007366250616,0.13426513279889393,0.030022596394636343,20
400,0.4,high,0.9,0.16553996112158834,0.13548508311846472,0.03029538557900963,20
400,0.4,high,0.905,0.1641721780867859,0.13253979669726673,0.029636799513909053,20
400,0.4,high,0.91,0.1628043950519835,0.12973691578110505,0.02901005628777161,20
400,0.4,high,0.915,0.16290649536526566,0.12949317535198065,0.0289555542709329,20
400,0.4,high,0.92,0.16300859567854786,0.1296174060619803,0.028983333102178127,20
400,0.4,high,0.925,0.16042997473676227,0.12756135766585006,0.028523586704300462,20
400,0.4,high,0.93,0.1578513537949766,0.12568757210553014,0.028104595515487173,20
400,0.4,high,0.935,0.15771457311086123,0.12597363236062564,0.02816856053309262,20
400,0.4,high,0.9400000000000001,0.1575777924267459,0.12642815372651764,0.028270194600228678,20
400,0.4,high,0.9450000000000001,0.15807936436545184,0.12371683339679589,0.02766392494362518,20
400,0.4,high,0.9500000000000001,0.1585809363041577,0.12144602101143419,0.02715615585784346,20
400,0.4,high,0.9550000000000001,0.15767880183295346,0.12061287824653535,0.02696985947211587,20
400,0.4,high,0.96,0.15677666736174917,0.11998994459892032,0.026830567273961957,20
400,0.4,high,0.965,0.1566762457379567,0.12106626058793822,0.02707123884563335,20
400,0.4,high,0.97,0.1565758241141642,0.12239443030178672,0.027368226622215518,20
400,0.4,high,0.975,0.1541664595999464,0.12289959200118268,0.027481184212163386,20
400,0.4,high,0.98,0.15175709508572857,0.12378991683394813,0.027680266896975357,20
400,0.4,high,0.985,0.15202707530106033,0.12350945831894429,0.027617554466533634,20
400,0.4,high,0.99,0.152297055516392,0.12355529568063954,0.027627804012199615,20
400,0.4,high,0.995,0.15337823976466705,0.1215737748712964,0.02718472248934745,20
400,0.4,high,1.0,0.15445942401294208,0.11986931189813443,0.026803592982035294,20
600,0.6,low,0.0,1.0,0.0,0.0,20
600,0.6,low,0.005,0.6025564731510046,0.04612562378473061,0.010314003028723876,20
600,0.6,low,0.01,0.20511294630200916,0.09225124756946124,0.020628006057447756,20
600,0.6,low,0.015,0.18572053789898443,0.09064567823647088,0.020268989840332215,20
600,0.6,low,0.02,0.1663281294959597,0.0898771062435982,0.020097131918165635,20
600,0.6,low,0.025,0.1570171979034785,0.0857351025469801,0.019170951735296284,20
600,0.6,low,0.03,0.14770626631099731,0.08192275731506225,0.018318485426069734,20
600,0.6,low,0.035,0.14276179457665422,0.08222901293946376,0.018386966265535078,20
600,0.6,low,0.04,0.1378173228423111,0.08267823386459162,0.0184874151180852,20
600,0.6,low,0.045,0.13133584663863684,0.07753300528195736,0.01733690703103069,20
600,0.6,low,0.05,0.12485437043496254,0.07262231618819621,0.016238843568029016,20
600,0.6,low,0.055,0.12226409358467208,0.07280724860435038,0.016280195713405412,20
600,0.6,low,0.06,0.11967381673438164,0.07314123095124919,0.01635487643650048,20
600,0.6,low,0.065,0.1175636649230728,0.07366349752163785,0.016471658791876953,20
600,0.6,low,0.07,0.11545351311176393,0.07431318313818135,0.016616932912136465,20
600,0.6,low,0.075,0.1133047159636044,0.07109022766297504,0.01589625815903482,20
600,0.6,low,0.08,0.11115591881544487,0.0680504754571936,0.015216548902346597,20
600,0.6,low,0.085,0.11015168471979755,0.06729902130866257,0.015048518646537635,20
600,0.6,low,0.09,0.10914745062415024,0.06672841711336094,0.014920927669643536,20
600,0.6,low,0.095,0.1066518496791347,0.06538515091291637,0.014620564216036342,20
600,0.6,low,0.1,0.10415624873411919,0.06423916118062808,0.014364313121745003,20
600,0.6,low,0.105,0.10069115547390539,0.0621305553866958,0.013892814532446753,20
600,0.6,low,0.11,0.09722606221369157,0.060211492310992036,0.01346369898340841,20
600,0.6,low,0.115,0.09549140029548045,0.058737465878718094,0.013134096653088807,20
600,0.6,low,0.12,0.09375673837726933,0.057394631855853896,0.012833829837326421,20
600,0.6,low,0.125,0.0936184605678136,0.056152323536993703,0.012556041252327935,20
600,0.6,low,0.13,0.09348018275835784,0.05513933481619416,0.0123295300883131,20
600,0.6,low,0.135,0.09181354091163181,0.05460828692261016,0.01221078416937691,20
600,0.6,low,0.14,0.09014689906490579,0.05439633526056671,0.01216339033694959,20
600,0.6,low,0.145,0.08841800287268901,0.05349396856190467,0.01196161500906555,20
600,0.6,low,0.15,0.08668910668047222,0.05282505422104695,0.011812041215337318,20
600,0.6,low,0.155,0.08713557323962352,0.05525880369299033,0.012356244141284278,20
600,0.6,low,0.16,0.08758203979877482,0.05787353264573229,0.012940915309391066,20
600,0.6,low,0.165,0.08788522825678229,0.05747939004620348,0.012852782344853575,20
600,0.6,low,0.17,0.08818841671478973,0.05722437709800908,0.012795759716123045,20
600,0.6,low,0.17500000000000002,0.08697287776538967,0.05634135261980764,0.012598309440217574,20
600,0.6,low,0.18,0.0857573388159896,0.05566398608807322,0.012446845679153431,20
600,0.6,low,0.185,0.08585225270813682,0.05238929703366649,0.011714602946070634,20
600,0.6,low,0.19,0.08594716660028402,0.04946066137175564,0.011059740103934361,20
600,0.6,low,0.195,0.08379835954610218,0.049482703117971046,0.011064668788222405,20
600,0.6,low,0.2,0.08164955249192038,0.04963555786172909,0.011098848147995034,20
600,0.6,low,0.20500000000000002,0.0805139570220975,0.04780923065689959,0.01069046897007944,20
600,0.6,low,0.21,0.07937836155227464,0.04618389928445037,0.010327033826603493,20
600,0.6,low,0.215,0.0793698281265097,0.04657474273717542,0.010414429079488885,20
600,0.6,low,0.22,0.07936129470074471,0.04724856615491476,0.010565100576178526,20
600,0.6,low,0.225,0.07711964562717184,0.04714166801446415,0.010541197425306938,20
600,0.6,low,0.23,0.07487799655359897,0.047215340331672996,0.010557671056240827,20
600,0.6,low,0.23500000000000001,0.07592971311018726,0.047747030662624736,0.010676560628539573,20
600,0.6,low,0.24,0.07698142966677551,0.04849382132560773,0.010843548097278784,20
600,0.6,low,0.245,0.07627624834836752,0.049081623813722906,0.010974984729355689,20
600,0.6,low,0.25,0.0755710670299595,0.0499088863577938,0.011159966257733883,20
600,0.6,low,0.255,0.0749319862098491,0.04980148704033842,0.011135951040277151,20
600,0.6,low,0.26,0.07429290538973872,0.04977276851998424,0.011129529383904635,20
600,0.6,low,0.265,0.07447261566917102,0.047881386736678834,0.01070660356001707,20
600,0.6,low,0.27,0.0746523259486033,0.04607038905343795,0.010301652167334944,20
600,0.6,low,0.275,0.07301669192643506,0.04468139054453937,0.009991062658680638,20
600,0.6,low,0.28,0.07138105790426683,0.04343700635948288,0.009712809895889438,20
600,0.6,low,0.28500000000000003,0.07118801105221792,0.042846849548521526,0.00958084682122003,20
600,0.6,low,0.29,0.070994964200169,0.04262476924394941,0.00953118815547132,20
600,0.6,low,0.295,0.07014333620808125,0.04187400554641231,0.009363312289198114,20
600,0.6,low,0.3,0.06929170821599352,0.04126817661918809,0.009227844822797203,20
600,0.6,low,0.305,0.06966719194875622,0.04106834536743724,0.009183161196502825,20
600,0.6,low,0.31,0.07004267568151895,0.040937900912432615,0.009153992929634999,20
600,0.6,low,0.315,0.06966104438589052,0.04036548900772402,0.009025997736629144,20
600,0.6,low,0.32,0.06927941309026209,0.04009197161381403,0.008964837388048012,20
600,0.6,low,0.325,0.06637530183637866,0.038265688761571,0.008556468127672249,20
600,0.6,low,0.33,0.06347119058249517,0.03687420459201291,0.008245322808397576,20
600,0.6,low,0.335,0.06363390936465294,0.037703462676342094,0.008430750553142708,20
600,0.6,low,0.34,0.06379662814681068,0.03892286495690238,0.008703417192267814,20
600,0.6,low,0.34500000000000003,0.06333466323327834,0.03803109829747774,0.008504012105213675,20
600,0.6,low,0.35000000000000003,0.062872698319746,0.03724852671668137,0.00832902378002166,20
600,0.6,low,0.355,0.06150072358891824,0.03746908025248897,0.008378341049896031,20
600,0.6,low,0.36,0.060128748858090456,0.038033132597763517,0.008504466988586238,20
600,0.6,low,0.365,0.05975604834717766,0.0374923050403542,0.008383534270339,20
600,0.6,low,0.37,0.05938334783626488,0.037175747018210435,0.008312749744705365,20
600,0.6,low,0.375,0.05957680090442106,0.03551427367243552,0.007941233010309693,20
600,0.6,low,0.38,0.059770253972577236,0.03418846851805443,0.007644773965298121,20
600,0.6,low,0.385,0.0590534719605542,0.032543966806101825,0.007277052203594039,20
600,0.6,low,0.39,0.05833668994853118,0.031182437347057987,0.0069726049612149855,20
600,0.6,low,0.395,0.057362462584666596,0.03176150329832574,0.007102088044264014,20
600,0.6,low,0.4,0.05638823522080202,0.03263680922461223,0.007297812399492514,20
600,0.6,low,0.405,0.05706977065492539,0.033216907562235415,0.007427526331148521,20
600,0.6,low,0.41000000000000003,0.0577513060890487,0.034032130914868404,0.007609815814481786,20
600,0.6,low,0.41500000000000004,0.05623406786044747,0.0323504673852823,0.00723378441773811,20
600,0.6,low,0.42,0.05471682963184623,0.03093648290586007,0.006917607876226334,20
600,0.6,low,0.425,0.05489131077602603,0.030627717184219645,0.006848565761955357,20
600,0.6,low,0.43,0.05506579192020582,0.03046999309487232,0.0068132975834083705,20
600,0.6,low,0.435,0.05568973529016754,0.03053202802286707,0.006827169015005926,20
600,0.6,low,0.44,0.05631367866012926,0.03088600962750327,0.006906321708081027,20
600,0.6,low,0.445,0.056452516786254514,0.030491425106161485,0.006818089926822082,20
600,0.6,low,0.45,0.05659135491237975,0.03061040079517312,0.006844693699652071,20
600,0.6,low,0.455,0.056981933275019395,0.02950072610173991,0.0065965628949092815,20
600,0.6,low,0.46,0.05737251163765904,0.028825348473740717,0.0064455438662404056,20
600,0.6,low,0.465,0.057589594649834916,0.028645710657170677,0.00640537562932238,20
600,0.6,low,0.47000000000000003,0.05780667766201075,0.02863068568926573,0.006402015944362859,20
600,0.6,low,0.47500000000000003,0.05667161166597604,0.028826085480830665,0.006445708666035707,20
600,0.6,low,0.48,0.05553654566994132,0.029189311839233786,0.006526928548896615,20
600,0.6,low,0.485,0.05499762468791839,0.030311634360888354,0.006777887494006475,20
600,0.6,low,0.49,0.05445870370589545,0.03175691991259348,0.00710106316805757,20
600,0.6,low,0.495,0.05487086656071673,0.03148069359741983,0.007039297086267314,20
600,0.6,low,0.5,0.055283029415537976,0.031727503548161305,0.007094485469005445,20
600,0.6,low,0.505,0.054651903939666235,0.03154732766380537,0.007054196916472844,20
600,0.6,low,0.51,0.05402077846379446,0.031868725651421674,0.007126063691287013,20
600,0.6,low,0.515,0.05274839323508786,0.03148695263141186,0.007040696648815279,20
600,0.6,low,0.52,0.051476008006381246,0.031329979436900024,0.007005596375457904,20
600,0.6,low,0.525,0.05180401264972412,0.030751752803921714,0.0068763009696838715,20
600,0.6,low,0.53,0.05213201729306699,0.030588719827092874,0.006839845687807528,20
600,0.6,low,0.535,0.052135810099971425,0.029691963740499448,0.006639324930921569,20
600,0.6,low,0.54,0.052139602906875845,0.028997780109494293,0.006484100752142053,20
600,0.6,low,0.545,0.05076958899813082,0.030032426808594474,0.006715454787330431,20
600,0.6,low,0.55,0.049399575089385805,0.031240871855757597,0.006985671314583399,20
600,0.6,low,0.555,0.05034447079924574,0.030423171453600576,0.006802827946138197,20
600,0.6,low,0.56,0.051289366509105705,0.030025559599998333,0.0067139192328067665,20
600,0.6,low,0.5650000000000001,0.05069969213494914,0.030690422649155932,0.006862587130171184,20
600,0.6,low,0.5700000000000001,0.050110017760792616,0.03165651891400175,0.007078612822271573,20
600,0.6,low,0.5750000000000001,0.050986154302797036,0.030428069767722086,0.006803923242473282,20
600,0.6,low,0.58,0.05186229084480147,0.02965565841904105,0.006631206814248973,20
600,0.6,low,0.585,0.05171923650645719,0.029173802202571684,0.006523460488708337,20
600,0.6,low,0.59,0.051576182168112904,0.028991959583556947,0.006482799242975982,20
600,0.6,low,0.595,0.05128993677137865,0.02782843048328715,0.006222626226775739,20
600,0.6,low,0.6,0.0510036913746444,0.02695858890751981,0.0060281237374686086,20
600,0.6,low,0.605,0.050990883878281844,0.025424084019056332,0.0056849980132276014,20
600,0.6,low,0.61,0.05097807638191929,0.024135076979177012,0.005396767276763008,20
600,0.6,low,0.615,0.049565209417438985,0.024279030674033766,0.005428956301494204,20
600,0.6,low,0.62,0.0481523424529587,0.02480763804181749,0.005547156502271368,20
600,0.6,low,0.625,0.04866551693485235,0.025408099108919686,0.005681423678659625,20
600,0.6,low,0.63,0.04917869141674601,0.026363066519819386,0.005894960883366495,20
600,0.6,low,0.635,0.04859043514157141,0.02572945744654811,0.005753281587466973,20
600,0.6,low,0.64,0.04800217886639682,0.025417673207197487,0.0056835645121168675,20
600,0.6,low,0.645,0.047996411303708256,0.024007895436247206,0.0053683286192155715,20
600,0.6,low,0.65,0.04799064374101969,0.023338971307374917,0.005218752636820745,20
600,0.6,low,0.655,0.04835175351021462,0.023661450642829204,0.005290861208362219,20
600,0.6,low,0.66,0.048712863279409546,0.0243795795511991,0.0054514397139345,20
600,0.6,low,0.665,0.048397979929553296,0.024057910661867472,0.0053795123636552625,20
600,0.6,low,0.67,0.04808309657969706,0.024212851684376053,0.005414158229538514,20
600,0.6,low,0.675,0.04800331895026223,0.023627114589404866,0.005283183433408631,20
600,0.6,low,0.68,0.0479235413208274,0.023441790925349443,0.005241743802341905,20
600,0.6,low,0.685,0.047855740944190386,0.02414849523993909,0.005399767691083389,20
600,0.6,low,0.6900000000000001,0.047787940567553325,0.025108172807401127,0.005614358118816065,20
600,0.6,low,0.6950000000000001,0.04657227805000727,0.026570175052675667,0.005941271759185185,20
600,0.6,low,0.7000000000000001,0.04535661553246124,0.028512001377448654,0.0063754773254542825,20
600,0.6,low,0.705,0.045552447284086764,0.02651845731578695,0.005929707321652622,20
600,0.6,low,0.71,0.04574827903571228,0.025195248115272288,0.005633828749572229,20
600,0.6,low,0.715,0.045305816597125764,0.02498709530477924,0.005587284366175221,20
600,0.6,low,0.72,0.044863354158539245,0.025024334376639815,0.005595611275785145,20
600,0.6,low,0.725,0.045156322786485056,0.023929927424769654,0.005350894441842143,20
600,0.6,low,0.73,0.04544929141443087,0.023162499226661703,0.005179292279960187,20
600,0.6,low,0.735,0.04433063519959736,0.021925371341775336,0.004902662075213542,20
600,0.6,low,0.74,0.04321197898476385,0.0209604476276826,0.00468689857343225,20
600,0.6,low,0.745,0.043762132599610294,0.019919122254767482,0.004454051141378897,20
600,0.6,low,0.75,0.04431228621445673,0.01901035835703818,0.004250845356296858,20
600,0.6,low,0.755,0.04372736981473281,0.019450322341171975,0.004349224293914339,20
600,0.6,low,0.76,0.043142453415008886,0.020362064542192415,0.004553096047858037,20
600,0.6,low,0.765,0.04342860276427625,0.020638751222869366,0.004614965070504281,20
600,0.6,low,0.77,0.04371475211354361,0.021342089694975544,0.0047722363339863065,20
600,0.6,low,0.775,0.04383163178337175,0.02104885100811302,0.004706666170240569,20
600,0.6,low,0.78,0.043948511453199904,0.021078311701583967,0.004713253781567101,20
600,0.6,low,0.785,0.04398411706487725,0.020597443553564652,0.004605728394848539,20
600,0.6,low,0.79,0.044019722676554615,0.020480478806238104,0.004579574282249214,20
600,0.6,low,0.795,0.04362529284861617,0.021822018270321056,0.004879551625868026,20
600,0.6,low,0.8,0.04323086302067774,0.02341886254338257,0.005236616860272704,20
600,0.6,low,0.805,0.04415660634809078,0.022150545195055014,0.004953012479482435,20
600,0.6,low,0.81,0.04508234967550379,0.021426505205345923,0.004791112215940657,20
600,0.6,low,0.8150000000000001,0.04330054103079115,0.021334911737774416,0.004770631293962176,20
600,0.6,low,0.8200000000000001,0.041518732386078526,0.021705681512963933,0.004853537936094783,20
600,0.6,low,0.8250000000000001,0.04128777486483158,0.022908450764245105,0.005122485316805906,20
600,0.6,low,0.8300000000000001,0.04105681734358463,0.024382909088595316,0.005452184221129657,20
600,0.6,low,0.835,0.040175586070108696,0.024643977406605636,0.0055105608717139175,20
600,0.6,low,0.84,0.03929435479663273,0.025163409228539362,0.005626709358065955,20
600,0.6,low,0.845,0.04014027218361055,0.02358329763483274,0.005273385664509602,20
600,0.6,low,0.85,0.040986189570588374,0.02231169535592019,0.004989046750910391,20
600,0.6,low,0.855,0.041127593849887484,0.022236627059400747,0.004972260969513132,20
600,0.6,low,0.86,0.04126899812918661,0.022437604630673517,0.005017200920645004,20
600,0.6,low,0.865,0.041837190340981274,0.02281890555599427,0.0051024623995350816,20
600,0.6,low,0.87,0.04240538255277594,0.023761202175863243,0.005313166329234612,20
600,0.6,low,0.875,0.04209739260489489,0.022574427157291122,0.005047795367682029,20
600,0.6,low,0.88,0.04178940265701385,0.02165303771901441,0.004841766425908321,20
600,0.6,low,0.885,0.04187155859549724,0.02184324996365171,0.004884299176824503,20
600,0.6,low,0.89,0.04195371453398063,0.02241753778650773,0.005012713837880145,20
600,0.6,low,0.895,0.0417899469906115,0.023668008662372914,0.00529232762611197,20
600,0.6,low,0.9,0.04162617944724236,0.02536862336408051,0.005672596633767341,20
600,0.6,low,0.905,0.04158155402522728,0.024962151175026866,0.005581706689198632,20
600,0.6,low,0.91,0.04153692860321219,0.024792901592996835,0.005543861332140374,20
600,0.6,low,0.915,0.04204054488344506,0.024675480754841068,0.005517605234531245,20
600,0.6,low,0.92,0.04254416116367793,0.0250267071350636,0.005596141840698122,20
600,0.6,low,0.925,0.0421713562810813,0.024553612172247514,0.005490354591031171,20
600,0.6,low,0.93,0.041798551398484665,0.02457196212367966,0.005494457764909781,20
600,0.6,low,0.935,0.04198419492398293,0.023797289362918535,0.005321235669571851,20
600,0.6,low,0.9400000000000001,0.04216983844948114,0.023292708867340153,0.005208408040748471,20
600,0.6,low,0.9450000000000001,0.04065581053524507,0.023855638229117824,0.005334282872695015,20
600,0.6,low,0.9500000000000001,0.03914178262100903,0.024913476945002774,0.005570822800489999,20
600,0.6,low,0.9550000000000001,0.03860371608071241,0.023349009589583136,0.005220997264960236,20
600,0.6,low,0.96,0.038065649540415816,0.02224389880983787,0.004973886982342414,20
600,0.6,low,0.965,0.03905236307754724,0.022224792344893333,0.004969614646899844,20
600,0.6,low,0.97,0.04003907661467868,0.02298408007096977,0.005139396543898659,20
600,0.6,low,0.975,0.040115253233331406,0.02304701905463534,0.005153470128489756,20
600,0.6,low,0.98,0.04019142985198414,0.02325851068696109,0.005200761095145032,20
600,0.6,low,0.985,0.039808089717989784,0.022852477825063992,0.005109969387114963,20
600,0.6,low,0.99,0.03942474958399543,0.022734066783480746,0.005083491873288294,20
600,0.6,low,0.995,0.03941849490877454,0.022610965831574216,0.0050559656636325005,20
600,0.6,low,1.0,0.039412240233553664,0.022827237221567067,0.0051043254165937385,20
600,0.6,high,0.0,1.0,0.0,0.0,20
600,0.6,high,0.005,0.6511844249669229,0.10008042918474608,0.02237866428744461,20
600,0.6,high,0.01,0.30236884993384583,0.20016085836949216,0.04475732857488922,20
600,0.6,high,0.015,0.2676376515554875,0.19004499607740885,0.04249535300127671,20
600,0.6,high,0.02,0.23290645317712916,0.18417199289403716,0.04118210956626753,20
600,0.6,high,0.025,0.21406628147517037,0.16809490126093754,0.037587162589057144,20
600,0.6,high,0.03,0.19522610977321161,0.15426155237628644,0.03449393174280207,20
600,0.6,high,0.035,0.18359085375554662,0.1469428401622829,0.032857417940975076,20
600,0.6,high,0.04,0.17195559773788166,0.14104837874921286,0.03153937629993767,20
600,0.6,high,0.045,0.16355127971439898,0.13382208804207285,0.02992352857530366,20
600,0.6,high,0.05,0.1551469616909162,0.1276000561348779,0.028532239945037605,20
600,0.6,high,0.055,0.14447778716688237,0.12121612714203037,0.02710475002588372,20
600,0.6,high,0.06,0.13380861264284852,0.116290929150747,0.026003442274768217,20
600,0.6,high,0.065,0.12944691914630918,0.11145149324382476,0.02492131150870507,20
600,0.6,high,0.07,0.12508522564976982,0.10769353463426225,0.02408100641794383,20
600,0.6,high,0.075,0.11732281570203973,0.09941284610855229,0.022229388173544834,20
600,0.6,high,0.08,0.10956040575430963,0.09202746097049508,0.020577965852673574,20
600,0.6,high,0.085,0.10725682926424876,0.08962121731677072,0.020039913414658064,20
600,0.6,high,0.09,0.1049532527741879,0.08804235453296484,0.01968686896348461,20
600,0.6,high,0.095,0.10275507761669966,0.08439461607521347,0.018871209847917382,20
600,0.6,high,0.1,0.10055690245921142,0.08152193376476818,0.0182288585555257,20
600,0.6,high,0.105,0.09857828956179826,0.07857339598312427,0.01756954546412748,20
600,0.6,high,0.11,0.0965996766643851,0.07635793723181411,0.017074153827199845,20
600,0.6,high,0.115,0.0944740681935946,0.07338785694431485,0.0164100236850518,20
600,0.6,high,0.12,0.09234845972280405,0.07105022437014964,0.015887313150826678,20
600,0.6,high,0.125,0.08935177369989107,0.0699329196959177,0.015637476230510587,20
600,0.6,high,0.13,0.08635508767697805,0.06953342581405768,0.015548146682867161,20
600,0.6,high,0.135,0.08646074003447818,0.06515687348964985,0.0145695198324211,20
600,0.6,high,0.14,0.0865663923919783,0.061920512901874135,0.013845847605024332,20
600,0.6,high,0.145,0.08254386276118267,0.053500566976197254,0.011963090459355744,20
600,0.6,high,0.15,0.07852133313038698,0.04666693071544262,0.010435042938100257,20
600,0.6,high,0.155,0.0781295823716452,0.04764884944246233,0.010654606640299873,20
600,0.6,high,0.16,0.0777378316129034,0.04939922596778496,0.011046002729984001,20
600,0.6,high,0.165,0.07554805430190756,0.04872743944288253,0.01089578669637898,20
600,0.6,high,0.17,0.07335827699091169,0.04952248238828281,0.011073563703473649,20
600,0.6,high,0.17500000000000002,0.0750678701715515,0.047939526406039996,0.010719603985305162,20
600,0.6,high,0.18,0.07677746335219125,0.04707759748285933,0.010526870818904644,20
600,0.6,high,0.185,0.0750380430232326,0.044275134907575675,0.009900221136631308,20
600,0.6,high,0.19,0.07329862269427394,0.04224956306456808,0.009447289503203855,20
600,0.6,high,0.195,0.06960200015930848,0.040076932308847776,0.008961474497224122,20
600,0.6,high,0.2,0.06590537762434298,0.03936671684669157,0.00880266549201885,20
600,0.6,high,0.20500000000000002,0.06731553990415705,0.03663605630501246,0.008192071232551763,20
600,0.6,high,0.21,0.0687257021839711,0.03463643913504941,0.007744943240450449,20
600,0.6,high,0.215,0.0658986616051455,0.03233808581151213,0.007231015813676257,20
600,0.6,high,0.22,0.06307162102631991,0.0309846440693435,0.006928377039768776,20
600,0.6,high,0.225,0.06437152469821741,0.034879289996305136,0.007799246343866667,20
600,0.6,high,0.23,0.06567142837011487,0.04051190394758738,0.009058737112474746,20
600,0.6,high,0.23500000000000001,0.06333273484458915,0.03681964937916003,0.008233123891950975,20
600,0.6,high,0.24,0.06099404131906342,0.03460843351420365,0.0077386809932541295,20
600,0.6,high,0.245,0.061251950782437524,0.03719368158093764,0.00831676003484584,20
600,0.6,high,0.25,0.061509860245811676,0.04181069908082342,0.009349156533150913,20
600,0.6,high,0.255,0.06326267356089374,0.03842897792929415,0.008592980695574083,20
600,0.6,high,0.26,0.06501548687597582,0.037507573646612336,0.008386948434490485,20
600,0.6,high,0.265,0.06224385950452414,0.035856783817046975,0.008017820606943142,20
600,0.6,high,0.27,0.0594722321330725,0.0345617467484284,0.0077282415150618225,20
600,0.6,high,0.275,0.059021707620680285,0.032303488967161405,0.007223279724098737,20
600,0.6,high,0.28,0.05857118310828811,0.030983147638467858,0.0069280424276526205,20
600,0.6,high,0.28500000000000003,0.05788392201199409,0.031419794386623005,0.007025679608755535,20
600,0.6,high,0.29,0.0571966609157001,0.032673652058106156,0.0073060507075101274,20
600,0.6,high,0.295,0.05707653861434665,0.031063587894503617,0.006946029415714965,20
600,0.6,high,0.3,0.0569564163129932,0.030083748411124777,0.006726930646527629,20
600,0.6,high,0.305,0.057373344025594034,0.029281977601093186,0.0065476492431670585,20
600,0.6,high,0.31,0.05779027173819486,0.030900102637797206,0.006909473000983511,20
600,0.6,high,0.315,0.05925118680017477,0.030622991225204826,0.006847509005393756,20
600,0.6,high,0.32,0.060712101862154665,0.03292847956275094,0.007363031869802365,20
600,0.6,high,0.325,0.05891198147869241,0.02987296094977278,0.006679797137288861,20
600,0.6,high,0.33,0.057111861095230164,0.028657275343080275,0.00640796157170561,20
600,0.6,high,0.335,0.0555260646869283,0.02660361670292263,0.005948749539508383,20
600,0.6,high,0.34,0.05394026827862641,0.0258215402300922,0.0057738719238231715,20
600,0.6,high,0.34500000000000003,0.055695860256237205,0.02550512202031037,0.0057031186611840754,20
600,0.6,high,0.35000000000000003,0.057451452233848,0.026456265989898295,0.005915800918422835,20
600,0.6,high,0.355,0.05626831139268083,0.025304048798700855,0.0056581573219867,20
600,0.6,high,0.36,0.05508517055151364,0.02619325755076632,0.005856990443567313,20
600,0.6,high,0.365,0.053390523882117125,0.024954768741301824,0.005580055926833774,20
600,0.6,high,0.37,0.05169587721272062,0.025350257175812903,0.0056684898292219486,20
600,0.6,high,0.375,0.05170887050890695,0.02520995138315231,0.005637116500219341,20
600,0.6,high,0.38,0.05172186380509325,0.026010727398725814,0.0058161754607767195,20
600,0.6,high,0.385,0.051188452338319625,0.023243450445576606,0.005197393522795707,20
600,0.6,high,0.39,0.05065504087154599,0.023402624867690052,0.005232986005608197,20
600,0.6,high,0.395,0.05106883292639395,0.021077999515952323,0.004713183974737706,20
600,0.6,high,0.4,0.05148262498124191,0.020886207656449825,0.004670298011199838,20
600,0.6,high,0.405,0.052141773359156415,0.020349900273769032,0.004550376034748914,20
600,0.6,high,0.41000000000000003,0.05280092173707089,0.020919024359340597,0.004677636049045956,20
600,0.6,high,0.41500000000000004,0.05314164180534135,0.02236651598759958,0.00500130501681085,20
600,0.6,high,0.42,0.053482361873611814,0.024829581864317687,0.00555206329015103,20
600,0.6,high,0.425,0.05284555446584514,0.023558339003057174,0.005267804744782046,20
600,0.6,high,0.43,0.0522087470580785,0.023274949251527708,0.005204436869927381,20
600,0.6,high,0.435,0.051322195861381883,0.02160515334715042,0.004831059154853545,20
600,0.6,high,0.44,0.05043564466468524,0.02150109048649777,0.0048077899918183035,20
600,0.6,high,0.445,0.05191233631504777,0.021671028668782226,0.004845789324574383,20
600,0.6,high,0.45,0.0533890279654103,0.022743039607748802,0.005085498257789647,20
600,0.6,high,0.455,0.05197378139656696,0.022807940206008417,0.005100010472738538,20
600,0.6,high,0.46,0.05055853482772362,0.0236128602216945,0.005279996059890965,20
600,0.6,high,0.465,0.050450209878593645,0.022512835308734484,0.005034023011658777,20
600,0.6,high,0.47000000000000003,0.05034188492946364,0.022557722775378302,0.00504406015433411,20
600,0.6,high,0.47500000000000003,0.05005553770681823,0.022319371268063198,0.004990763137044499,20
600,0.6,high,0.48,0.049769190484172825,0.023532125067234386,0.005261943130536289,20
600,0.6,high,0.485,0.04966723205948559,0.02122469892176385,0.004745986959103046,20
600,0.6,high,0.49,0.04956527363479837,0.020332342636441708,0.004546450027690095,20
600,0.6,high,0.495,0.04831535072919602,0.02074286193781119,0.004638244934083884,20
600,0.6,high,0.5,0.04706542782359368,0.021893445619273064,0.0048955232666389546,20
600,0.6,high,0.505,0.04764147426278213,0.020899432448145145,0.004673255164521739,20
600,0.6,high,0.51,0.0482175207019706,0.02151047065708905,0.004809887461726568,20
600,0.6,high,0.515,0.04750365698166813,0.020387210451579336,0.004558718844132558,20
600,0.6,high,0.52,0.046789793261365654,0.021425789517639505,0.004790952183304436,20
600,0.6,high,0.525,0.04689035017831581,0.02055435258478081,0.004596092961306839,20
600,0.6,high,0.53,0.04699090709526597,0.02115741642077267,0.004730942134511798,20
600,0.6,high,0.535,0.04662016273250629,0.020965996414737228,0.004688139319936931,20
600,0.6,high,0.54,0.046249418369746616,0.022264575379556874,0.004978510403885735,20
600,0.6,high,0.545,0.04599417049704547,0.020040391890415378,0.00448116785627043,20
600,0.6,high,0.55,0.04573892262434432,0.019366535072157777,0.004330488890997858,20
600,0.6,high,0.555,0.04559636032885465,0.01996880491174703,0.004465160521209805,20
600,0.6,high,0.56,0.045453798033364974,0.021849123374416017,0.00488561251139738,20
600,0.6,high,0.5650000000000001,0.045810159447210036,0.01929669872867721,0.004314873009865601,20
600,0.6,high,0.5700000000000001,0.04616652086105506,0.019667740935873226,0.004397840569646786,20
600,0.6,high,0.5750000000000001,0.04515506150021488,0.018274411762151582,0.004086282694899266,20
600,0.6,high,0.58,0.0441436021393747,0.018305613807619497,0.004093259684369595,20
600,0.6,high,0.585,0.04567143768646929,0.01754521668651808,0.0039232297191018044,20
600,0.6,high,0.59,0.04719927323356387,0.018261089717805337,0.004083303795223518,20
600,0.6,high,0.595,0.04713211032667459,0.01812422925631696,0.004052700865691518,20
600,0.6,high,0.6,0.04706494741978531,0.018900066192398635,0.004226183278544897,20
600,0.6,high,0.605,0.0481423573708283,0.01763559927371778,0.003943439879997887,20
600,0.6,high,0.61,0.049219767321871284,0.01835022345599211,0.0041032347049909474,20
600,0.6,high,0.615,0.04641755002890326,0.018142076636635224,0.004056691661252711,20
600,0.6,high,0.62,0.04361533273593522,0.020486483654666286,0.004580917007177214,20
600,0.6,high,0.625,0.04366867387919532,0.018037848617866774,0.004033385567740073,20
600,0.6,high,0.63,0.04372201502245541,0.017905031975687054,0.004003686863694361,20
600,0.6,high,0.635,0.04396084233706157,0.016685012041754804,0.0037308821130766297,20
600,0.6,high,0.64,0.04419966965166774,0.01805774086778392,0.004037833610044088,20
600,0.6,high,0.645,0.04380230291681074,0.01578674064036621,0.00353002252150174,20
600,0.6,high,0.65,0.043404936181953714,0.01579932920336989,0.0035328374097632676,20
600,0.6,high,0.655,0.043179333174218,0.015408773967794291,0.003445506604191719,20
600,0.6,high,0.66,0.042953730166482275,0.01631082045758941,0.0036472103311964146,20
600,0.6,high,0.665,0.04377542743107673,0.016262311566639834,0.003636363413428777,20
600,0.6,high,0.67,0.04459712469567118,0.017044938988356843,0.0038113642250302395,20
600,0.6,high,0.675,0.04377037488574085,0.016831411220838276,0.0037636179647047106,20
600,0.6,high,0.68,0.04294362507581051,0.018220340135243953,0.004074191911557319,20
600,0.6,high,0.685,0.04279409791415674,0.016015724187762276,0.0035812247992724052,20
600,0.6,high,0.6900000000000001,0.04264457075250298,0.01576146386369766,0.003524370462413444,20
600,0.6,high,0.6950000000000001,0.04377604298943579,0.01703275877477996,0.003808640646476402,20
600,0.6,high,0.7000000000000001,0.0449075152263686,0.020336199984997694,0.004547312557048504,20
600,0.6,high,0.705,0.04685897550109076,0.01981515103604891,0.004430802470103075,20
600,0.6,high,0.71,0.048810435775812955,0.020660996876419205,0.0046199393498584165,20
600,0.6,high,0.715,0.04626607529382454,0.018101102389395524,0.004047529541037226,20
600,0.6,high,0.72,0.043721714811836135,0.016946376574202057,0.0037893249992225807,20
600,0.6,high,0.725,0.046472323841662735,0.017569621538402688,0.003928686809881284,20
600,0.6,high,0.73,0.04922293287148931,0.01893215386598012,0.004233358300481699,20
600,0.6,high,0.735,0.04748035083956589,0.01623384657709917,0.003629998448269602,20
600,0.6,high,0.74,0.04573776880764248,0.015373082851932658,0.0034375258280657755,20
600,0.6,high,0.745,0.04374280614162369,0.014701760788295328,0.0032874136511569247,20
600,0.6,high,0.75,0.041747843475604896,0.015878602552510578,0.003550563469511532,20
600,0.6,high,0.755,0.04145888441353842,0.015006187375737489,0.00335548550552482,20
600,0.6,high,0.76,0.04116992535147196,0.015127484070366215,0.0033826082709884067,20
600,0.6,high,0.765,0.04186207261377907,0.014815078414236621,0.0033127522426222872,20
600,0.6,high,0.77,0.04255421987608617,0.015536890837569301,0.00347415440717986,20
600,0.6,high,0.775,0.0444682429577612,0.015412861781117067,0.0034464206670386244,20
600,0.6,high,0.78,0.04638226603943622,0.01662494573456437,0.0037174508784731104,20
600,0.6,high,0.785,0.046067430283122435,0.014978990723912289,0.0033494041493006663,20
600,0.6,high,0.79,0.045752594526808625,0.015245074274993178,0.003408902240091807,20
600,0.6,high,0.795,0.04455507446657673,0.015887518106234115,0.0035525570479298203,20
600,0.6,high,0.8,0.04335755440634481,0.017382503475631018,0.003886845939063731,20
600,0.6,high,0.805,0.04403291501068451,0.016564000639596878,0.0037038231409488613,20
600,0.6,high,0.81,0.04470827561502423,0.017707455804192865,0.0039595074886748455,20
600,0.6,high,0.8150000000000001,0.045146597175577584,0.015889431770330167,0.0035529849562303075,20
600,0.6,high,0.8200000000000001,0.04558491873613089,0.015072982793956389,0.003370421415097119,20
600,0.6,high,0.8250000000000001,0.04369021862090445,0.012853685015609304,0.0028741713456272846,20
600,0.6,high,0.8300000000000001,0.04179551850567806,0.011847252842005827,0.0026491262701352604,20
600,0.6,high,0.835,0.04232569588387075,0.012842478171257575,0.002871665419048912,20
600,0.6,high,0.84,0.04285587326206344,0.014504210362682493,0.003243240033091493,20
600,0.6,high,0.845,0.042691316947966705,0.014328005295099509,0.003203839382181943,20
600,0.6,high,0.85,0.042526760633869946,0.015286055600435609,0.0034180659430415386,20
600,0.6,high,0.855,0.04160206157112649,0.014267911491980619,0.0031904019993019106,20
600,0.6,high,0.86,0.04067736250838303,0.013741105564535791,0.0030726046128302653,20
600,0.6,high,0.865,0.041363275745413076,0.014327653355879964,0.0032037606861800585,20
600,0.6,high,0.87,0.042049188982443114,0.016002818601142853,0.003578339022375351,20
600,0.6,high,0.875,0.041698716595055876,0.01579488503815161,0.0035318436642101355,20
600,0.6,high,0.88,0.04134824420766868,0.016928093225187135,0.0037852367180972084,20
600,0.6,high,0.885,0.04354650169366019,0.016783178154050615,0.003752832723094661,20
600,0.6,high,0.89,0.045744759179651734,0.01866584126091612,0.004173808991662883,20
600,0.6,high,0.895,0.04408609308942686,0.017476188511872708,0.003907794550014826,20
600,0.6,high,0.9,0.042427426999201996,0.018090639783413028,0.00404519003121736,20
600,0.6,high,0.905,0.04322428406196802,0.015932435628105136,0.003562600911158264,20
600,0.6,high,0.91,0.04402114112473404,0.015351709020376266,0.0034327464940358036,20
600,0.6,high,0.915,0.04339982119255485,0.015870882079763837,0.0035488371193235176,20
600,0.6,high,0.92,0.04277850126037569,0.017697226664977632,0.003957220183611188,20
600,0.6,high,0.925,0.04308193858681383,0.016608675096248877,0.0037138126531420347,20
600,0.6,high,0.93,0.043385375913251964,0.016716682197605765,0.003737963775210706,20
600,0.6,high,0.935,0.04398750100808684,0.016577489501439568,0.003706839342150797,20
600,0.6,high,0.9400000000000001,0.0445896261029217,0.017861019320921743,0.003993845334901815,20
600,0.6,high,0.9450000000000001,0.04435549209393987,0.01754875217363818,0.003924020278055216,20
600,0.6,high,0.9500000000000001,0.04412135808495806,0.018283973273106734,0.004088420713745598,20
600,0.6,high,0.9550000000000001,0.044545093656342946,0.01828866598965466,0.004089470037065628,20
600,0.6,high,0.96,0.04496882922772784,0.021072833747570505,0.004712028873811929,20
600,0.6,high,0.965,0.0441545820186972,0.016439378771505045,0.003675956844095226,20
600,0.6,high,0.97,0.04334033480966658,0.013498217320252285,0.0030182931503149155,20
600,0.6,high,0.975,0.04463499050759614,0.01544703530666867,0.0034540620996550454,20
600,0.6,high,0.98,0.045929646205525684,0.020591035774369094,0.0046042955718619315,20
600,0.6,high,0.985,0.04668096023260053,0.0185303297040555,0.004143507686375165,20
600,0.6,high,0.99,0.04743227425967537,0.017375146011757103,0.003885200760127324,20
600,0.6,high,0.995,0.04537055091280006,0.015632961290469444,0.003495636413511251,20
600,0.6,high,1.0,0.043308827565924725,0.016608379990327982,0.0037137466654520667,20
800,0.8,low,0.0,1.0,0.0,0.0,20
800,0.8,low,0.005,0.5434010004795224,0.023071607312587204,0.005158968230112622,20
800,0.8,low,0.01,0.08680200095904486,0.046143214625174414,0.010317936460225247,20
800,0.8,low,0.015,0.07616307736997743,0.039771638361454795,0.008893208695275127,20
800,0.8,low,0.02,0.06552415378091005,0.03556418648071073,0.007952393853534821,20
800,0.8,low,0.025,0.05959463097324867,0.03217304285464567,0.007194111086600161,20
800,0.8,low,0.03,0.0536651081655873,0.029985578773668652,0.006704979248259788,20
800,0.8,low,0.035,0.04954142499426476,0.027505379244479423,0.006150389773756779,20
800,0.8,low,0.04,0.04541774182294224,0.026006509751689385,0.005815232366228864,20
800,0.8,low,0.045,0.04445192780544555,0.022375054761807053,0.005003214344768093,20
800,0.8,low,0.05,0.04348611378794885,0.020911693607281432,0.004675996843052907,20
800,0.8,low,0.055,0.0415552650125998,0.01947780935819617,0.004355370577770818,20
800,0.8,low,0.06,0.03962441623725075,0.018778299466719307,0.004198955410943242,20
800,0.8,low,0.065,0.03827533593396462,0.01769891462502439,0.003957597622951973,20
800,0.8,low,0.07,0.0369262556306785,0.018488839376963974,0.004134230167196631,20
800,0.8,low,0.075,0.035022850210807525,0.016977308204280533,0.003796241521973616,20
800,0.8,low,0.08,0.03311944479093655,0.016421074776385484,0.00367186394636051,20
800,0.8,low,0.085,0.03305201839665339,0.016313108588110498,0.0036477219727350687,20
800,0.8,low,0.09,0.03298459200237022,0.01795522334546198,0.0040149099951644176,20
800,0.8,low,0.095,0.03376312511797248,0.01659774157215285,0.0037113678428307996,20
800,0.8,low,0.1,0.03454165823357471,0.016368286741392683,0.0036600601828962556,20
800,0.8,low,0.105,0.03359762474510111,0.016754088240844997,0.003746328020755928,20
800,0.8,low,0.11,0.0326535912566275,0.01887300100427897,0.0042201313184989575,20
800,0.8,low,0.115,0.03416228400346881,0.018478921956286698,0.004132012564517045,20
800,0.8,low,0.12,0.03567097675031012,0.01918459669933704,0.004289806234063572,20
800,0.8,low,0.125,0.03461397523460618,0.02065202434799602,0.004617933031509987,20
800,0.8,low,0.13,0.033556973718902254,0.022790228928255427,0.005096050110636131,20
800,0.8,low,0.135,0.03138462366482903,0.01919226274875187,0.004291520414824615,20
800,0.8,low,0.14,0.0292122736107558,0.016294539255637397,0.003643569743764404,20
800,0.8,low,0.145,0.029889699043924346,0.01412658741094977,0.0031588009740976444,20
800,0.8,low,0.15,0.030567124477092873,0.013056825427604779,0.0029195949226472045,20
800,0.8,low,0.155,0.03026868539031663,0.013645046972470062,0.0030511252586620757,20
800,0.8,low,0.16,0.029970246303540376,0.015608036665576629,0.0034900630979538493,20
800,0.8,low,0.165,0.02974578815564503,0.015918993627359965,0.003559595188416284,20
800,0.8,low,0.17,0.02952133000774969,0.017240820471616257,0.003855164656240393,20
800,0.8,low,0.17500000000000002,0.030564530176610177,0.015844622857406038,0.0035429653787006857,20
800,0.8,low,0.18,0.03160773034547067,0.015010586990331077,0.0033564692892554264,20
800,0.8,low,0.185,0.030314290073899124,0.014806787386540387,0.003310898312469076,20
800,0.8,low,0.19,0.02902084980232757,0.01585232436664211,0.0035446874885188056,20
800,0.8,low,0.195,0.028801722472829472,0.014732553476661024,0.003294299105596491,20
800,0.8,low,0.2,0.028582595143331373,0.014868526265181982,0.0033247035454187974,20
800,0.8,low,0.20500000000000002,0.027785210184859653,0.012273494194953152,0.0027444367341364303,20
800,0.8,low,0.21,0.02698782522638794,0.011833989480961817,0.0026461604924448074,20
800,0.8,low,0.215,0.027456881523782305,0.011437711479269131,0.002557550037467545,20
800,0.8,low,0.22,0.027925937821176684,0.012126731326069841,0.002711619558996833,20
800,0.8,low,0.225,0.027462921385182804,0.012883767298387255,0.002880897948548272,20
800,0.8,low,0.23,0.02699990494918893,0.01440276048043674,0.003220555149790408,20
800,0.8,low,0.23500000000000001,0.02652648719558783,0.013243774366741677,0.0029613979762703616,20
800,0.8,low,0.24,0.026053069441986744,0.013254073578378696,0.0029637009500038647,20
800,0.8,low,0.245,0.02758143026616987,0.015675428214087708,0.0035051323063118238,20
800,0.8,low,0.25,0.029109791090353006,0.018873579200847573,0.004220260607182133,20
800,0.8,low,0.255,0.02865058998586998,0.01949782835048703,0.0043598469605311595,20
800,0.8,low,0.26,0.028191388881386954,0.02189311362509263,0.004895449030483396,20
800,0.8,low,0.265,0.028361569889918132,0.020522386034048583,0.004588945023262494,20
800,0.8,low,0.27,0.02853175089844929,0.021091081625164525,0.004716109223286462,20
800,0.8,low,0.275,0.027958092903742605,0.01630554081101034,0.003646029766331617,20
800,0.8,low,0.28,0.027384434909035922,0.01415146596998596,0.0031643639890163605,20
800,0.8,low,0.28500000000000003,0.02559902879916383,0.012048098272615621,0.002694036673716632,20
800,0.8,low,0.29,0.023813622689291755,0.011630823519884653,0.002600731202476546,20
800,0.8,low,0.295,0.02381794192301944,0.012713356026357224,0.002842792829709136,20
800,0.8,low,0.3,0.02382226115674712,0.015268108229652234,0.003414052788932636,20
800,0.8,low,0.305,0.02536086473618828,0.013946384245836812,0.003118506321402325,20
800,0.8,low,0.31,0.026899468315629442,0.014231346065939838,0.003182225721476568,20
800,0.8,low,0.315,0.025286812728494014,0.014095374823036936,0.0031518216272649656,20
800,0.8,low,0.32,0.02367415714135859,0.014740974441166057,0.0032961820905034276,20
800,0.8,low,0.325,0.023774808233380705,0.013024992176173648,0.0029124767912327193,20
800,0.8,low,0.33,0.023875459325402824,0.01210442274208226,0.0027066312079690336,20
800,0.8,low,0.335,0.02404490401211661,0.011618701889254972,0.002598020723467935,20
800,0.8,low,0.34,0.024214348698830386,0.011752007451144039,0.0026278287532842106,20
800,0.8,low,0.34500000000000003,0.025689650966693695,0.011555682167733021,0.002583929085343316,20
800,0.8,low,0.35000000000000003,0.027164953234556977,0.013257592981295637,0.0029644879124201143,20
800,0.8,low,0.355,0.026131456108220548,0.012522352557587924,0.0028000831556984945,20
800,0.8,low,0.36,0.0250979589818841,0.01323787363120872,0.0029600785316934676,20
800,0.8,low,0.365,0.02586205217627139,0.013831227530503785,0.0030927564970473008,20
800,0.8,low,0.37,0.02662614537065868,0.014965308434245752,0.0033463446963224444,20
800,0.8,low,0.375,0.027333421718661467,0.01621683258474079,0.0036261940039214024,20
800,0.8,low,0.38,0.028040698066664243,0.01848811600630347,0.004134068416599649,20
800,0.8,low,0.385,0.027155724196539565,0.015466377913099134,0.0034583872379390997,20
800,0.8,low,0.39,0.026270750326414898,0.013367087337958607,0.002988971594885215,20
800,0.8,low,0.395,0.026628312151588042,0.012191670143276575,0.002726140319962102,20
800,0.8,low,0.4,0.02698587397676116,0.0121625429584378,0.002719627283432832,20
800,0.8,low,0.405,0.02579085975184473,0.011485496112850904,0.0025682350063644215,20
800,0.8,low,0.41000000000000003,0.024595845526928305,0.012382028243279464,0.0027687056851295184,20
800,0.8,low,0.41500000000000004,0.023801326455747278,0.011753201106095816,0.002628095662645596,20
800,0.8,low,0.42,0.02300680738456625,0.012528934413122602,0.002801554903337857,20
800,0.8,low,0.425,0.023137115706364664,0.013045292467993437,0.0029170160744799323,20
800,0.8,low,0.43,0.02326742402816308,0.014754204271857432,0.0032991403705791003,20
800,0.8,low,0.435,0.02430936751859311,0.01346794343374486,0.0030115237034975444,20
800,0.8,low,0.44,0.02535131100902314,0.013400658469806356,0.0029964783281745326,20
800,0.8,low,0.445,0.02511227599487028,0.013371522375112726,0.0029899632993411495,20
800,0.8,low,0.45,0.024873240980717432,0.014173275692742699,0.0031692407912818094,20
800,0.8,low,0.455,0.024967357080434644,0.012659689416689103,0.0028307926109751493,20
800,0.8,low,0.46,0.02506147318015186,0.012348191994879014,0.0027611396699768207,20
800,0.8,low,0.465,0.02382468888560348,0.011316829685056078,0.0025305200465572924,20
800,0.8,low,0.47000000000000003,0.022587904591055107,0.013526404386739004,0.0030245959699899765,20
800,0.8,low,0.47500000000000003,0.021526992378057906,0.012457019636524303,0.0027854742704318063,20
800,0.8,low,0.48,0.0204660801650607,0.013544237265943388,0.003028583523003531,20
800,0.8,low,0.485,0.021643512746231865,0.013731098527238375,0.003070366971265225,20
800,0.8,low,0.49,0.022820945327403024,0.015193326772149353,0.003397331146689341,20
800,0.8,low,0.495,0.024308863218272254,0.013616762104765572,0.003044800569969893,20
800,0.8,low,0.5,0.0257967811091415,0.014004244077653395,0.0031314441731131832,20
800,0.8,low,0.505,0.02420142508281667,0.013193778803578311,0.002950218628489695,20
800,0.8,low,0.51,0.022606069056491835,0.013194359257399191,0.0029503484219098237,20
800,0.8,low,0.515,0.022317496332883206,0.013322105498350698,0.0029789133497735874,20
800,0.8,low,0.52,0.02202892360927459,0.014415987535627171,0.0032235128092452025,20
800,0.8,low,0.525,0.02263291620028516,0.013985935345050837,0.0031273502160450647,20
800,0.8,low,0.53,0.023236908791295717,0.014592387771282838,0.0032629571010625077,20
800,0.8,low,0.535,0.02341103409715288,0.012534729719540597,0.0028028507732479647,20
800,0.8,low,0.54,0.02358515940301004,0.010844134141871601,0.0024248221098351246,20
800,0.8,low,0.545,0.023469393230067605,0.012036558976725618,0.002691456408714379,20
800,0.8,low,0.55,0.023353627057125168,0.014432559056993014,0.003227218314071664,20
800,0.8,low,0.555,0.02306898725505259,0.012598486466164458,0.002817107215195483,20
800,0.8,low,0.56,0.022784347452980004,0.01156055203102649,0.0025850180198798488,20
800,0.8,low,0.5650000000000001,0.022300748557633285,0.010609485002612122,0.002372352967210524,20
800,0.8,low,0.5700000000000001,0.02181714966228657,0.01069947831009334,0.002392476082515328,20
800,0.8,low,0.5750000000000001,0.02117359256798711,0.011373703836246512,0.0025432374933797336,20
800,0.8,low,0.58,0.020530035473687654,0.014091898436478099,0.003151044283598803,20
800,0.8,low,0.585,0.019920067520167017,0.013461446611804696,0.003010070969947952,20
800,0.8,low,0.59,0.019310099566646387,0.014558354200471633,0.003255346963277417,20
800,0.8,low,0.595,0.020913885121287123,0.013674345887226526,0.0030576766951683184,20
800,0.8,low,0.6,0.022517670675927852,0.014134022618000397,0.0031604635369368427,20
800,0.8,low,0.605,0.022383035710518015,0.012365508797380343,0.002765011824731412,20
800,0.8,low,0.61,0.022248400745108178,0.011476261927118701,0.002566170179663015,20
800,0.8,low,0.615,0.020787080088800095,0.011872690870147412,0.0026548143861490742,20
800,0.8,low,0.62,0.019325759432492005,0.013347022757022688,0.002984485018193939,20
800,0.8,low,0.625,0.019565436873551036,0.013602672218676474,0.003041649975660848,20
800,0.8,low,0.63,0.01980511431461006,0.016400360347926857,0.003667232059345655,20
800,0.8,low,0.635,0.021069318812005803,0.013691345328049366,0.003061477885694254,20
800,0.8,low,0.64,0.022333523309401547,0.013300912962112768,0.002974174554609223,20
800,0.8,low,0.645,0.022042016669680982,0.013533537474055009,0.0030261909768027795,20
800,0.8,low,0.65,0.021750510029960424,0.014464486492635783,0.003234357505716112,20
800,0.8,low,0.655,0.02198786068605841,0.011490174075030056,0.0025692810305072973,20
800,0.8,low,0.66,0.0222252113421564,0.009446994038389176,0.0021124120852873455,20
800,0.8,low,0.665,0.021749746795988657,0.0094978151297826,0.002123776026791988,20
800,0.8,low,0.67,0.021274282249820926,0.014554273831795807,0.003254434565104176,20
800,0.8,low,0.675,0.020961536359160773,0.013513512169124038,0.003021713182493198,20
800,0.8,low,0.68,0.020648790468500617,0.013289941430000257,0.0029717212454471336,20
800,0.8,low,0.685,0.022327186876815803,0.012397071988860463,0.002772069568905051,20
800,0.8,low,0.6900000000000001,0.02400558328513092,0.013089054435701597,0.002926801547942392,20
800,0.8,low,0.6950000000000001,0.02249548082631611,0.012675630585624547,0.0028343571647131954,20
800,0.8,low,0.7000000000000001,0.020985378367501376,0.013385794712794727,0.0029931546910666284,20
800,0.8,low,0.705,0.02200848424003198,0.01320297387782686,0.002952274709597486,20
800,0.8,low,0.71,0.0230315901125626,0.01495682208307074,0.0033444470905116177,20
800,0.8,low,0.715,0.022535038448040723,0.01230265182797072,0.0027509565790854577,20
800,0.8,low,0.72,0.022038486783518843,0.010880919761336726,0.0024330476244069704,20
800,0.8,low,0.725,0.021122927426113165,0.010269074066804374,0.0022962347679354794,20
800,0.8,low,0.73,0.020207368068707484,0.01140766098873165,0.002550830543507643,20
800,0.8,low,0.735,0.021419939861831758,0.010825973065636625,0.0024207611697345285,20
800,0.8,low,0.74,0.02263251165495603,0.01200853655853183,0.0026851904055168554,20
800,0.8,low,0.745,0.021620465994128608,0.011267077574273011,0.0025193951363837886,20
800,0.8,low,0.75,0.020608420333301188,0.012546945082769703,0.002805582211502978,20
800,0.8,low,0.755,0.02025934286810904,0.010468230138755703,0.002340767419436981,20
800,0.8,low,0.76,0.019910265402916898,0.01034031967267328,0.0023121657697175828,20
800,0.8,low,0.765,0.020125750043443982,0.012358716823873713,0.0027634930932851917,20
800,0.8,low,0.77,0.020341234683971074,0.015012247265628841,0.003356840538098143,20
800,0.8,low,0.775,0.020475742637693962,0.012220335912195384,0.002732550180755078,20
800,0.8,low,0.78,0.02061025059141684,0.011107377164467606,0.0024836850391478428,20
800,0.8,low,0.785,0.021140540973962438,0.01147540705320547,0.0025659790240447973,20
800,0.8,low,0.79,0.021670831356508036,0.014593605525972716,0.0032632293992891563,20
800,0.8,low,0.795,0.020837131724159314,0.013407700984594383,0.00299805308235439,20
800,0.8,low,0.8,0.02000343209181059,0.01351287432332709,0.0030215705558370846,20
800,0.8,low,0.805,0.019913776563286474,0.013466852325897744,0.0030112797243658507,20
800,0.8,low,0.81,0.01982412103476236,0.015048352742313488,0.0033649139681208333,20
800,0.8,low,0.8150000000000001,0.020963715085199522,0.01368219760568524,0.0030594323927897057,20
800,0.8,low,0.8200000000000001,0.022103309135636656,0.01567190305831838,0.0035043440575186742,20
800,0.8,low,0.8250000000000001,0.02168942961508339,0.014912959016469255,0.003334639010649366,20
800,0.8,low,0.8300000000000001,0.02127555009453016,0.015402841382697829,0.0034441800378359195,20
800,0.8,low,0.835,0.021983211278396385,0.014759268737605987,0.0033002728195474494,20
800,0.8,low,0.84,0.022690872462262632,0.015163552523738117,0.003390673422346692,20
800,0.8,low,0.845,0.021265372625299882,0.012941311773522332,0.0028937652843614293,20
800,0.8,low,0.85,0.019839872788337137,0.012381358886604167,0.002768556012426803,20
800,0.8,low,0.855,0.01977663136070381,0.012054656870197645,0.002695503220719679,20
800,0.8,low,0.86,0.019713389933070483,0.013405903568318755,0.0029976511678567732,20
800,0.8,low,0.865,0.021107136738282857,0.013175790430705022,0.002946196306034766,20
800,0.8,low,0.87,0.02250088354349524,0.016062749262545046,0.003591739925658534,20
800,0.8,low,0.875,0.022905087576206525,0.01384809267342526,0.0030965276576495676,20
800,0.8,low,0.88,0.023309291608917797,0.013517549200641063,0.0030226158901831357,20
800,0.8,low,0.885,0.0228263902965773,0.013859357696748911,0.003099046593441548,20
800,0.8,low,0.89,0.022343488984236805,0.01471465881946449,0.0032902977386039403,20
800,0.8,low,0.895,0.020995470787893284,0.013459142119445293,0.0030095556697910266,20
800,0.8,low,0.9,0.01964745259154976,0.013131789074937223,0.002936357303774871,20
800,0.8,low,0.905,0.021583603637821698,0.012444114081409037,0.002782588500579296,20
800,0.8,low,0.91,0.02351975468409364,0.014109869219285167,0.0031550626727953517,20
800,0.8,low,0.915,0.02299353460613929,0.013253866748158209,0.002963654701360584,20
800,0.8,low,0.92,0.022467314528184946,0.013177051283329544,0.00294647824125257,20
800,0.8,low,0.925,0.021127442383706996,0.012158957698580625,0.0027188255949570674,20
800,0.8,low,0.93,0.01978757023922905,0.012967764265160912,0.0028996802413092404,20
800,0.8,low,0.935,0.02113874772631487,0.011256828717543512,0.0025171034223499074,20
800,0.8,low,0.9400000000000001,0.02248992521340064,0.013282798117398556,0.00297012395219094,20
800,0.8,low,0.9450000000000001,0.021412494086277222,0.01271721414385736,0.0028436555310086846,20
800,0.8,low,0.9500000000000001,0.02033506295915383,0.01457204367092706,0.003258408021928848,20
800,0.8,low,0.9550000000000001,0.020637028741742457,0.014555366319341722,0.0032546788527459,20
800,0.8,low,0.96,0.020938994524331067,0.015620650614446816,0.0034928836626676937,20
800,0.8,low,0.965,0.02103906594051902,0.01194284629798649,0.00267050161671295,20
800,0.8,low,0.97,0.021139137356706972,0.010349287126141906,0.002314170953271674,20
800,0.8,low,0.975,0.022068569002755493,0.012117564257646977,0.0027095697401820417,20
800,0.8,low,0.98,0.022998000648804015,0.015856563555402808,0.003545635399942643,20
800,0.8,low,0.985,0.022020178946295346,0.014874332849542721,0.0033260019371535677,20
800,0.8,low,0.99,0.021042357243786683,0.015164287240956373,0.003390837710111118,20
800,0.8,low,0.995,0.021310328424103013,0.015491673335844643,0.003464043466416955,20
800,0.8,low,1.0,0.02157829960441935,0.016660337422956976,0.003725364700581546,20
800,0.8,high,0.0,1.0,0.0,0.0,20
800,0.8,high,0.005,0.5327529787117722,0.01934591118764556,0.004325877250224916,20
800,0.8,high,0.01,0.06550595742354441,0.038691822375291084,0.008651754500449823,20
800,0.8,high,0.015,0.05852269970120687,0.02882034792873775,0.006444425710385287,20
800,0.8,high,0.02,0.05153944197886934,0.022982405662222385,0.0051390221347205325,20
800,0.8,high,0.025,0.04908843958985624,0.021595513597271777,0.004828903641252071,20
800,0.8,high,0.03,0.046637437200843124,0.022641777889945966,0.005062855449337093,20
800,0.8,high,0.035,0.04561358329427699,0.017773191757603734,0.003974206494714091,20
800,0.8,high,0.04,0.04458972938771087,0.015206689579604181,0.003400319161273265,20
800,0.8,high,0.045,0.04281209363987727,0.014731500766936887,0.0032940637125461166,20
800,0.8,high,0.05,0.041034457892043665,0.015317746808188202,0.003425152312523925,20
800,0.8,high,0.055,0.04043974871584699,0.013158473787595744,0.0029423241869213214,20
800,0.8,high,0.06,0.03984503953965031,0.014009286918704858,0.003132571786652263,20
800,0.8,high,0.065,0.039940071154487666,0.0152202047635624,0.003403341248279164,20
800,0.8,high,0.07,0.04003510276932502,0.019644538208765626,0.004392652282139189,20
800,0.8,high,0.075,0.03808991536859443,0.01588043592922412,0.003550973425007517,20
800,0.8,high,0.08,0.036144727967863825,0.015034398807505888,0.0033617937734424937,20
800,0.8,high,0.085,0.035270894652130666,0.012421683541584003,0.0027775728793972164,20
800,0.8,high,0.09,0.0343970613363975,0.01240930892170154,0.002774805830271926,20
800,0.8,high,0.095,0.03637560500220084,0.011562316071271936,0.002585412471270235,20
800,0.8,high,0.1,0.0383541486680042,0.013323153315291146,0.002979147648764269,20
800,0.8,high,0.105,0.035727060822343136,0.010918107267768071,0.0024413630036363904,20
800,0.8,high,0.11,0.03309997297668209,0.011758114241933577,0.0026291942732171885,20
800,0.8,high,0.115,0.032534000121280174,0.011068122870733183,0.0024749075122279516,20
800,0.8,high,0.12,0.03196802726587823,0.012944267331087179,0.002894426167124071,20
800,0.8,high,0.125,0.03213398636306617,0.011477327585149296,0.002566408468042733,20
800,0.8,high,0.13,0.032299945460254095,0.011696946252238419,0.0026155166949166507,20
800,0.8,high,0.135,0.03369010450340284,0.011221301013688444,0.0025091591862594657,20
800,0.8,high,0.14,0.035080263546551596,0.01395829246021581,0.003121169079086533,20
800,0.8,high,0.145,0.034216190761362675,0.011364161586248403,0.0025411037814143268,20
800,0.8,high,0.15,0.03335211797617376,0.0122746771893473,0.002744701259724662,20
800,0.8,high,0.155,0.03381840819990126,0.012251213341139183,0.0027394545837639535,20
800,0.8,high,0.16,0.03428469842362879,0.014877377951573914,0.0033266828426675847,20
800,0.8,high,0.165,0.03216910003531666,0.011881608805182743,0.0026568084970448667,20
800,0.8,high,0.17,0.03005350164700455,0.010919081863711098,0.002441580929914311,20
800,0.8,high,0.17500000000000002,0.032251324149401635,0.013349636721370425,0.002985069518391169,20
800,0.8,high,0.18,0.034449146651798705,0.01703107069785744,0.003808263181001402,20
800,0.8,high,0.185,0.034066830844070244,0.013094228401466425,0.0029279584818587335,20
800,0.8,high,0.19,0.03368451503634181,0.012114638129914557,0.0027089154381299877,20
800,0.8,high,0.195,0.03274083865512996,0.011168736499367673,0.002497405403536915,20
800,0.8,high,0.2,0.03179716227391812,0.012709430574813853,0.0028419150720598,20
800,0.8,high,0.20500000000000002,0.030371256457049932,0.010760408729848736,0.0024061005385623943,20
800,0.8,high,0.21,0.02894535064018176,0.010356198971388463,0.0023157164888538,20
800,0.8,high,0.215,0.031188884833148522,0.011066884077707548,0.002474630509686414,20
800,0.8,high,0.22,0.03343241902611529,0.012458694543416879,0.0027858487909985844,20
800,0.8,high,0.225,0.03375989187508822,0.012564886621474283,0.002809594061519416,20
800,0.8,high,0.23,0.03408736472406114,0.015068249958648552,0.0033693631209496555,20
800,0.8,high,0.23500000000000001,0.03330467730333718,0.01327056313329691,0.0029673881265754494,20
800,0.8,high,0.24,0.03252198988261322,0.0133051150078673,0.002975114160604393,20
800,0.8,high,0.245,0.03384695205400931,0.013278893831764477,0.0029692509273828026,20
800,0.8,high,0.25,0.035171914225405394,0.014516715157054322,0.0032460361901174998,20
800,0.8,high,0.255,0.03460920456212383,0.01259812512214446,0.002817026416216285,20
800,0.8,high,0.26,0.03404649489884226,0.012698667604194287,0.002839508398665282,20
800,0.8,high,0.265,0.033392689470880824,0.013271348282085009,0.0029675636911817133,20
800,0.8,high,0.27,0.03273888404291938,0.015452715477707062,0.0034553322245116126,20
800,0.8,high,0.275,0.03269700677325697,0.013035736211204385,0.002914879230500856,20
800,0.8,high,0.28,0.03265512950359455,0.013679433594007506,0.003058814340989504,20
800,0.8,high,0.28500000000000003,0.033711486482958825,0.011703979149390325,0.002617089298527693,20
800,0.8,high,0.29,0.034767843462323075,0.012196160677747455,0.0027271444339953214,20
800,0.8,high,0.295,0.032425394389526144,0.01024530868948781,0.0022909206680164027,20
800,0.8,high,0.3,0.030082945316729216,0.010920976873263252,0.002442004666931974,20
800,0.8,high,0.305,0.03143697725262124,0.011167798033645924,0.002497195556222077,20
800,0.8,high,0.31,0.03279100918851326,0.01328288211611285,0.0029701427348744584,20
800,0.8,high,0.315,0.03282615347408865,0.012602955593391259,0.002818106542423405,20
800,0.8,high,0.32,0.03286129775966401,0.012742248304836699,0.0028492533395796317,20
800,0.8,high,0.325,0.03243238425246091,0.013162178953941818,0.0029431526873030978,20
800,0.8,high,0.33,0.03200347074525779,0.014967304520503379,0.003346791034778545,20
800,0.8,high,0.335,0.03284295906494663,0.013437858636931149,0.0030047965384210713,20
800,0.8,high,0.34,0.033682447384635446,0.014497331886701938,0.003241701959104081,20
800,0.8,high,0.34500000000000003,0.034483515703638355,0.01128573057918905,0.002523566075081479,20
800,0.8,high,0.35000000000000003,0.03528458402264125,0.012853373503863258,0.00287410168948329,20
800,0.8,high,0.355,0.0342048820358347,0.010745019124166028,0.002402659318117049,20
800,0.8,high,0.36,0.03312518004902813,0.010691591533093233,0.002390712545565766,20
800,0.8,high,0.365,0.032639421291642066,0.010332222012823687,0.0023103550779293466,20
800,0.8,high,0.37,0.032153662534255986,0.012138447275730331,0.002714239324983015,20
800,0.8,high,0.375,0.032459086474458075,0.01182858289190487,0.0026449515423790336,20
800,0.8,high,0.38,0.03276451041466014,0.013591330154305192,0.0030391138129669116,20
800,0.8,high,0.385,0.034482138313178444,0.011421193050941258,0.002553856404605287,20
800,0.8,high,0.39,0.03619976621169675,0.011402979785171118,0.002549783794569857,20
800,0.8,high,0.395,0.035130977046258824,0.011703649858573367,0.0026170156668625846,20
800,0.8,high,0.4,0.03406218788082091,0.015097136583791854,0.0033758223666957533,20
800,0.8,high,0.405,0.03402589389167891,0.01172321487612332,0.002621390537784852,20
800,0.8,high,0.41000000000000003,0.0339895999025369,0.010988846395114358,0.0024571807533779215,20
800,0.8,high,0.41500000000000004,0.032367482300044964,0.010042313796684682,0.002245529630077095,20
800,0.8,high,0.42,0.030745364697553058,0.013602371431026234,0.003041582717497575,20
800,0.8,high,0.425,0.03021556285551924,0.011585900440595515,0.0025906860965716335,20
800,0.8,high,0.43,0.029685761013485412,0.01216757454510962,0.002720752380416119,20
800,0.8,high,0.435,0.030719668438226412,0.010049498753816348,0.002247136235333278,20
800,0.8,high,0.44,0.03175357586296741,0.010802333369656272,0.0024154751730165788,20
800,0.8,high,0.445,0.03333085400838172,0.010522653698528082,0.002352936897359837,20
800,0.8,high,0.45,0.03490813215379604,0.012446332885854186,0.002783084640336109,20
800,0.8,high,0.455,0.03520573375933357,0.01116172463643254,0.0024958375033197282,20
800,0.8,high,0.46,0.035503335364871116,0.01232361043371197,0.002755643065800563,20
800,0.8,high,0.465,0.03416630617980747,0.012967710115746826,0.0028996681331321566,20
800,0.8,high,0.47000000000000003,0.03282927699474385,0.01751566403719478,0.003916621545821593,20
800,0.8,high,0.47500000000000003,0.03311100155260647,0.013000593377132344,0.002907021053910148,20
800,0.8,high,0.48,0.03339272611046908,0.011207454507329297,0.002506063013312472,20
800,0.8,high,0.485,0.0316885125967868,0.010149205330689613,0.0022694313037025203,20
800,0.8,high,0.49,0.029984299083104515,0.011402149575549763,0.0025495981540549642,20
800,0.8,high,0.495,0.032207774987255106,0.013110057693880602,0.0029314980192461154,20
800,0.8,high,0.5,0.034431250891405696,0.016651678895677244,0.0037234285950232945,20
800,0.8,high,0.505,0.033476701301951836,0.013730281189931151,0.0030701842090872754,20
800,0.8,high,0.51,0.03252215171249796,0.014126110901292496,0.0031586944232990842,20
800,0.8,high,0.515,0.03336528331231724,0.012300568789395033,0.002750490797499959,20
800,0.8,high,0.52,0.034208414912136505,0.01350321082604661,0.0030194097321551306,20
800,0.8,high,0.525,0.03244269357974797,0.013403692589344807,0.0029971567779285163,20
800,0.8,high,0.53,0.030676972247359414,0.015896074948758155,0.0035544704160854717,20
800,0.8,high,0.535,0.0326188348698876,0.013818020401547995,0.0030898032932340255,20
800,0.8,high,0.54,0.03456069749241579,0.014992867968472035,0.003352507195518264,20
800,0.8,high,0.545,0.033167438898453847,0.01247977255812557,0.0027905619783705217,20
800,0.8,high,0.55,0.031774180304491896,0.011779514477295057,0.0026339795113174648,20
800,0.8,high,0.555,0.030688263548145182,0.011158849660975138,0.0024951946392640888,20
800,0.8,high,0.56,0.02960234679179848,0.012831886850632971,0.0028692971277601014,20
800,0.8,high,0.5650000000000001,0.031713218461348655,0.01223460753360463,0.0027357414123170996,20
800,0.8,high,0.5700000000000001,0.03382409013089875,0.016420624339528293,0.0036717632256172846,20
800,0.8,high,0.5750000000000001,0.03218529976881347,0.011674332593826001,0.002610460127173638,20
800,0.8,high,0.58,0.030546509406728244,0.012539272798931389,0.0028038666366824636,20
800,0.8,high,0.585,0.03228046163304194,0.011280443244950927,0.002522383791203858,20
800,0.8,high,0.59,0.034014413859355656,0.012271608881905276,0.0027440151653230385,20
800,0.8,high,0.595,0.03199888776269896,0.011168763683565968,0.0024974114821084453,20
800,0.8,high,0.6,0.029983361666042284,0.011960954589449846,0.002674550753779794,20
800,0.8,high,0.605,0.031326708803292906,0.01187228747377424,0.0026547241839778453,20
800,0.8,high,0.61,0.03267005594054354,0.013021357165146604,0.002911663978057176,20
800,0.8,high,0.615,0.03101648295611086,0.012174005225156052,0.002722190324188656,20
800,0.8,high,0.62,0.029362909971678165,0.012760811559589871,0.002853404209530806,20
800,0.8,high,0.625,0.03227913368942003,0.012030081203422778,0.0026900079345695805,20
800,0.8,high,0.63,0.0351953574071619,0.015059546015838655,0.0033674168601701355,20
800,0.8,high,0.635,0.03395614155340202,0.012291768105112347,0.002748522904669499,20
800,0.8,high,0.64,0.032716925699642165,0.012056856705065696,0.0026959951187501027,20
800,0.8,high,0.645,0.032899141985641714,0.010393942271247772,0.0023241561472718574,20
800,0.8,high,0.65,0.033081358271641256,0.011859378818183547,0.002651837720837953,20
800,0.8,high,0.655,0.03389920386623999,0.011805886712375273,0.0026398765223532615,20
800,0.8,high,0.66,0.03471704946083871,0.0127232574294003,0.00284500685073683,20
800,0.8,high,0.665,0.035712812498483494,0.008867267205724063,0.0019827812246653617,20
800,0.8,high,0.67,0.03670857553612829,0.011512750578523247,0.0025743292901578008,20
800,0.8,high,0.675,0.033231378145501374,0.010000378288785782,0.0022361525654438033,20
800,0.8,high,0.68,0.029754180754874442,0.012765192494711643,0.002854383816404536,20
800,0.8,high,0.685,0.03354723229022062,0.012110020661185108,0.002707882940733685,20
800,0.8,high,0.6900000000000001,0.03734028382556661,0.013170290671576417,0.0029449665225076225,20
800,0.8,high,0.6950000000000001,0.033883228937484015,0.012969559632673173,0.0029000816976894415,20
800,0.8,high,0.7000000000000001,0.03042617404940154,0.014343127273938487,0.0032072207594457704,20
800,0.8,high,0.705,0.031914554309090216,0.012264817774924937,0.0027424966276379872,20
800,0.8,high,0.71,0.03340293456877892,0.011880216739825852,0.0026564972217681536,20
800,0.8,high,0.715,0.03072892006103454,0.00869099282178903,0.0019433650741482987,20
800,0.8,high,0.72,0.02805490555329016,0.008465002391870834,0.0018928320777921496,20
800,0.8,high,0.725,0.03194817002021107,0.007769268186720703,0.0017372611800934021,20
800,0.8,high,0.73,0.03584143448713197,0.009229505673740836,0.0020637802085204503,20
800,0.8,high,0.735,0.034064482522784,0.008996967878950234,0.002011783176871482,20
800,0.8,high,0.74,0.032287530558436014,0.010762867284661184,0.0024066502881310986,20
800,0.8,high,0.745,0.031804307775964845,0.009465449790038088,0.0021165389168136275,20
800,0.8,high,0.75,0.03132108499349367,0.011637529110451985,0.0026022306181103295,20
800,0.8,high,0.755,0.030826375811739127,0.009528990340067933,0.0021307470157330734,20
800,0.8,high,0.76,0.03033166662998459,0.01056183768403564,0.0023616987028822634,20
800,0.8,high,0.765,0.029722327285004818,0.008908755497464005,0.001992058288725447,20
800,0.8,high,0.77,0.029112987940025054,0.008836122319333034,0.0019758170163531766,20
800,0.8,high,0.775,0.030434199788481543,0.009288878101599717,0.0020770562869886163,20
800,0.8,high,0.78,0.03175541163693803,0.011459747342404404,0.0025624774062588803,20
800,0.8,high,0.785,0.03184261313013849,0.01156379821405494,0.002585743888471751,20
800,0.8,high,0.79,0.03192981462333895,0.014010082403122699,0.0031327496623755964,20
800,0.8,high,0.795,0.031706365223872116,0.012237411329750446,0.002736368360194809,20
800,0.8,high,0.8,0.03148291582440531,0.013124118000942039,0.0029346419994835046,20
800,0.8,high,0.805,0.03183407214749119,0.011338640251792714,0.0025353970375423837,20
800,0.8,high,0.81,0.032185228470577074,0.012142207916565376,0.0027150802298376276,20
800,0.8,high,0.8150000000000001,0.03190632949663267,0.009918190876349047,0.002217774901333468,20
800,0.8,high,0.8200000000000001,0.03162743052268827,0.011048986239927963,0.0024706284314938726,20
800,0.8,high,0.8250000000000001,0.03126684550402085,0.010460558082075893,0.002339051895410652,20
800,0.8,high,0.8300000000000001,0.030906260485353432,0.012487428992343655,0.002792274009108211,20
800,0.8,high,0.835,0.031651709872142726,0.010780182060208402,0.0024105219896449715,20
800,0.8,high,0.84,0.03239715925893204,0.01155357904981401,0.0025834588138801554,20
800,0.8,high,0.845,0.0327600046863275,0.010216660309774344,0.0022845146955679492,20
800,0.8,high,0.85,0.033122850113722964,0.01126493156150263,0.002518915273340273,20
800,0.8,high,0.855,0.031152077496056634,0.011425542460326331,0.002554828962109987,20
800,0.8,high,0.86,0.029181304878390317,0.01351224216650618,0.003021429201274685,20
800,0.8,high,0.865,0.032035871973639586,0.013116621784957884,0.0029329657946320455,20
800,0.8,high,0.87,0.034890439068888855,0.015401064941381892,0.003443782813481872,20
800,0.8,high,0.875,0.031313680967214166,0.011168543844580157,0.0024973623246168078,20
800,0.8,high,0.88,0.02773692286553948,0.010079115973772711,0.002253758847045977,20
800,0.8,high,0.885,0.030550290042301642,0.010430118196619266,0.0023322453300998196,20
800,0.8,high,0.89,0.0333636572190638,0.01297060526193549,0.002900315507500422,20
800,0.8,high,0.895,0.03268019258088316,0.011414241063212212,0.002552301892891198,20
800,0.8,high,0.9,0.031996727942702516,0.011911478372909295,0.0026634875354343774,20
800,0.8,high,0.905,0.033119251146539075,0.01012901245850908,0.002264916040216857,20
800,0.8,high,0.91,0.03424177435037564,0.011835123718804866,0.0026464141157367784,20
800,0.8,high,0.915,0.03195295484787492,0.010067227796544304,0.0022511005698048485,20
800,0.8,high,0.92,0.02966413534537423,0.010790098329576983,0.0024127393348841062,20
800,0.8,high,0.925,0.030745224461873777,0.010035720863189419,0.0022440554053304407,20
800,0.8,high,0.93,0.03182631357837332,0.011729223880706715,0.0026227341920574097,20
800,0.8,high,0.935,0.032303982440025726,0.01007816130440139,0.0022535453764849457,20
800,0.8,high,0.9400000000000001,0.032781651301678094,0.01230338000306383,0.0027511194039862292,20
800,0.8,high,0.9450000000000001,0.031986473682688164,0.010465361341385168,0.0023401259368435617,20
800,0.8,high,0.9500000000000001,0.031191296063698304,0.011559664314006488,0.0025848195203196983,20
800,0.8,high,0.9550000000000001,0.03363970038705404,0.011050080913227827,0.0024708732078850375,20
800,0.8,high,0.96,0.03608810471040973,0.012915420588206657,0.0028879758393230404,20
800,0.8,high,0.965,0.031581136946600356,0.009260534452799857,0.00207071845444393,20
800,0.8,high,0.97,0.027074169182790986,0.008352247184544475,0.0018676192469522677,20
800,0.8,high,0.975,0.0289483123926766,0.009377617054262358,0.0020968989200291967,20
800,0.8,high,0.98,0.030822455602562204,0.013508580867595635,0.0030206105099496927,20
800,0.8,high,0.985,0.03164108092173896,0.011793055547888752,0.0026370073867510273,20
800,0.8,high,0.99,0.032459706240915695,0.012126287504964148,0.0027115203175806153,20
800,0.8,high,0.995,0.030268169274204403,0.010356577320117287,0.0023158010902014853,20
800,0.8,high,1.0,0.028076632307493125,0.010686959803816185,0.0023896768594140806,20
999,0.999,low,0.0,1.0,0.0,0.0,20
999,0.999,low,0.005,0.5143091027657889,0.010082429966053156,0.0022544998782475754,20
999,0.999,low,0.01,0.02861820553157789,0.020164859932106302,0.004508999756495148,20
999,0.999,low,0.015,0.026575931325157093,0.014073906238617089,0.0031470211058506185,20
999,0.999,low,0.02,0.024533657118736302,0.016570803314247564,0.0037053442652436363,20
999,0.999,low,0.025,0.020744940387036576,0.014791618077285722,0.003307506351802561,20
999,0.999,low,0.03,0.01695622365533685,0.016491462746750108,0.003687603175013864,20
999,0.999,low,0.035,0.01632410317557515,0.014935749194478282,0.0033397350493741163,20
999,0.999,low,0.04,0.01569198269581345,0.01850107439804785,0.0041369660010816,20
999,0.999,low,0.045,0.018145310434774724,0.015943154906950766,0.0035649978147751244,20
999,0.999,low,0.05,0.02059863817373601,0.017390730940922982,0.0038886856562312666,20
999,0.999,low,0.055,0.02042685090447776,0.014449016278460689,0.003230898260663913,20
999,0.999,low,0.06,0.02025506363521951,0.015522207348971355,0.003470871079314675,20
999,0.999,low,0.065,0.020292383768149496,0.011948311716586816,0.002671723721464532,20
999,0.999,low,0.07,0.020329703901079486,0.01574465578166364,0.0035206120610134983,20
999,0.999,low,0.075,0.019344729048704417,0.013066302867360685,0.002921714142601891,20
999,0.999,low,0.08,0.018359754196329355,0.013258384101170573,0.002964664812201985,20
999,0.999,low,0.085,0.02010250934690703,0.0119164818935142,0.002664606356654316,20
999,0.999,low,0.09,0.021845264497484702,0.016675931184217493,0.0037288515716018883,20
999,0.999,low,0.095,0.020604507917984544,0.0166795570301096,0.003729662335390957,20
999,0.999,low,0.1,0.01936375133848439,0.020947532669967395,0.0046840107010944765,20
999,0.999,low,0.105,0.018998769437215134,0.016624449424532377,0.0037173399001761654,20
999,0.999,low,0.11,0.018633787535945884,0.015683129055090488,0.0035068542667084372,20
999,0.999,low,0.115,0.018437537975745117,0.013693436817128419,0.00306194555686975,20
999,0.999,low,0.12,0.018241288415544354,0.01603890511453856,0.0035864082120777266,20
999,0.999,low,0.125,0.018651290627118823,0.00962508908542607,0.002152235348450397,20
999,0.999,low,0.13,0.01906129283869329,0.01293029873275036,0.002891302693580919,20
999,0.999,low,0.135,0.020690537042391953,0.01329216097273969,0.0029722175502915676,20
999,0.999,low,0.14,0.02231978124609062,0.018053683212840316,0.004036926290815775,20
999,0.999,low,0.145,0.021265623732566994,0.01676847474981986,0.003749544941958599,20
999,0.999,low,0.15,0.020211466219043354,0.01897200447957633,0.0042422691685763195,20
999,0.999,low,0.155,0.020345156550368605,0.01822589962789539,0.004075435051906221,20
999,0.999,low,0.16,0.02047884688169385,0.02088555418779808,0.004670151891167191,20
999,0.999,low,0.165,0.02335789079263729,0.015497744387728368,0.0034654009948876484,20
999,0.999,low,0.17,0.02623693470358073,0.027837906799948357,0.006224745195598816,20
999,0.999,low,0.17500000000000002,0.02516517028649105,0.023997310435685554,0.005365961741135799,20
999,0.999,low,0.18,0.02409340586940137,0.023084245033072163,0.005161794110321124,20
999,0.999,low,0.185,0.02197646256594453,0.013605804812221164,0.003042350444872028,20
999,0.999,low,0.19,0.01985951926248769,0.01644983747670179,0.0036782954816728815,20
999,0.999,low,0.195,0.022042565147955127,0.014275168998224154,0.003192024827032678,20
999,0.999,low,0.2,0.024225611033422564,0.017541949918606272,0.003922499247590053,20
999,0.999,low,0.20500000000000002,0.025009977778245228,0.015271523690967773,0.003414816509300243,20
999,0.999,low,0.21,0.025794344523067902,0.015065689223126443,0.003368790523079672,20
999,0.999,low,0.215,0.023839457164091676,0.012622436486772406,0.002822462602609672,20
999,0.999,low,0.22,0.021884569805115463,0.015435990028949383,0.0034515923004739767,20
999,0.999,low,0.225,0.021261478654851087,0.010690838404119545,0.002390544140807667,20
999,0.999,low,0.23,0.02063838750458672,0.015990160664432245,0.0035755086216813703,20
999,0.999,low,0.23500000000000001,0.022459373715658638,0.013309558704453491,0.002976107801368204,20
999,0.999,low,0.24,0.024280359926730555,0.020362015262346853,0.004553085028549578,20
999,0.999,low,0.245,0.022740843695792136,0.017287207429081207,0.003865537095256495,20
999,0.999,low,0.25,0.021201327464853724,0.024693907236260002,0.0055217255210351325,20
999,0.999,low,0.255,0.01961623683232271,0.019527080312156546,0.004366387898007985,20
999,0.999,low,0.26,0.018031146199791695,0.019268677085606072,0.004308607179990771,20
999,0.999,low,0.265,0.018630927862347258,0.01618826441952064,0.0036198059679789325,20
999,0.999,low,0.27,0.019230709524902825,0.021545021375951594,0.004817613237331381,20
999,0.999,low,0.275,0.023508579075811813,0.023732534567726504,0.005306756057180005,20
999,0.999,low,0.28,0.027786448626720816,0.03441086068773119,0.007694502366204211,20
999,0.999,low,0.28500000000000003,0.0220571906152084,0.021428708851588704,0.004791604966220379,20
999,0.999,low,0.29,0.01632793260369605,0.017176998007699795,0.0038408935194595194,20
999,0.999,low,0.295,0.015951615951198615,0.013831630757721654,0.0030928466613942543,20
999,0.999,low,0.3,0.01557529929870119,0.022850963570539288,0.005109630789509716,20
999,0.999,low,0.305,0.018669215852229783,0.01637139754384968,0.0036607557794720975,20
999,0.999,low,0.31,0.021763132405758365,0.01899009937482116,0.004246315310157637,20
999,0.999,low,0.315,0.021971913391147003,0.013949922537995853,0.003119297507581512,20
999,0.999,low,0.32,0.022180694376535637,0.017571943572018436,0.0039292060323823695,20
999,0.999,low,0.325,0.024170600191743382,0.016634667158632436,0.00371962465497854,20
999,0.999,low,0.33,0.026160506006951134,0.017873791333405938,0.0039967012437142286,20
999,0.999,low,0.335,0.021115013694604085,0.014645826126599362,0.003274906280571861,20
999,0.999,low,0.34,0.016069521382257028,0.01746411155803241,0.003905094061040023,20
999,0.999,low,0.34500000000000003,0.019487474779840967,0.014460221220433897,0.0032334037618575165,20
999,0.999,low,0.35000000000000003,0.02290542817742487,0.017053884757311604,0.003813364559779625,20
999,0.999,low,0.355,0.023659974358500525,0.013670758045208741,0.0030568744293038887,20
999,0.999,low,0.36,0.024414520539576184,0.013568946767825846,0.003034108735593465,20
999,0.999,low,0.365,0.02227383560501039,0.014595041343025018,0.0032635504577423766,20
999,0.999,low,0.37,0.020133150670444595,0.018951952388167125,0.004237785384628117,20
999,0.999,low,0.375,0.0225546173931798,0.014652512933235802,0.003276401495991009,20
999,0.999,low,0.38,0.024976084115915,0.013105234191181096,0.0029304194512535403,20
999,0.999,low,0.385,0.023067666438679833,0.014510411012218817,0.0032446265404782806,20
999,0.999,low,0.39,0.021159248761444663,0.019864618736464213,0.0044418637841849955,20
999,0.999,low,0.395,0.021591011517351336,0.01530930427308941,0.003423264504285592,20
999,0.999,low,0.4,0.022022774273258012,0.017591618974918437,0.0039336055862192795,20
999,0.999,low,0.405,0.020134334105532604,0.012481454132934375,0.0027909379899286957,20
999,0.999,low,0.41000000000000003,0.01824589393780724,0.014897489438135757,0.00333117990777567,20
999,0.999,low,0.41500000000000004,0.02002932356937286,0.014596863657676594,0.003263957939686108,20
999,0.999,low,0.42,0.02181275320093846,0.01798212960053313,0.004020926416700321,20
999,0.999,low,0.425,0.02198621531021976,0.01544327370443524,0.003453220979825219,20
999,0.999,low,0.43,0.022159677419501048,0.016059833068956173,0.0035910878449485067,20
999,0.999,low,0.435,0.022535955843098546,0.011738917798428434,0.0026249018179568154,20
999,0.999,low,0.44,0.022912234266696026,0.017853950601338077,0.003992264721151518,20
999,0.999,low,0.445,0.020540093209468372,0.014667144427064535,0.0032796731974723504,20
999,0.999,low,0.45,0.018167952152240707,0.01654595037887186,0.003699786979949588,20
999,0.999,low,0.455,0.019469711241254115,0.011963504887124148,0.002675121017676054,20
999,0.999,low,0.46,0.020771470330267522,0.013733808784090291,0.003070973003120962,20
999,0.999,low,0.465,0.020136791371745243,0.010774160937369352,0.0024091756256480724,20
999,0.999,low,0.47000000000000003,0.01950211241322297,0.01631077395623767,0.0036471999331780607,20
999,0.999,low,0.47500000000000003,0.018808227684858132,0.011917049751915003,0.002664733333652895,20
999,0.999,low,0.48,0.018114342956493296,0.014614867240222693,0.0032679836631272687,20
999,0.999,low,0.485,0.023437389588507357,0.0129931586470407,0.00290535859772222,20
999,0.999,low,0.49,0.028760436220521414,0.01741350018633722,0.0038937770142855274,20
999,0.999,low,0.495,0.02480418643526112,0.012955793761103942,0.0028970035552296084,20
999,0.999,low,0.5,0.020847936650000815,0.018233201323949275,0.004077067760778974,20
999,0.999,low,0.505,0.02219322029976562,0.011009272554208605,0.002461748181403318,20
999,0.999,low,0.51,0.023538503949530422,0.013219668669398454,0.0029560077784799134,20
999,0.999,low,0.515,0.02479243268952511,0.01194868810490203,0.002671807884450408,20
999,0.999,low,0.52,0.026046361429519792,0.016927148656975127,0.0037850255062240653,20
999,0.999,low,0.525,0.023893449371486596,0.011930815709653434,0.0026678114953807472,20
999,0.999,low,0.53,0.02174053731345339,0.011572503346154102,0.0025876904151844347,20
999,0.999,low,0.535,0.021356165099859936,0.011765689707548608,0.0026308881988248304,20
999,0.999,low,0.54,0.020971792886266487,0.016023472165323863,0.0035829572997239903,20
999,0.999,low,0.545,0.0207694623421412,0.013961545501255298,0.003121896481176322,20
999,0.999,low,0.55,0.02056713179801591,0.016549454868819258,0.003700570607724472,20
999,0.999,low,0.555,0.01789825916920866,0.011989238553531605,0.002680875240415792,20
999,0.999,low,0.56,0.015229386540401419,0.017508445735229233,0.003915007484433884,20
999,0.999,low,0.5650000000000001,0.017242378236842368,0.014620882838696824,0.0032693287918386187,20
999,0.999,low,0.5700000000000001,0.01925536993328325,0.016249738113172218,0.003633551903762225,20
999,0.999,low,0.5750000000000001,0.01874722123485601,0.011499093126872447,0.0025712753911287405,20
999,0.999,low,0.58,0.018239072536428768,0.013464482487273938,0.003010749812339997,20
999,0.999,low,0.585,0.01955862045729494,0.011631594524605953,0.002600903604373326,20
999,0.999,low,0.59,0.02087816837816111,0.013556950256161113,0.0030314262340359432,20
999,0.999,low,0.595,0.021630640016228424,0.014619621109904168,0.0032690466607036644,20
999,0.999,low,0.6,0.022383111654295747,0.018729835979263244,0.004188118645705396,20
999,0.999,low,0.605,0.020301669401087567,0.018642586054464262,0.004168608969417169,20
999,0.999,low,0.61,0.018220227147879388,0.020746952509578108,0.0046391596137376504,20
999,0.999,low,0.615,0.020752629277364272,0.013486877618518796,0.0030157575159228504,20
999,0.999,low,0.62,0.023285031406849156,0.01757058676857288,0.0039289026419087325,20
999,0.999,low,0.625,0.023898216849241483,0.016173313920972036,0.003616462934873713,20
999,0.999,low,0.63,0.02451140229163381,0.0189994155846323,0.0042483984780006725,20
999,0.999,low,0.635,0.023481633076250244,0.013808870602263353,0.003087757335915932,20
999,0.999,low,0.64,0.022451863860866676,0.017136826738303836,0.0038319109505483375,20
999,0.999,low,0.645,0.022742654761241286,0.01470495678459539,0.0032881282976552025,20
999,0.999,low,0.65,0.023033445661615894,0.01638478361476422,0.003663748995923752,20
999,0.999,low,0.655,0.01951003880152712,0.016353640585784555,0.0036567852029413747,20
999,0.999,low,0.66,0.015986631941438345,0.021933577064026606,0.004904496930489374,20
999,0.999,low,0.665,0.01925433297884107,0.01852101720257705,0.004141425347740527,20
999,0.999,low,0.67,0.0225220340162438,0.018593097584157954,0.00415754301104643,20
999,0.999,low,0.675,0.021421259203343652,0.013720696953373168,0.0030680411086416665,20
999,0.999,low,0.68,0.0203204843904435,0.01363641817631329,0.0030491958011850226,20
999,0.999,low,0.685,0.01950560295197646,0.013737465611535521,0.0030717906945959142,20
999,0.999,low,0.6900000000000001,0.01869072151350951,0.016846368393287837,0.0037669624901395513,20
999,0.999,low,0.6950000000000001,0.021727429572007843,0.012354193121864565,0.0027624815627649508,20
999,0.999,low,0.7000000000000001,0.02476413763050604,0.013072505764464509,0.0029231011525600497,20
999,0.999,low,0.705,0.021872960424516353,0.010267399374815512,0.0022958602954226324,20
999,0.999,low,0.71,0.018981783218526595,0.012401940620212916,0.0027731582279711983,20
999,0.999,low,0.715,0.01957862752431538,0.011505821104087398,0.0025727798125691104,20
999,0.999,low,0.72,0.02017547183010417,0.016064707414999522,0.0035921777818583855,20
999,0.999,low,0.725,0.020948792256143253,0.009881164703538616,0.00220949559739839,20
999,0.999,low,0.73,0.021722112682182344,0.01052231481566526,0.002352861120848069,20
999,0.999,low,0.735,0.019664102083479525,0.011630129682666294,0.002600576055757989,20
999,0.999,low,0.74,0.0176060914847767,0.01661666658681784,0.00371559960475741,20
999,0.999,low,0.745,0.02049127200899723,0.014189763595557863,0.003172927598431921,20
999,0.999,low,0.75,0.023376452533217768,0.0178522230927067,0.003991878438478371,20
999,0.999,low,0.755,0.021132504913354448,0.016725577280894726,0.00373995277630067,20
999,0.999,low,0.76,0.018888557293491127,0.01899142984697481,0.004246612812775411,20
999,0.999,low,0.765,0.019141928491347545,0.013257938803011786,0.0029645652405066547,20
999,0.999,low,0.77,0.01939529968920397,0.013617023321492975,0.0030448589798058264,20
999,0.999,low,0.775,0.02098052899377459,0.014832686617289663,0.0033166895565211094,20
999,0.999,low,0.78,0.022565758298345222,0.018950736856729808,0.004237513583535854,20
999,0.999,low,0.785,0.020281417420628715,0.015715329516854778,0.003514054508849621,20
999,0.999,low,0.79,0.01799707654291221,0.015451861109605542,0.003455141181996332,20
999,0.999,low,0.795,0.018789519071384955,0.014524651694616747,0.0032478108538670563,20
999,0.999,low,0.8,0.0195819615998577,0.016359774525432448,0.0036581567935436315,20
999,0.999,low,0.805,0.018943449274374868,0.014738793714560243,0.0032956944652103334,20
999,0.999,low,0.81,0.01830493694889204,0.019873068424498912,0.004443753191868421,20
999,0.999,low,0.8150000000000001,0.017164531502736873,0.018106172934475678,0.004048663349385446,20
999,0.999,low,0.8200000000000001,0.01602412605658176,0.018002562677310055,0.0040254953915665895,20
999,0.999,low,0.8250000000000001,0.017286801291969238,0.013645296449107659,0.0030511810433341223,20
999,0.999,low,0.8300000000000001,0.018549476527356723,0.013586482077113759,0.0030380297499508903,20
999,0.999,low,0.835,0.019796078121095587,0.012388481473192315,0.0027701486712054754,20
999,0.999,low,0.84,0.02104267971483447,0.01482592700119813,0.003315178060412862,20
999,0.999,low,0.845,0.022222330608346965,0.011882047391492175,0.002656906567925056,20
999,0.999,low,0.85,0.023401981501859452,0.016651773007084484,0.0037234496389736992,20
999,0.999,low,0.855,0.024223650272663995,0.012801647721996618,0.002862535453038977,20
999,0.999,low,0.86,0.025045319043468527,0.015137160569728959,0.0033847720020243393,20
999,0.999,low,0.865,0.023333876774122474,0.010044155912828475,0.0022459415397690923,20
999,0.999,low,0.87,0.021622434504776418,0.01246915672827484,0.0027881882066521416,20
999,0.999,low,0.875,0.019176772433905476,0.013215074055922158,0.00295498039167358,20
999,0.999,low,0.88,0.016731110363034533,0.01738283227008637,0.0038869194597390107,20
999,0.999,low,0.885,0.015320528943896839,0.010742908223949205,0.002402187306479196,20
999,0.999,low,0.89,0.01390994752475914,0.012522468104846448,0.002800108992850962,20
999,0.999,low,0.895,0.018970473204681183,0.012719937198271549,0.00284426442448634,20
999,0.999,low,0.9,0.024030998884603222,0.019845092612703154,0.004437497610178315,20
999,0.999,low,0.905,0.023040818756174607,0.014469577947068416,0.003235495989537683,20
999,0.999,low,0.91,0.022050638627745988,0.0167912065731344,0.003754627932176981,20
999,0.999,low,0.915,0.018669129194604468,0.014262062935441432,0.0031890942223027235,20
999,0.999,low,0.92,0.015287619761462945,0.017612041314167798,0.003938172160101392,20
999,0.999,low,0.925,0.01716582038755102,0.012284906162029622,0.002746988527550428,20
999,0.999,low,0.93,0.01904402101363909,0.01737092583167305,0.0038842570991728005,20
999,0.999,low,0.935,0.016983387156651562,0.0127495450045538,0.002850884931237516,20
999,0.999,low,0.9400000000000001,0.014922753299664072,0.01768827002615426,0.0039552174182852905,20
999,0.999,low,0.9450000000000001,0.014288905492915838,0.014585494713331267,0.0032614157664472517,20
999,0.999,low,0.9500000000000001,0.013655057686167699,0.018323886275199017,0.004097345532332042,20
999,0.999,low,0.9550000000000001,0.01739660566682392,0.013470792551451703,0.003012160785584384,20
999,0.999,low,0.96,0.021138153647480066,0.015548005130615565,0.0034766396386571898,20
999,0.999,low,0.965,0.020735634502925676,0.012046611996636664,0.002693704332304405,20
999,0.999,low,0.97,0.020333115358371286,0.01641968190784577,0.0036715524914866576,20
999,0.999,low,0.975,0.019591469066799615,0.010342896389377083,0.002312741941088429,20
999,0.999,low,0.98,0.018849822775227943,0.01024965128264738,0.002291891701366745,20
999,0.999,low,0.985,0.01923640243051826,0.009361616419685512,0.0020933210693695,20
999,0.999,low,0.99,0.019622982085808566,0.012024862729726528,0.0026888410483772197,20
999,0.999,low,0.995,0.019768046985627737,0.008983427621638933,0.0020087554832933915,20
999,0.999,low,1.0,0.0199131118854469,0.011639245948659737,0.0026026145148042197,20
999,0.999,high,0.0,1.0,0.0,0.0,20
999,0.999,high,0.005,0.5166379208227347,0.007294904921654002,0.0016311903294216124,20
999,0.999,high,0.01,0.03327584164546958,0.014589809843308025,0.0032623806588432296,20
999,0.999,high,0.015,0.03146221368122497,0.012397957159324114,0.002772267499037891,20
999,0.999,high,0.02,0.02964858571698036,0.016183011936503084,0.0036186314770711406,20
999,0.999,high,0.025,0.02897733537281359,0.011978713996334388,0.002678521877883186,20
999,0.999,high,0.03,0.028306085028646823,0.012474118788032017,0.002789297756944688,20
999,0.999,high,0.035,0.028188775279801726,0.01152922728190559,0.002578013593038603,20
999,0.999,high,0.04,0.028071465530956623,0.015747906872488927,0.0035213390270221355,20
999,0.999,high,0.045,0.029128635871602453,0.013264044998962693,0.0029659306274296706,20
999,0.999,high,0.05,0.030185806212248277,0.015135155650650932,0.003384323688489554,20
999,0.999,high,0.055,0.031050835568166797,0.011887726933744113,0.0026581765521806974,20
999,0.999,high,0.06,0.031915864924085324,0.014500008635283456,0.003242300498282776,20
999,0.999,high,0.065,0.03160737876353474,0.011810998131670053,0.0026410194704537247,20
999,0.999,high,0.07,0.03129889260298417,0.015533154238202505,0.003473318878160976,20
999,0.999,high,0.075,0.030501974222715937,0.013941186910260406,0.0031173441618372526,20
999,0.999,high,0.08,0.029705055842447713,0.016215494785920177,0.003625894863011091,20
999,0.999,high,0.085,0.031087412366565943,0.012818339693672883,0.0028662678913736394,20
999,0.999,high,0.09,0.03246976889068416,0.014117622032828063,0.0031567962546052313,20
999,0.999,high,0.095,0.0324318577144489,0.011720028382994007,0.002620678016260154,20
999,0.999,high,0.1,0.03239394653821365,0.014267559801963758,0.00319032335902344,20
999,0.999,high,0.105,0.029084541679767435,0.012556750688174434,0.00280777481152753,20
999,0.999,high,0.11,0.02577513682132121,0.014380544680984084,0.003215587546015344,20
999,0.999,high,0.115,0.02994898948170886,0.008670925527580649,0.0019388778907508558,20
999,0.999,high,0.12,0.03412284214209648,0.011135807411404689,0.002490042235624685,20
999,0.999,high,0.125,0.032321035661298084,0.008348087177432626,0.00186668904108337,20
999,0.999,high,0.13,0.03051922918049968,0.012031251507305735,0.002690269622473243,20
999,0.999,high,0.135,0.03152207281472025,0.010594724247287749,0.0023690523619800696,20
999,0.999,high,0.14,0.03252491644894084,0.013113038924013156,0.0029321646425694114,20
999,0.999,high,0.145,0.032676797617071617,0.013880752193326533,0.003103830548310743,20
999,0.999,high,0.15,0.03282867878520241,0.018123021690275836,0.00405243084571599,20
999,0.999,high,0.155,0.03115164329530671,0.015071715153229302,0.0033701379620134377,20
999,0.999,high,0.16,0.02947460780541102,0.016350445964131072,0.0036560708638234164,20
999,0.999,high,0.165,0.03352543485806867,0.012434417723900526,0.0027804203291269787,20
999,0.999,high,0.17,0.037576261910726313,0.015019265951956177,0.0033584099640722102,20
999,0.999,high,0.17500000000000002,0.03585189499901995,0.012567561415271626,0.002810192163595082,20
999,0.999,high,0.18,0.0341275280873136,0.015593011357693023,0.0034867033369727885,20
999,0.999,high,0.185,0.032686455440125425,0.013776004166386926,0.003080408177436149,20
999,0.999,high,0.19,0.03124538279293726,0.014989439666478026,0.003351740603887664,20
999,0.999,high,0.195,0.029985273031634275,0.013088790196637945,0.0029267424622915284,20
999,0.999,high,0.2,0.028725163270331294,0.016703793588950144,0.00373508179470177,20
999,0.999,high,0.20500000000000002,0.029256887227093114,0.014972653559352393,0.003347987116226613,20
999,0.999,high,0.21,0.029788611183854907,0.01677864429294148,0.003751818920930604,20
999,0.999,high,0.215,0.03174530042893214,0.013892453907895631,0.003106447131233723,20
999,0.999,high,0.22,0.03370198967400938,0.013773963714736371,0.0030799519185766046,20
999,0.999,high,0.225,0.032123826610719934,0.012769120524784138,0.002855262150630512,20
999,0.999,high,0.23,0.030545663547430497,0.017765232934458454,0.003972426847756717,20
999,0.999,high,0.23500000000000001,0.032027926102649276,0.013585025443304786,0.0030377040367293713,20
999,0.999,high,0.24,0.03351018865786803,0.012836785671044739,0.002870392537305129,20
999,0.999,high,0.245,0.031197097645975502,0.009955954182080716,0.00222621903320058,20
999,0.999,high,0.25,0.02888400663408296,0.011500663703825225,0.002571626582811771,20
999,0.999,high,0.255,0.0277549260527788,0.008976657001873816,0.002007241526688931,20
999,0.999,high,0.26,0.026625845471474657,0.012015100515389883,0.0026866581508904535,20
999,0.999,high,0.265,0.028204232458714007,0.012519465290308538,0.002799437543107903,20
999,0.999,high,0.27,0.02978261944595336,0.01597839891685764,0.003572878614970269,20
999,0.999,high,0.275,0.0321270365533807,0.01338267022464229,0.0029924560342762543,20
999,0.999,high,0.28,0.034471453660808046,0.01706294917367156,0.003815391424895347,20
999,0.999,high,0.28500000000000003,0.03312851940325345,0.011986321333650546,0.0026802229302198555,20
999,0.999,high,0.29,0.03178558514569886,0.013431978290732682,0.0030034816530379706,20
999,0.999,high,0.295,0.02998183173491271,0.012393981504472058,0.0027713785155874635,20
999,0.999,high,0.3,0.028178078324126547,0.014907203685513433,0.003333352079524343,20
999,0.999,high,0.305,0.029864820847966867,0.011006084241460481,0.0024610352529994845,20
999,0.999,high,0.31,0.03155156337180719,0.010708085898859345,0.0023944007978756432,20
999,0.999,high,0.315,0.033498383178327165,0.011062791478321813,0.0024737153766432964,20
999,0.999,high,0.32,0.03544520298484713,0.01582117451504329,0.0035377221699524064,20
999,0.999,high,0.325,0.03375253158485671,0.012641368218900065,0.0028266958666065987,20
999,0.999,high,0.33,0.032059860184866326,0.015964188896600347,0.0035697011578445736,20
999,0.999,high,0.335,0.028911855651967928,0.013096883365429869,0.0029285521498487403,20
999,0.999,high,0.34,0.025763851119069543,0.015391134324063329,0.003441562259943588,20
999,0.999,high,0.34500000000000003,0.03197410086247453,0.014819033076594488,0.003313636532008312,20
999,0.999,high,0.35000000000000003,0.03818435060587941,0.020228072382108813,0.0045231344900181405,20
999,0.999,high,0.355,0.03453004725878903,0.01300379331757131,0.002907736582344696,20
999,0.999,high,0.36,0.030875743911698623,0.013540880615634219,0.0030278329531767314,20
999,0.999,high,0.365,0.030980568231170763,0.012567048341048484,0.002810077436711037,20
999,0.999,high,0.37,0.031085392550642917,0.015019439139964848,0.0033584486900882374,20
999,0.999,high,0.375,0.03101519750615504,0.012936811892998255,0.0028927590804871833,20
999,0.999,high,0.38,0.030945002461667176,0.015029797514043078,0.0033607648929457673,20
999,0.999,high,0.385,0.030854163049856047,0.011628179985944226,0.0026001400903173837,20
999,0.999,high,0.39,0.030763323638044914,0.011849517283052911,0.0026496326145464925,20
999,0.999,high,0.395,0.033008512267163795,0.009819299019878071,0.0021956620099844427,20
999,0.999,high,0.4,0.035253700896282686,0.013721132834557165,0.0030681385746374194,20
999,0.999,high,0.405,0.03297973861840241,0.012118771049368452,0.0027098395870144318,20
999,0.999,high,0.41000000000000003,0.03070577634052219,0.014221980690595775,0.0031801315598861558,20
999,0.999,high,0.41500000000000004,0.03129517088624804,0.010855997156421557,0.0024274747605303017,20
999,0.999,high,0.42,0.0318845654319739,0.011163316050595623,0.0024961933543446294,20
999,0.999,high,0.425,0.032661516955995465,0.01075140622711224,0.002404087517753751,20
999,0.999,high,0.43,0.03343846848001704,0.015693551069056677,0.0035091846998775225,20
999,0.999,high,0.435,0.032437563524241944,0.01252020453479097,0.002799602843199374,20
999,0.999,high,0.44,0.031436658568466856,0.01668328049295964,0.0037304949269953954,20
999,0.999,high,0.445,0.03138600707359729,0.013122248523294862,0.002934223971573354,20
999,0.999,high,0.45,0.0313353555787277,0.01657487333715443,0.003706254350032609,20
999,0.999,high,0.455,0.031005809475415542,0.011471953737224722,0.0025652068391167236,20
999,0.999,high,0.46,0.030676263372103368,0.01193108418236377,0.0026678715277037887,20
999,0.999,high,0.465,0.03056441474608922,0.009847991454430927,0.0022020778333944574,20
999,0.999,high,0.47000000000000003,0.03045256612007507,0.0153701860906188,0.0034368780925445376,20
999,0.999,high,0.47500000000000003,0.03151456375945903,0.010313101887219742,0.002306079687870471,20
999,0.999,high,0.48,0.03257656139884299,0.015966004668126733,0.0035701071767010343,20
999,0.999,high,0.485,0.033594396223100675,0.012009893995525206,0.0026854939376560914,20
999,0.999,high,0.49,0.03461223104735837,0.015355217839239342,0.0034335310897856603,20
999,0.999,high,0.495,0.03328165373308972,0.013531230347541287,0.003025675087631042,20
999,0.999,high,0.5,0.031951076418821084,0.014717507079236905,0.00329093462885081,20
999,0.999,high,0.505,0.03388143545254327,0.01352204542019462,0.003023621275439488,20
999,0.999,high,0.51,0.035811794486265466,0.016311246192310627,0.003647305528374117,20
999,0.999,high,0.515,0.03474429971077673,0.014023589987380894,0.0031357700500369095,20
999,0.999,high,0.52,0.03367680493528799,0.016136072466590202,0.0036081354925158395,20
999,0.999,high,0.525,0.032596034934977064,0.012618483083847764,0.0028215785948414777,20
999,0.999,high,0.53,0.031515264934666144,0.019498429276557105,0.004359981331685373,20
999,0.999,high,0.535,0.030927329194867827,0.014857754862553947,0.003322294986569867,20
999,0.999,high,0.54,0.03033939345506951,0.015921863347843353,0.0035602368774240115,20
999,0.999,high,0.545,0.029897695969751413,0.012459983214204173,0.002786136946546685,20
999,0.999,high,0.55,0.029455998484433317,0.011850979100912701,0.0026499594869570137,20
999,0.999,high,0.555,0.027108653892743563,0.008718869332325189,0.0019495984514017325,20
999,0.999,high,0.56,0.02476130930105379,0.009632038129250491,0.0021537892018874,20
999,0.999,high,0.5650000000000001,0.03035383440728771,0.010789750985271204,0.002412661666336174,20
999,0.999,high,0.5700000000000001,0.035946359513521445,0.016207299429643263,0.0036240623256375906,20
999,0.999,high,0.5750000000000001,0.033223431346608115,0.01137980226475953,0.0025446011434508368,20
999,0.999,high,0.58,0.030500503179694834,0.012833355874335478,0.0028696256114460377,20
999,0.999,high,0.585,0.030702318404801192,0.01240495579144442,0.0027738324407549425,20
999,0.999,high,0.59,0.030904133629907543,0.016163734881530258,0.0036143209965386162,20
999,0.999,high,0.595,0.029350999504628515,0.012024100231843587,0.002688670548667324,20
999,0.999,high,0.6,0.027797865379349484,0.013056041371453216,0.0029194196023618973,20
999,0.999,high,0.605,0.026808384940571462,0.011752406752933153,0.0026279180398786108,20
999,0.999,high,0.61,0.025818904501793437,0.015269711527407276,0.003414411297209481,20
999,0.999,high,0.615,0.028189985909314895,0.011824648460612675,0.0026440717767968183,20
999,0.999,high,0.62,0.03056106731683637,0.015273929967358263,0.0034153545690584217,20
999,0.999,high,0.625,0.03455434919601734,0.0154621312094673,0.003457437646138992,20
999,0.999,high,0.63,0.038547631075198305,0.02085922493498989,0.004664264491259602,20
999,0.999,high,0.635,0.03678783991296466,0.01648915306294105,0.003687086714013506,20
999,0.999,high,0.64,0.035028048750731,0.019467168194269583,0.004352991141180862,20
999,0.999,high,0.645,0.03461008889741303,0.015397352866138704,0.003442952768223736,20
999,0.999,high,0.65,0.034192129044095056,0.018587082212457712,0.004156197933043263,20
999,0.999,high,0.655,0.03310361974775635,0.012977853578389084,0.0029019362803316888,20
999,0.999,high,0.66,0.03201511045141766,0.014715972177497727,0.003290591414388052,20
999,0.999,high,0.665,0.03176562367007136,0.01208305669228558,0.0027018536139934313,20
999,0.999,high,0.67,0.031516136888725066,0.013421875583883981,0.003001222619110926,20
999,0.999,high,0.675,0.030552824399783275,0.012678555668618892,0.002835011233154714,20
999,0.999,high,0.68,0.02958951191084148,0.014914891307658891,0.003335071084094601,20
999,0.999,high,0.685,0.028202506517894393,0.013193707769788551,0.0029502027448514347,20
999,0.999,high,0.6900000000000001,0.026815501124947357,0.01695030442288982,0.0037902032928896975,20
999,0.999,high,0.6950000000000001,0.027835945187689524,0.015502416176884155,0.003466445638700537,20
999,0.999,high,0.7000000000000001,0.02885638925043173,0.017535348445409302,0.003921023113308046,20
999,0.999,high,0.705,0.03141086329783624,0.012504312951774354,0.0027960493772098503,20
999,0.999,high,0.71,0.033965337345240786,0.0157213044415194,0.0035153905426206743,20
999,0.999,high,0.715,0.03213214001618326,0.01173960743765355,0.002625056025975546,20
999,0.999,high,0.72,0.03029894268712572,0.014965359851743425,0.003346356193624447,20
999,0.999,high,0.725,0.032589173949963884,0.011084800387037618,0.002478636718243209,20
999,0.999,high,0.73,0.03487940521280204,0.012859681202565124,0.002875512133791186,20
999,0.999,high,0.735,0.03496034593966519,0.01047913533356281,0.0023432058951266374,20
999,0.999,high,0.74,0.03504128666652832,0.011594533580206332,0.002592616525274537,20
999,0.999,high,0.745,0.0329750701978143,0.010089573340993026,0.002256097185443007,20
999,0.999,high,0.75,0.030908853729100277,0.015002256128725659,0.003354606451969341,20
999,0.999,high,0.755,0.03036069087412519,0.012972533463707522,0.0029007466665240816,20
999,0.999,high,0.76,0.029812528019150096,0.01317109797627367,0.0029451470413257835,20
999,0.999,high,0.765,0.03036443857379103,0.01066541809232947,0.002384859986290482,20
999,0.999,high,0.77,0.03091634912843194,0.011700422765309047,0.0026162940668717095,20
999,0.999,high,0.775,0.03248765237401434,0.011441086298483507,0.002558304669985057,20
999,0.999,high,0.78,0.03405895561959672,0.015138796831834608,0.0033851378813540634,20
999,0.999,high,0.785,0.031185643749389175,0.011793370229910853,0.002637077751790299,20
999,0.999,high,0.79,0.02831233187918163,0.014350917705459819,0.0032089627528913457,20
999,0.999,high,0.795,0.03025802665564698,0.012231569227930098,0.0027350620265146315,20
999,0.999,high,0.8,0.032203721432112316,0.017721866765703854,0.003962729877630815,20
999,0.999,high,0.805,0.02827762342863328,0.01126782169489014,0.0025195615268121243,20
999,0.999,high,0.81,0.02435152542515425,0.009107572877928283,0.0020365152065081036,20
999,0.999,high,0.8150000000000001,0.02667932882839525,0.008028119630386552,0.0017951421225044816,20
999,0.999,high,0.8200000000000001,0.029007132231636278,0.01348145930858471,0.003014545944989272,20
999,0.999,high,0.8250000000000001,0.03211946679601783,0.012044259059839482,0.0026931781996418786,20
999,0.999,high,0.8300000000000001,0.035231801360399315,0.017424628983433443,0.0038962654889670234,20
999,0.999,high,0.835,0.03537275924129062,0.014078942811747335,0.0031481473178399063,20
999,0.999,high,0.84,0.035513717122181945,0.01881636183994601,0.004207466416335229,20
999,0.999,high,0.845,0.03455382642389547,0.0131749361269786,0.002946005277914195,20
999,0.999,high,0.85,0.033593935725609,0.019321679921563112,0.004320458974410792,20
999,0.999,high,0.855,0.03333240812435785,0.016622101530612127,0.0037168148951352018,20
999,0.999,high,0.86,0.03307088052310671,0.016501228003846215,0.0036897867528823294,20
999,0.999,high,0.865,0.03389349506256016,0.016001280542048257,0.003577995101906458,20
999,0.999,high,0.87,0.034716109602013615,0.018851755278818036,0.004215380629862763,20
999,0.999,high,0.875,0.03239215385188193,0.013996648837081278,0.0031297458256907117,20
999,0.999,high,0.88,0.030068198101750265,0.012769008127788545,0.0028552370178982506,20
999,0.999,high,0.885,0.030073858391648778,0.012235890305628768,0.00273602824886166,20
999,0.999,high,0.89,0.030079518681547297,0.015333287334095875,0.0034286272797574902,20
999,0.999,high,0.895,0.031335882877465346,0.01369183018256405,0.003061586302459657,20
999,0.999,high,0.9,0.03259224707338338,0.01610435968141179,0.003601044298174362,20
999,0.999,high,0.905,0.031036857660316546,0.01261325493315955,0.002820409544807932,20
999,0.999,high,0.91,0.029481468247249714,0.01409224669892356,0.0031511221574490092,20
999,0.999,high,0.915,0.02905914222714879,0.011486132008211107,0.0025683771968896207,20
999,0.999,high,0.92,0.028636816207047867,0.011491202418442847,0.002569510975084819,20
999,0.999,high,0.925,0.030463062518683737,0.011355541968319626,0.0025391763762514447,20
999,0.999,high,0.93,0.03228930883031959,0.014309781898728878,0.0031997645068753784,20
999,0.999,high,0.935,0.031160443398402994,0.014361395823366511,0.003211305731282908,20
999,0.999,high,0.9400000000000001,0.03003157796648635,0.017516228604927703,0.003916747787004465,20
999,0.999,high,0.9450000000000001,0.027096544196635108,0.012298788159033307,0.0027500926364467967,20
999,0.999,high,0.9500000000000001,0.024161510426784043,0.011731713804954517,0.002623290956045101,20
999,0.999,high,0.9550000000000001,0.02912361220233541,0.011315528873078698,0.0025302291761565556,20
999,0.999,high,0.96,0.034085713977886685,0.016405481124879318,0.003668377099881987,20
999,0.999,high,0.965,0.03345754331268836,0.012162742083278137,0.002719671809100732,20
999,0.999,high,0.97,0.03282937264749004,0.013045703014569128,0.00291710787548505,20
999,0.999,high,0.975,0.029692309999857874,0.009779854785347812,0.0021868420110114323,20
999,0.999,high,0.98,0.026555247352225708,0.010114859516084202,0.00226175134608249,20
999,0.999,high,0.985,0.029522816143532204,0.008966110089361289,0.0020048831653558556,20
999,0.999,high,0.99,0.03249038493483871,0.013275597380206618,0.0029685138184060117,20
999,0.999,high,0.995,0.030497183081024552,0.009925379617509493,0.0022193823527242086,20
999,0.999,high,1.0,0.028503981227210408,0.01135880034890788,0.002539904972300635,20
