noise_step,rho,image_name,layer,layer_idx,auc
0,0.0,ILSVRC2012_val_00000487,features.0,0,1.0
0,0.0,ILSVRC2012_val_00000487,features.1.0,1,1.0
0,0.0,ILSVRC2012_val_00000487,features.1.1,2,1.0
0,0.0,ILSVRC2012_val_00000487,features.1.2,3,1.0
0,0.0,ILSVRC2012_val_00000487,features.2,4,1.0
0,0.0,ILSVRC2012_val_00000487,features.3.0,5,1.0
0,0.0,ILSVRC2012_val_00000487,features.3.1,6,1.0
0,0.0,ILSVRC2012_val_00000487,features.3.2,7,1.0
0,0.0,ILSVRC2012_val_00000487,features.4,8,1.0
0,0.0,ILSVRC2012_val_00000487,features.5.0,9,1.0
0,0.0,ILSVRC2012_val_00000487,features.5.1,10,1.0
0,0.0,ILSVRC2012_val_00000487,features.5.2,11,1.0
0,0.0,ILSVRC2012_val_00000487,features.5.3,12,1.0
0,0.0,ILSVRC2012_val_00000487,features.5.4,13,1.0
0,0.0,ILSVRC2012_val_00000487,features.5.5,14,1.0
0,0.0,ILSVRC2012_val_00000487,features.5.6,15,1.0
0,0.0,ILSVRC2012_val_00000487,features.5.7,16,1.0
0,0.0,ILSVRC2012_val_00000487,features.5.8,17,1.0
0,0.0,ILSVRC2012_val_00000487,features.5.9,18,1.0
0,0.0,ILSVRC2012_val_00000487,features.5.10,19,1.0
0,0.0,ILSVRC2012_val_00000487,features.5.11,20,1.0
0,0.0,ILSVRC2012_val_00000487,features.5.12,21,1.0
0,0.0,ILSVRC2012_val_00000487,features.5.13,22,1.0
0,0.0,ILSVRC2012_val_00000487,features.5.14,23,1.0
0,0.0,ILSVRC2012_val_00000487,features.5.15,24,1.0
0,0.0,ILSVRC2012_val_00000487,features.5.16,25,1.0
0,0.0,ILSVRC2012_val_00000487,features.5.17,26,1.0
0,0.0,ILSVRC2012_val_00000487,features.5.18,27,1.0
0,0.0,ILSVRC2012_val_00000487,features.5.19,28,1.0
0,0.0,ILSVRC2012_val_00000487,features.5.20,29,1.0
0,0.0,ILSVRC2012_val_00000487,features.5.21,30,1.0
0,0.0,ILSVRC2012_val_00000487,features.5.22,31,1.0
0,0.0,ILSVRC2012_val_00000487,features.5.23,32,1.0
0,0.0,ILSVRC2012_val_00000487,features.5.24,33,1.0
0,0.0,ILSVRC2012_val_00000487,features.5.25,34,1.0
0,0.0,ILSVRC2012_val_00000487,features.5.26,35,1.0
0,0.0,ILSVRC2012_val_00000487,features.6,36,1.0
0,0.0,ILSVRC2012_val_00000487,features.7.0,37,1.0
0,0.0,ILSVRC2012_val_00000487,features.7.1,38,1.0
0,0.0,ILSVRC2012_val_00000487,features.7.2,39,1.0
0,0.0,ILSVRC2012_val_00000487,classifier,40,1.0
0,0.0,ILSVRC2012_val_00000681,features.0,0,1.0
0,0.0,ILSVRC2012_val_00000681,features.1.0,1,1.0
0,0.0,ILSVRC2012_val_00000681,features.1.1,2,1.0
0,0.0,ILSVRC2012_val_00000681,features.1.2,3,1.0
0,0.0,ILSVRC2012_val_00000681,features.2,4,1.0
0,0.0,ILSVRC2012_val_00000681,features.3.0,5,1.0
0,0.0,ILSVRC2012_val_00000681,features.3.1,6,1.0
0,0.0,ILSVRC2012_val_00000681,features.3.2,7,1.0
0,0.0,ILSVRC2012_val_00000681,features.4,8,1.0
0,0.0,ILSVRC2012_val_00000681,features.5.0,9,1.0
0,0.0,ILSVRC2012_val_00000681,features.5.1,10,1.0
0,0.0,ILSVRC2012_val_00000681,features.5.2,11,1.0
0,0.0,ILSVRC2012_val_00000681,features.5.3,12,1.0
0,0.0,ILSVRC2012_val_00000681,features.5.4,13,1.0
0,0.0,ILSVRC2012_val_00000681,features.5.5,14,1.0
0,0.0,ILSVRC2012_val_00000681,features.5.6,15,1.0
0,0.0,ILSVRC2012_val_00000681,features.5.7,16,1.0
0,0.0,ILSVRC2012_val_00000681,features.5.8,17,1.0
0,0.0,ILSVRC2012_val_00000681,features.5.9,18,1.0
0,0.0,ILSVRC2012_val_00000681,features.5.10,19,1.0
0,0.0,ILSVRC2012_val_00000681,features.5.11,20,1.0
0,0.0,ILSVRC2012_val_00000681,features.5.12,21,1.0
0,0.0,ILSVRC2012_val_00000681,features.5.13,22,1.0
0,0.0,ILSVRC2012_val_00000681,features.5.14,23,1.0
0,0.0,ILSVRC2012_val_00000681,features.5.15,24,1.0
0,0.0,ILSVRC2012_val_00000681,features.5.16,25,1.0
0,0.0,ILSVRC2012_val_00000681,features.5.17,26,1.0
0,0.0,ILSVRC2012_val_00000681,features.5.18,27,1.0
0,0.0,ILSVRC2012_val_00000681,features.5.19,28,1.0
0,0.0,ILSVRC2012_val_00000681,features.5.20,29,1.0
0,0.0,ILSVRC2012_val_00000681,features.5.21,30,1.0
0,0.0,ILSVRC2012_val_00000681,features.5.22,31,1.0
0,0.0,ILSVRC2012_val_00000681,features.5.23,32,1.0
0,0.0,ILSVRC2012_val_00000681,features.5.24,33,1.0
0,0.0,ILSVRC2012_val_00000681,features.5.25,34,1.0
0,0.0,ILSVRC2012_val_00000681,features.5.26,35,1.0
0,0.0,ILSVRC2012_val_00000681,features.6,36,1.0
0,0.0,ILSVRC2012_val_00000681,features.7.0,37,1.0
0,0.0,ILSVRC2012_val_00000681,features.7.1,38,1.0
0,0.0,ILSVRC2012_val_00000681,features.7.2,39,1.0
0,0.0,ILSVRC2012_val_00000681,classifier,40,1.0
0,0.0,ILSVRC2012_val_00000729,features.0,0,1.0
0,0.0,ILSVRC2012_val_00000729,features.1.0,1,1.0
0,0.0,ILSVRC2012_val_00000729,features.1.1,2,1.0
0,0.0,ILSVRC2012_val_00000729,features.1.2,3,1.0
0,0.0,ILSVRC2012_val_00000729,features.2,4,1.0
0,0.0,ILSVRC2012_val_00000729,features.3.0,5,1.0
0,0.0,ILSVRC2012_val_00000729,features.3.1,6,1.0
0,0.0,ILSVRC2012_val_00000729,features.3.2,7,1.0
0,0.0,ILSVRC2012_val_00000729,features.4,8,1.0
0,0.0,ILSVRC2012_val_00000729,features.5.0,9,1.0
0,0.0,ILSVRC2012_val_00000729,features.5.1,10,1.0
0,0.0,ILSVRC2012_val_00000729,features.5.2,11,1.0
0,0.0,ILSVRC2012_val_00000729,features.5.3,12,1.0
0,0.0,ILSVRC2012_val_00000729,features.5.4,13,1.0
0,0.0,ILSVRC2012_val_00000729,features.5.5,14,1.0
0,0.0,ILSVRC2012_val_00000729,features.5.6,15,1.0
0,0.0,ILSVRC2012_val_00000729,features.5.7,16,1.0
0,0.0,ILSVRC2012_val_00000729,features.5.8,17,1.0
0,0.0,ILSVRC2012_val_00000729,features.5.9,18,1.0
0,0.0,ILSVRC2012_val_00000729,features.5.10,19,1.0
0,0.0,ILSVRC2012_val_00000729,features.5.11,20,1.0
0,0.0,ILSVRC2012_val_00000729,features.5.12,21,1.0
0,0.0,ILSVRC2012_val_00000729,features.5.13,22,1.0
0,0.0,ILSVRC2012_val_00000729,features.5.14,23,1.0
0,0.0,ILSVRC2012_val_00000729,features.5.15,24,1.0
0,0.0,ILSVRC2012_val_00000729,features.5.16,25,1.0
0,0.0,ILSVRC2012_val_00000729,features.5.17,26,1.0
0,0.0,ILSVRC2012_val_00000729,features.5.18,27,1.0
0,0.0,ILSVRC2012_val_00000729,features.5.19,28,1.0
0,0.0,ILSVRC2012_val_00000729,features.5.20,29,1.0
0,0.0,ILSVRC2012_val_00000729,features.5.21,30,1.0
0,0.0,ILSVRC2012_val_00000729,features.5.22,31,1.0
0,0.0,ILSVRC2012_val_00000729,features.5.23,32,1.0
0,0.0,ILSVRC2012_val_00000729,features.5.24,33,1.0
0,0.0,ILSVRC2012_val_00000729,features.5.25,34,1.0
0,0.0,ILSVRC2012_val_00000729,features.5.26,35,1.0
0,0.0,ILSVRC2012_val_00000729,features.6,36,1.0
0,0.0,ILSVRC2012_val_00000729,features.7.0,37,1.0
0,0.0,ILSVRC2012_val_00000729,features.7.1,38,1.0
0,0.0,ILSVRC2012_val_00000729,features.7.2,39,1.0
0,0.0,ILSVRC2012_val_00000729,classifier,40,1.0
0,0.0,ILSVRC2012_val_00000974,features.0,0,1.0
0,0.0,ILSVRC2012_val_00000974,features.1.0,1,1.0
0,0.0,ILSVRC2012_val_00000974,features.1.1,2,1.0
0,0.0,ILSVRC2012_val_00000974,features.1.2,3,1.0
0,0.0,ILSVRC2012_val_00000974,features.2,4,1.0
0,0.0,ILSVRC2012_val_00000974,features.3.0,5,1.0
0,0.0,ILSVRC2012_val_00000974,features.3.1,6,1.0
0,0.0,ILSVRC2012_val_00000974,features.3.2,7,1.0
0,0.0,ILSVRC2012_val_00000974,features.4,8,1.0
0,0.0,ILSVRC2012_val_00000974,features.5.0,9,1.0
0,0.0,ILSVRC2012_val_00000974,features.5.1,10,1.0
0,0.0,ILSVRC2012_val_00000974,features.5.2,11,1.0
0,0.0,ILSVRC2012_val_00000974,features.5.3,12,1.0
0,0.0,ILSVRC2012_val_00000974,features.5.4,13,1.0
0,0.0,ILSVRC2012_val_00000974,features.5.5,14,1.0
0,0.0,ILSVRC2012_val_00000974,features.5.6,15,1.0
0,0.0,ILSVRC2012_val_00000974,features.5.7,16,1.0
0,0.0,ILSVRC2012_val_00000974,features.5.8,17,1.0
0,0.0,ILSVRC2012_val_00000974,features.5.9,18,1.0
0,0.0,ILSVRC2012_val_00000974,features.5.10,19,1.0
0,0.0,ILSVRC2012_val_00000974,features.5.11,20,1.0
0,0.0,ILSVRC2012_val_00000974,features.5.12,21,1.0
0,0.0,ILSVRC2012_val_00000974,features.5.13,22,1.0
0,0.0,ILSVRC2012_val_00000974,features.5.14,23,1.0
0,0.0,ILSVRC2012_val_00000974,features.5.15,24,1.0
0,0.0,ILSVRC2012_val_00000974,features.5.16,25,1.0
0,0.0,ILSVRC2012_val_00000974,features.5.17,26,1.0
0,0.0,ILSVRC2012_val_00000974,features.5.18,27,1.0
0,0.0,ILSVRC2012_val_00000974,features.5.19,28,1.0
0,0.0,ILSVRC2012_val_00000974,features.5.20,29,1.0
0,0.0,ILSVRC2012_val_00000974,features.5.21,30,1.0
0,0.0,ILSVRC2012_val_00000974,features.5.22,31,1.0
0,0.0,ILSVRC2012_val_00000974,features.5.23,32,1.0
0,0.0,ILSVRC2012_val_00000974,features.5.24,33,1.0
0,0.0,ILSVRC2012_val_00000974,features.5.25,34,1.0
0,0.0,ILSVRC2012_val_00000974,features.5.26,35,1.0
0,0.0,ILSVRC2012_val_00000974,features.6,36,1.0
0,0.0,ILSVRC2012_val_00000974,features.7.0,37,1.0
0,0.0,ILSVRC2012_val_00000974,features.7.1,38,1.0
0,0.0,ILSVRC2012_val_00000974,features.7.2,39,1.0
0,0.0,ILSVRC2012_val_00000974,classifier,40,1.0
0,0.0,ILSVRC2012_val_00003449,features.0,0,1.0
0,0.0,ILSVRC2012_val_00003449,features.1.0,1,1.0
0,0.0,ILSVRC2012_val_00003449,features.1.1,2,1.0
0,0.0,ILSVRC2012_val_00003449,features.1.2,3,1.0
0,0.0,ILSVRC2012_val_00003449,features.2,4,1.0
0,0.0,ILSVRC2012_val_00003449,features.3.0,5,1.0
0,0.0,ILSVRC2012_val_00003449,features.3.1,6,1.0
0,0.0,ILSVRC2012_val_00003449,features.3.2,7,1.0
0,0.0,ILSVRC2012_val_00003449,features.4,8,1.0
0,0.0,ILSVRC2012_val_00003449,features.5.0,9,1.0
0,0.0,ILSVRC2012_val_00003449,features.5.1,10,1.0
0,0.0,ILSVRC2012_val_00003449,features.5.2,11,1.0
0,0.0,ILSVRC2012_val_00003449,features.5.3,12,1.0
0,0.0,ILSVRC2012_val_00003449,features.5.4,13,1.0
0,0.0,ILSVRC2012_val_00003449,features.5.5,14,1.0
0,0.0,ILSVRC2012_val_00003449,features.5.6,15,1.0
0,0.0,ILSVRC2012_val_00003449,features.5.7,16,1.0
0,0.0,ILSVRC2012_val_00003449,features.5.8,17,1.0
0,0.0,ILSVRC2012_val_00003449,features.5.9,18,1.0
0,0.0,ILSVRC2012_val_00003449,features.5.10,19,1.0
0,0.0,ILSVRC2012_val_00003449,features.5.11,20,1.0
0,0.0,ILSVRC2012_val_00003449,features.5.12,21,1.0
0,0.0,ILSVRC2012_val_00003449,features.5.13,22,1.0
0,0.0,ILSVRC2012_val_00003449,features.5.14,23,1.0
0,0.0,ILSVRC2012_val_00003449,features.5.15,24,1.0
0,0.0,ILSVRC2012_val_00003449,features.5.16,25,1.0
0,0.0,ILSVRC2012_val_00003449,features.5.17,26,1.0
0,0.0,ILSVRC2012_val_00003449,features.5.18,27,1.0
0,0.0,ILSVRC2012_val_00003449,features.5.19,28,1.0
0,0.0,ILSVRC2012_val_00003449,features.5.20,29,1.0
0,0.0,ILSVRC2012_val_00003449,features.5.21,30,1.0
0,0.0,ILSVRC2012_val_00003449,features.5.22,31,1.0
0,0.0,ILSVRC2012_val_00003449,features.5.23,32,1.0
0,0.0,ILSVRC2012_val_00003449,features.5.24,33,1.0
0,0.0,ILSVRC2012_val_00003449,features.5.25,34,1.0
0,0.0,ILSVRC2012_val_00003449,features.5.26,35,1.0
0,0.0,ILSVRC2012_val_00003449,features.6,36,1.0
0,0.0,ILSVRC2012_val_00003449,features.7.0,37,1.0
0,0.0,ILSVRC2012_val_00003449,features.7.1,38,1.0
0,0.0,ILSVRC2012_val_00003449,features.7.2,39,1.0
0,0.0,ILSVRC2012_val_00003449,classifier,40,1.0
0,0.0,ILSVRC2012_val_00005130,features.0,0,1.0
0,0.0,ILSVRC2012_val_00005130,features.1.0,1,1.0
0,0.0,ILSVRC2012_val_00005130,features.1.1,2,1.0
0,0.0,ILSVRC2012_val_00005130,features.1.2,3,1.0
0,0.0,ILSVRC2012_val_00005130,features.2,4,1.0
0,0.0,ILSVRC2012_val_00005130,features.3.0,5,1.0
0,0.0,ILSVRC2012_val_00005130,features.3.1,6,1.0
0,0.0,ILSVRC2012_val_00005130,features.3.2,7,1.0
0,0.0,ILSVRC2012_val_00005130,features.4,8,1.0
0,0.0,ILSVRC2012_val_00005130,features.5.0,9,1.0
0,0.0,ILSVRC2012_val_00005130,features.5.1,10,1.0
0,0.0,ILSVRC2012_val_00005130,features.5.2,11,1.0
0,0.0,ILSVRC2012_val_00005130,features.5.3,12,1.0
0,0.0,ILSVRC2012_val_00005130,features.5.4,13,1.0
0,0.0,ILSVRC2012_val_00005130,features.5.5,14,1.0
0,0.0,ILSVRC2012_val_00005130,features.5.6,15,1.0
0,0.0,ILSVRC2012_val_00005130,features.5.7,16,1.0
0,0.0,ILSVRC2012_val_00005130,features.5.8,17,1.0
0,0.0,ILSVRC2012_val_00005130,features.5.9,18,1.0
0,0.0,ILSVRC2012_val_00005130,features.5.10,19,1.0
0,0.0,ILSVRC2012_val_00005130,features.5.11,20,1.0
0,0.0,ILSVRC2012_val_00005130,features.5.12,21,1.0
0,0.0,ILSVRC2012_val_00005130,features.5.13,22,1.0
0,0.0,ILSVRC2012_val_00005130,features.5.14,23,1.0
0,0.0,ILSVRC2012_val_00005130,features.5.15,24,1.0
0,0.0,ILSVRC2012_val_00005130,features.5.16,25,1.0
0,0.0,ILSVRC2012_val_00005130,features.5.17,26,1.0
0,0.0,ILSVRC2012_val_00005130,features.5.18,27,1.0
0,0.0,ILSVRC2012_val_00005130,features.5.19,28,1.0
0,0.0,ILSVRC2012_val_00005130,features.5.20,29,1.0
0,0.0,ILSVRC2012_val_00005130,features.5.21,30,1.0
0,0.0,ILSVRC2012_val_00005130,features.5.22,31,1.0
0,0.0,ILSVRC2012_val_00005130,features.5.23,32,1.0
0,0.0,ILSVRC2012_val_00005130,features.5.24,33,1.0
0,0.0,ILSVRC2012_val_00005130,features.5.25,34,1.0
0,0.0,ILSVRC2012_val_00005130,features.5.26,35,1.0
0,0.0,ILSVRC2012_val_00005130,features.6,36,1.0
0,0.0,ILSVRC2012_val_00005130,features.7.0,37,1.0
0,0.0,ILSVRC2012_val_00005130,features.7.1,38,1.0
0,0.0,ILSVRC2012_val_00005130,features.7.2,39,1.0
0,0.0,ILSVRC2012_val_00005130,classifier,40,1.0
0,0.0,ILSVRC2012_val_00006808,features.0,0,1.0
0,0.0,ILSVRC2012_val_00006808,features.1.0,1,1.0
0,0.0,ILSVRC2012_val_00006808,features.1.1,2,1.0
0,0.0,ILSVRC2012_val_00006808,features.1.2,3,1.0
0,0.0,ILSVRC2012_val_00006808,features.2,4,1.0
0,0.0,ILSVRC2012_val_00006808,features.3.0,5,1.0
0,0.0,ILSVRC2012_val_00006808,features.3.1,6,1.0
0,0.0,ILSVRC2012_val_00006808,features.3.2,7,1.0
0,0.0,ILSVRC2012_val_00006808,features.4,8,1.0
0,0.0,ILSVRC2012_val_00006808,features.5.0,9,1.0
0,0.0,ILSVRC2012_val_00006808,features.5.1,10,1.0
0,0.0,ILSVRC2012_val_00006808,features.5.2,11,1.0
0,0.0,ILSVRC2012_val_00006808,features.5.3,12,1.0
0,0.0,ILSVRC2012_val_00006808,features.5.4,13,1.0
0,0.0,ILSVRC2012_val_00006808,features.5.5,14,1.0
0,0.0,ILSVRC2012_val_00006808,features.5.6,15,1.0
0,0.0,ILSVRC2012_val_00006808,features.5.7,16,1.0
0,0.0,ILSVRC2012_val_00006808,features.5.8,17,1.0
0,0.0,ILSVRC2012_val_00006808,features.5.9,18,1.0
0,0.0,ILSVRC2012_val_00006808,features.5.10,19,1.0
0,0.0,ILSVRC2012_val_00006808,features.5.11,20,1.0
0,0.0,ILSVRC2012_val_00006808,features.5.12,21,1.0
0,0.0,ILSVRC2012_val_00006808,features.5.13,22,1.0
0,0.0,ILSVRC2012_val_00006808,features.5.14,23,1.0
0,0.0,ILSVRC2012_val_00006808,features.5.15,24,1.0
0,0.0,ILSVRC2012_val_00006808,features.5.16,25,1.0
0,0.0,ILSVRC2012_val_00006808,features.5.17,26,1.0
0,0.0,ILSVRC2012_val_00006808,features.5.18,27,1.0
0,0.0,ILSVRC2012_val_00006808,features.5.19,28,1.0
0,0.0,ILSVRC2012_val_00006808,features.5.20,29,1.0
0,0.0,ILSVRC2012_val_00006808,features.5.21,30,1.0
0,0.0,ILSVRC2012_val_00006808,features.5.22,31,1.0
0,0.0,ILSVRC2012_val_00006808,features.5.23,32,1.0
0,0.0,ILSVRC2012_val_00006808,features.5.24,33,1.0
0,0.0,ILSVRC2012_val_00006808,features.5.25,34,1.0
0,0.0,ILSVRC2012_val_00006808,features.5.26,35,1.0
0,0.0,ILSVRC2012_val_00006808,features.6,36,1.0
0,0.0,ILSVRC2012_val_00006808,features.7.0,37,1.0
0,0.0,ILSVRC2012_val_00006808,features.7.1,38,1.0
0,0.0,ILSVRC2012_val_00006808,features.7.2,39,1.0
0,0.0,ILSVRC2012_val_00006808,classifier,40,1.0
0,0.0,ILSVRC2012_val_00010733,features.0,0,1.0
0,0.0,ILSVRC2012_val_00010733,features.1.0,1,1.0
0,0.0,ILSVRC2012_val_00010733,features.1.1,2,1.0
0,0.0,ILSVRC2012_val_00010733,features.1.2,3,1.0
0,0.0,ILSVRC2012_val_00010733,features.2,4,1.0
0,0.0,ILSVRC2012_val_00010733,features.3.0,5,1.0
0,0.0,ILSVRC2012_val_00010733,features.3.1,6,1.0
0,0.0,ILSVRC2012_val_00010733,features.3.2,7,1.0
0,0.0,ILSVRC2012_val_00010733,features.4,8,1.0
0,0.0,ILSVRC2012_val_00010733,features.5.0,9,1.0
0,0.0,ILSVRC2012_val_00010733,features.5.1,10,1.0
0,0.0,ILSVRC2012_val_00010733,features.5.2,11,1.0
0,0.0,ILSVRC2012_val_00010733,features.5.3,12,1.0
0,0.0,ILSVRC2012_val_00010733,features.5.4,13,1.0
0,0.0,ILSVRC2012_val_00010733,features.5.5,14,1.0
0,0.0,ILSVRC2012_val_00010733,features.5.6,15,1.0
0,0.0,ILSVRC2012_val_00010733,features.5.7,16,1.0
0,0.0,ILSVRC2012_val_00010733,features.5.8,17,1.0
0,0.0,ILSVRC2012_val_00010733,features.5.9,18,1.0
0,0.0,ILSVRC2012_val_00010733,features.5.10,19,1.0
0,0.0,ILSVRC2012_val_00010733,features.5.11,20,1.0
0,0.0,ILSVRC2012_val_00010733,features.5.12,21,1.0
0,0.0,ILSVRC2012_val_00010733,features.5.13,22,1.0
0,0.0,ILSVRC2012_val_00010733,features.5.14,23,1.0
0,0.0,ILSVRC2012_val_00010733,features.5.15,24,1.0
0,0.0,ILSVRC2012_val_00010733,features.5.16,25,1.0
0,0.0,ILSVRC2012_val_00010733,features.5.17,26,1.0
0,0.0,ILSVRC2012_val_00010733,features.5.18,27,1.0
0,0.0,ILSVRC2012_val_00010733,features.5.19,28,1.0
0,0.0,ILSVRC2012_val_00010733,features.5.20,29,1.0
0,0.0,ILSVRC2012_val_00010733,features.5.21,30,1.0
0,0.0,ILSVRC2012_val_00010733,features.5.22,31,1.0
0,0.0,ILSVRC2012_val_00010733,features.5.23,32,1.0
0,0.0,ILSVRC2012_val_00010733,features.5.24,33,1.0
0,0.0,ILSVRC2012_val_00010733,features.5.25,34,1.0
0,0.0,ILSVRC2012_val_00010733,features.5.26,35,1.0
0,0.0,ILSVRC2012_val_00010733,features.6,36,1.0
0,0.0,ILSVRC2012_val_00010733,features.7.0,37,1.0
0,0.0,ILSVRC2012_val_00010733,features.7.1,38,1.0
0,0.0,ILSVRC2012_val_00010733,features.7.2,39,1.0
0,0.0,ILSVRC2012_val_00010733,classifier,40,1.0
0,0.0,ILSVRC2012_val_00014541,features.0,0,1.0
0,0.0,ILSVRC2012_val_00014541,features.1.0,1,1.0
0,0.0,ILSVRC2012_val_00014541,features.1.1,2,1.0
0,0.0,ILSVRC2012_val_00014541,features.1.2,3,1.0
0,0.0,ILSVRC2012_val_00014541,features.2,4,1.0
0,0.0,ILSVRC2012_val_00014541,features.3.0,5,1.0
0,0.0,ILSVRC2012_val_00014541,features.3.1,6,1.0
0,0.0,ILSVRC2012_val_00014541,features.3.2,7,1.0
0,0.0,ILSVRC2012_val_00014541,features.4,8,1.0
0,0.0,ILSVRC2012_val_00014541,features.5.0,9,1.0
0,0.0,ILSVRC2012_val_00014541,features.5.1,10,1.0
0,0.0,ILSVRC2012_val_00014541,features.5.2,11,1.0
0,0.0,ILSVRC2012_val_00014541,features.5.3,12,1.0
0,0.0,ILSVRC2012_val_00014541,features.5.4,13,1.0
0,0.0,ILSVRC2012_val_00014541,features.5.5,14,1.0
0,0.0,ILSVRC2012_val_00014541,features.5.6,15,1.0
0,0.0,ILSVRC2012_val_00014541,features.5.7,16,1.0
0,0.0,ILSVRC2012_val_00014541,features.5.8,17,1.0
0,0.0,ILSVRC2012_val_00014541,features.5.9,18,1.0
0,0.0,ILSVRC2012_val_00014541,features.5.10,19,1.0
0,0.0,ILSVRC2012_val_00014541,features.5.11,20,1.0
0,0.0,ILSVRC2012_val_00014541,features.5.12,21,1.0
0,0.0,ILSVRC2012_val_00014541,features.5.13,22,1.0
0,0.0,ILSVRC2012_val_00014541,features.5.14,23,1.0
0,0.0,ILSVRC2012_val_00014541,features.5.15,24,1.0
0,0.0,ILSVRC2012_val_00014541,features.5.16,25,1.0
0,0.0,ILSVRC2012_val_00014541,features.5.17,26,1.0
0,0.0,ILSVRC2012_val_00014541,features.5.18,27,1.0
0,0.0,ILSVRC2012_val_00014541,features.5.19,28,1.0
0,0.0,ILSVRC2012_val_00014541,features.5.20,29,1.0
0,0.0,ILSVRC2012_val_00014541,features.5.21,30,1.0
0,0.0,ILSVRC2012_val_00014541,features.5.22,31,1.0
0,0.0,ILSVRC2012_val_00014541,features.5.23,32,1.0
0,0.0,ILSVRC2012_val_00014541,features.5.24,33,1.0
0,0.0,ILSVRC2012_val_00014541,features.5.25,34,1.0
0,0.0,ILSVRC2012_val_00014541,features.5.26,35,1.0
0,0.0,ILSVRC2012_val_00014541,features.6,36,1.0
0,0.0,ILSVRC2012_val_00014541,features.7.0,37,1.0
0,0.0,ILSVRC2012_val_00014541,features.7.1,38,1.0
0,0.0,ILSVRC2012_val_00014541,features.7.2,39,1.0
0,0.0,ILSVRC2012_val_00014541,classifier,40,1.0
0,0.0,ILSVRC2012_val_00018922,features.0,0,1.0
0,0.0,ILSVRC2012_val_00018922,features.1.0,1,1.0
0,0.0,ILSVRC2012_val_00018922,features.1.1,2,1.0
0,0.0,ILSVRC2012_val_00018922,features.1.2,3,1.0
0,0.0,ILSVRC2012_val_00018922,features.2,4,1.0
0,0.0,ILSVRC2012_val_00018922,features.3.0,5,1.0
0,0.0,ILSVRC2012_val_00018922,features.3.1,6,1.0
0,0.0,ILSVRC2012_val_00018922,features.3.2,7,1.0
0,0.0,ILSVRC2012_val_00018922,features.4,8,1.0
0,0.0,ILSVRC2012_val_00018922,features.5.0,9,1.0
0,0.0,ILSVRC2012_val_00018922,features.5.1,10,1.0
0,0.0,ILSVRC2012_val_00018922,features.5.2,11,1.0
0,0.0,ILSVRC2012_val_00018922,features.5.3,12,1.0
0,0.0,ILSVRC2012_val_00018922,features.5.4,13,1.0
0,0.0,ILSVRC2012_val_00018922,features.5.5,14,1.0
0,0.0,ILSVRC2012_val_00018922,features.5.6,15,1.0
0,0.0,ILSVRC2012_val_00018922,features.5.7,16,1.0
0,0.0,ILSVRC2012_val_00018922,features.5.8,17,1.0
0,0.0,ILSVRC2012_val_00018922,features.5.9,18,1.0
0,0.0,ILSVRC2012_val_00018922,features.5.10,19,1.0
0,0.0,ILSVRC2012_val_00018922,features.5.11,20,1.0
0,0.0,ILSVRC2012_val_00018922,features.5.12,21,1.0
0,0.0,ILSVRC2012_val_00018922,features.5.13,22,1.0
0,0.0,ILSVRC2012_val_00018922,features.5.14,23,1.0
0,0.0,ILSVRC2012_val_00018922,features.5.15,24,1.0
0,0.0,ILSVRC2012_val_00018922,features.5.16,25,1.0
0,0.0,ILSVRC2012_val_00018922,features.5.17,26,1.0
0,0.0,ILSVRC2012_val_00018922,features.5.18,27,1.0
0,0.0,ILSVRC2012_val_00018922,features.5.19,28,1.0
0,0.0,ILSVRC2012_val_00018922,features.5.20,29,1.0
0,0.0,ILSVRC2012_val_00018922,features.5.21,30,1.0
0,0.0,ILSVRC2012_val_00018922,features.5.22,31,1.0
0,0.0,ILSVRC2012_val_00018922,features.5.23,32,1.0
0,0.0,ILSVRC2012_val_00018922,features.5.24,33,1.0
0,0.0,ILSVRC2012_val_00018922,features.5.25,34,1.0
0,0.0,ILSVRC2012_val_00018922,features.5.26,35,1.0
0,0.0,ILSVRC2012_val_00018922,features.6,36,1.0
0,0.0,ILSVRC2012_val_00018922,features.7.0,37,1.0
0,0.0,ILSVRC2012_val_00018922,features.7.1,38,1.0
0,0.0,ILSVRC2012_val_00018922,features.7.2,39,1.0
0,0.0,ILSVRC2012_val_00018922,classifier,40,1.0
0,0.0,ILSVRC2012_val_00025924,features.0,0,1.0
0,0.0,ILSVRC2012_val_00025924,features.1.0,1,1.0
0,0.0,ILSVRC2012_val_00025924,features.1.1,2,1.0
0,0.0,ILSVRC2012_val_00025924,features.1.2,3,1.0
0,0.0,ILSVRC2012_val_00025924,features.2,4,1.0
0,0.0,ILSVRC2012_val_00025924,features.3.0,5,1.0
0,0.0,ILSVRC2012_val_00025924,features.3.1,6,1.0
0,0.0,ILSVRC2012_val_00025924,features.3.2,7,1.0
0,0.0,ILSVRC2012_val_00025924,features.4,8,1.0
0,0.0,ILSVRC2012_val_00025924,features.5.0,9,1.0
0,0.0,ILSVRC2012_val_00025924,features.5.1,10,1.0
0,0.0,ILSVRC2012_val_00025924,features.5.2,11,1.0
0,0.0,ILSVRC2012_val_00025924,features.5.3,12,1.0
0,0.0,ILSVRC2012_val_00025924,features.5.4,13,1.0
0,0.0,ILSVRC2012_val_00025924,features.5.5,14,1.0
0,0.0,ILSVRC2012_val_00025924,features.5.6,15,1.0
0,0.0,ILSVRC2012_val_00025924,features.5.7,16,1.0
0,0.0,ILSVRC2012_val_00025924,features.5.8,17,1.0
0,0.0,ILSVRC2012_val_00025924,features.5.9,18,1.0
0,0.0,ILSVRC2012_val_00025924,features.5.10,19,1.0
0,0.0,ILSVRC2012_val_00025924,features.5.11,20,1.0
0,0.0,ILSVRC2012_val_00025924,features.5.12,21,1.0
0,0.0,ILSVRC2012_val_00025924,features.5.13,22,1.0
0,0.0,ILSVRC2012_val_00025924,features.5.14,23,1.0
0,0.0,ILSVRC2012_val_00025924,features.5.15,24,1.0
0,0.0,ILSVRC2012_val_00025924,features.5.16,25,1.0
0,0.0,ILSVRC2012_val_00025924,features.5.17,26,1.0
0,0.0,ILSVRC2012_val_00025924,features.5.18,27,1.0
0,0.0,ILSVRC2012_val_00025924,features.5.19,28,1.0
0,0.0,ILSVRC2012_val_00025924,features.5.20,29,1.0
0,0.0,ILSVRC2012_val_00025924,features.5.21,30,1.0
0,0.0,ILSVRC2012_val_00025924,features.5.22,31,1.0
0,0.0,ILSVRC2012_val_00025924,features.5.23,32,1.0
0,0.0,ILSVRC2012_val_00025924,features.5.24,33,1.0
0,0.0,ILSVRC2012_val_00025924,features.5.25,34,1.0
0,0.0,ILSVRC2012_val_00025924,features.5.26,35,1.0
0,0.0,ILSVRC2012_val_00025924,features.6,36,1.0
0,0.0,ILSVRC2012_val_00025924,features.7.0,37,1.0
0,0.0,ILSVRC2012_val_00025924,features.7.1,38,1.0
0,0.0,ILSVRC2012_val_00025924,features.7.2,39,1.0
0,0.0,ILSVRC2012_val_00025924,classifier,40,1.0
0,0.0,ILSVRC2012_val_00027450,features.0,0,1.0
0,0.0,ILSVRC2012_val_00027450,features.1.0,1,1.0
0,0.0,ILSVRC2012_val_00027450,features.1.1,2,1.0
0,0.0,ILSVRC2012_val_00027450,features.1.2,3,1.0
0,0.0,ILSVRC2012_val_00027450,features.2,4,1.0
0,0.0,ILSVRC2012_val_00027450,features.3.0,5,1.0
0,0.0,ILSVRC2012_val_00027450,features.3.1,6,1.0
0,0.0,ILSVRC2012_val_00027450,features.3.2,7,1.0
0,0.0,ILSVRC2012_val_00027450,features.4,8,1.0
0,0.0,ILSVRC2012_val_00027450,features.5.0,9,1.0
0,0.0,ILSVRC2012_val_00027450,features.5.1,10,1.0
0,0.0,ILSVRC2012_val_00027450,features.5.2,11,1.0
0,0.0,ILSVRC2012_val_00027450,features.5.3,12,1.0
0,0.0,ILSVRC2012_val_00027450,features.5.4,13,1.0
0,0.0,ILSVRC2012_val_00027450,features.5.5,14,1.0
0,0.0,ILSVRC2012_val_00027450,features.5.6,15,1.0
0,0.0,ILSVRC2012_val_00027450,features.5.7,16,1.0
0,0.0,ILSVRC2012_val_00027450,features.5.8,17,1.0
0,0.0,ILSVRC2012_val_00027450,features.5.9,18,1.0
0,0.0,ILSVRC2012_val_00027450,features.5.10,19,1.0
0,0.0,ILSVRC2012_val_00027450,features.5.11,20,1.0
0,0.0,ILSVRC2012_val_00027450,features.5.12,21,1.0
0,0.0,ILSVRC2012_val_00027450,features.5.13,22,1.0
0,0.0,ILSVRC2012_val_00027450,features.5.14,23,1.0
0,0.0,ILSVRC2012_val_00027450,features.5.15,24,1.0
0,0.0,ILSVRC2012_val_00027450,features.5.16,25,1.0
0,0.0,ILSVRC2012_val_00027450,features.5.17,26,1.0
0,0.0,ILSVRC2012_val_00027450,features.5.18,27,1.0
0,0.0,ILSVRC2012_val_00027450,features.5.19,28,1.0
0,0.0,ILSVRC2012_val_00027450,features.5.20,29,1.0
0,0.0,ILSVRC2012_val_00027450,features.5.21,30,1.0
0,0.0,ILSVRC2012_val_00027450,features.5.22,31,1.0
0,0.0,ILSVRC2012_val_00027450,features.5.23,32,1.0
0,0.0,ILSVRC2012_val_00027450,features.5.24,33,1.0
0,0.0,ILSVRC2012_val_00027450,features.5.25,34,1.0
0,0.0,ILSVRC2012_val_00027450,features.5.26,35,1.0
0,0.0,ILSVRC2012_val_00027450,features.6,36,1.0
0,0.0,ILSVRC2012_val_00027450,features.7.0,37,1.0
0,0.0,ILSVRC2012_val_00027450,features.7.1,38,1.0
0,0.0,ILSVRC2012_val_00027450,features.7.2,39,1.0
0,0.0,ILSVRC2012_val_00027450,classifier,40,1.0
0,0.0,ILSVRC2012_val_00029063,features.0,0,1.0
0,0.0,ILSVRC2012_val_00029063,features.1.0,1,1.0
0,0.0,ILSVRC2012_val_00029063,features.1.1,2,1.0
0,0.0,ILSVRC2012_val_00029063,features.1.2,3,1.0
0,0.0,ILSVRC2012_val_00029063,features.2,4,1.0
0,0.0,ILSVRC2012_val_00029063,features.3.0,5,1.0
0,0.0,ILSVRC2012_val_00029063,features.3.1,6,1.0
0,0.0,ILSVRC2012_val_00029063,features.3.2,7,1.0
0,0.0,ILSVRC2012_val_00029063,features.4,8,1.0
0,0.0,ILSVRC2012_val_00029063,features.5.0,9,1.0
0,0.0,ILSVRC2012_val_00029063,features.5.1,10,1.0
0,0.0,ILSVRC2012_val_00029063,features.5.2,11,1.0
0,0.0,ILSVRC2012_val_00029063,features.5.3,12,1.0
0,0.0,ILSVRC2012_val_00029063,features.5.4,13,1.0
0,0.0,ILSVRC2012_val_00029063,features.5.5,14,1.0
0,0.0,ILSVRC2012_val_00029063,features.5.6,15,1.0
0,0.0,ILSVRC2012_val_00029063,features.5.7,16,1.0
0,0.0,ILSVRC2012_val_00029063,features.5.8,17,1.0
0,0.0,ILSVRC2012_val_00029063,features.5.9,18,1.0
0,0.0,ILSVRC2012_val_00029063,features.5.10,19,1.0
0,0.0,ILSVRC2012_val_00029063,features.5.11,20,1.0
0,0.0,ILSVRC2012_val_00029063,features.5.12,21,1.0
0,0.0,ILSVRC2012_val_00029063,features.5.13,22,1.0
0,0.0,ILSVRC2012_val_00029063,features.5.14,23,1.0
0,0.0,ILSVRC2012_val_00029063,features.5.15,24,1.0
0,0.0,ILSVRC2012_val_00029063,features.5.16,25,1.0
0,0.0,ILSVRC2012_val_00029063,features.5.17,26,1.0
0,0.0,ILSVRC2012_val_00029063,features.5.18,27,1.0
0,0.0,ILSVRC2012_val_00029063,features.5.19,28,1.0
0,0.0,ILSVRC2012_val_00029063,features.5.20,29,1.0
0,0.0,ILSVRC2012_val_00029063,features.5.21,30,1.0
0,0.0,ILSVRC2012_val_00029063,features.5.22,31,1.0
0,0.0,ILSVRC2012_val_00029063,features.5.23,32,1.0
0,0.0,ILSVRC2012_val_00029063,features.5.24,33,1.0
0,0.0,ILSVRC2012_val_00029063,features.5.25,34,1.0
0,0.0,ILSVRC2012_val_00029063,features.5.26,35,1.0
0,0.0,ILSVRC2012_val_00029063,features.6,36,1.0
0,0.0,ILSVRC2012_val_00029063,features.7.0,37,1.0
0,0.0,ILSVRC2012_val_00029063,features.7.1,38,1.0
0,0.0,ILSVRC2012_val_00029063,features.7.2,39,1.0
0,0.0,ILSVRC2012_val_00029063,classifier,40,1.0
0,0.0,ILSVRC2012_val_00030419,features.0,0,1.0
0,0.0,ILSVRC2012_val_00030419,features.1.0,1,1.0
0,0.0,ILSVRC2012_val_00030419,features.1.1,2,1.0
0,0.0,ILSVRC2012_val_00030419,features.1.2,3,1.0
0,0.0,ILSVRC2012_val_00030419,features.2,4,1.0
0,0.0,ILSVRC2012_val_00030419,features.3.0,5,1.0
0,0.0,ILSVRC2012_val_00030419,features.3.1,6,1.0
0,0.0,ILSVRC2012_val_00030419,features.3.2,7,1.0
0,0.0,ILSVRC2012_val_00030419,features.4,8,1.0
0,0.0,ILSVRC2012_val_00030419,features.5.0,9,1.0
0,0.0,ILSVRC2012_val_00030419,features.5.1,10,1.0
0,0.0,ILSVRC2012_val_00030419,features.5.2,11,1.0
0,0.0,ILSVRC2012_val_00030419,features.5.3,12,1.0
0,0.0,ILSVRC2012_val_00030419,features.5.4,13,1.0
0,0.0,ILSVRC2012_val_00030419,features.5.5,14,1.0
0,0.0,ILSVRC2012_val_00030419,features.5.6,15,1.0
0,0.0,ILSVRC2012_val_00030419,features.5.7,16,1.0
0,0.0,ILSVRC2012_val_00030419,features.5.8,17,1.0
0,0.0,ILSVRC2012_val_00030419,features.5.9,18,1.0
0,0.0,ILSVRC2012_val_00030419,features.5.10,19,1.0
0,0.0,ILSVRC2012_val_00030419,features.5.11,20,1.0
0,0.0,ILSVRC2012_val_00030419,features.5.12,21,1.0
0,0.0,ILSVRC2012_val_00030419,features.5.13,22,1.0
0,0.0,ILSVRC2012_val_00030419,features.5.14,23,1.0
0,0.0,ILSVRC2012_val_00030419,features.5.15,24,1.0
0,0.0,ILSVRC2012_val_00030419,features.5.16,25,1.0
0,0.0,ILSVRC2012_val_00030419,features.5.17,26,1.0
0,0.0,ILSVRC2012_val_00030419,features.5.18,27,1.0
0,0.0,ILSVRC2012_val_00030419,features.5.19,28,1.0
0,0.0,ILSVRC2012_val_00030419,features.5.20,29,1.0
0,0.0,ILSVRC2012_val_00030419,features.5.21,30,1.0
0,0.0,ILSVRC2012_val_00030419,features.5.22,31,1.0
0,0.0,ILSVRC2012_val_00030419,features.5.23,32,1.0
0,0.0,ILSVRC2012_val_00030419,features.5.24,33,1.0
0,0.0,ILSVRC2012_val_00030419,features.5.25,34,1.0
0,0.0,ILSVRC2012_val_00030419,features.5.26,35,1.0
0,0.0,ILSVRC2012_val_00030419,features.6,36,1.0
0,0.0,ILSVRC2012_val_00030419,features.7.0,37,1.0
0,0.0,ILSVRC2012_val_00030419,features.7.1,38,1.0
0,0.0,ILSVRC2012_val_00030419,features.7.2,39,1.0
0,0.0,ILSVRC2012_val_00030419,classifier,40,1.0
0,0.0,ILSVRC2012_val_00030425,features.0,0,1.0
0,0.0,ILSVRC2012_val_00030425,features.1.0,1,1.0
0,0.0,ILSVRC2012_val_00030425,features.1.1,2,1.0
0,0.0,ILSVRC2012_val_00030425,features.1.2,3,1.0
0,0.0,ILSVRC2012_val_00030425,features.2,4,1.0
0,0.0,ILSVRC2012_val_00030425,features.3.0,5,1.0
0,0.0,ILSVRC2012_val_00030425,features.3.1,6,1.0
0,0.0,ILSVRC2012_val_00030425,features.3.2,7,1.0
0,0.0,ILSVRC2012_val_00030425,features.4,8,1.0
0,0.0,ILSVRC2012_val_00030425,features.5.0,9,1.0
0,0.0,ILSVRC2012_val_00030425,features.5.1,10,1.0
0,0.0,ILSVRC2012_val_00030425,features.5.2,11,1.0
0,0.0,ILSVRC2012_val_00030425,features.5.3,12,1.0
0,0.0,ILSVRC2012_val_00030425,features.5.4,13,1.0
0,0.0,ILSVRC2012_val_00030425,features.5.5,14,1.0
0,0.0,ILSVRC2012_val_00030425,features.5.6,15,1.0
0,0.0,ILSVRC2012_val_00030425,features.5.7,16,1.0
0,0.0,ILSVRC2012_val_00030425,features.5.8,17,1.0
0,0.0,ILSVRC2012_val_00030425,features.5.9,18,1.0
0,0.0,ILSVRC2012_val_00030425,features.5.10,19,1.0
0,0.0,ILSVRC2012_val_00030425,features.5.11,20,1.0
0,0.0,ILSVRC2012_val_00030425,features.5.12,21,1.0
0,0.0,ILSVRC2012_val_00030425,features.5.13,22,1.0
0,0.0,ILSVRC2012_val_00030425,features.5.14,23,1.0
0,0.0,ILSVRC2012_val_00030425,features.5.15,24,1.0
0,0.0,ILSVRC2012_val_00030425,features.5.16,25,1.0
0,0.0,ILSVRC2012_val_00030425,features.5.17,26,1.0
0,0.0,ILSVRC2012_val_00030425,features.5.18,27,1.0
0,0.0,ILSVRC2012_val_00030425,features.5.19,28,1.0
0,0.0,ILSVRC2012_val_00030425,features.5.20,29,1.0
0,0.0,ILSVRC2012_val_00030425,features.5.21,30,1.0
0,0.0,ILSVRC2012_val_00030425,features.5.22,31,1.0
0,0.0,ILSVRC2012_val_00030425,features.5.23,32,1.0
0,0.0,ILSVRC2012_val_00030425,features.5.24,33,1.0
0,0.0,ILSVRC2012_val_00030425,features.5.25,34,1.0
0,0.0,ILSVRC2012_val_00030425,features.5.26,35,1.0
0,0.0,ILSVRC2012_val_00030425,features.6,36,1.0
0,0.0,ILSVRC2012_val_00030425,features.7.0,37,1.0
0,0.0,ILSVRC2012_val_00030425,features.7.1,38,1.0
0,0.0,ILSVRC2012_val_00030425,features.7.2,39,1.0
0,0.0,ILSVRC2012_val_00030425,classifier,40,1.0
0,0.0,ILSVRC2012_val_00035318,features.0,0,1.0
0,0.0,ILSVRC2012_val_00035318,features.1.0,1,1.0
0,0.0,ILSVRC2012_val_00035318,features.1.1,2,1.0
0,0.0,ILSVRC2012_val_00035318,features.1.2,3,1.0
0,0.0,ILSVRC2012_val_00035318,features.2,4,1.0
0,0.0,ILSVRC2012_val_00035318,features.3.0,5,1.0
0,0.0,ILSVRC2012_val_00035318,features.3.1,6,1.0
0,0.0,ILSVRC2012_val_00035318,features.3.2,7,1.0
0,0.0,ILSVRC2012_val_00035318,features.4,8,1.0
0,0.0,ILSVRC2012_val_00035318,features.5.0,9,1.0
0,0.0,ILSVRC2012_val_00035318,features.5.1,10,1.0
0,0.0,ILSVRC2012_val_00035318,features.5.2,11,1.0
0,0.0,ILSVRC2012_val_00035318,features.5.3,12,1.0
0,0.0,ILSVRC2012_val_00035318,features.5.4,13,1.0
0,0.0,ILSVRC2012_val_00035318,features.5.5,14,1.0
0,0.0,ILSVRC2012_val_00035318,features.5.6,15,1.0
0,0.0,ILSVRC2012_val_00035318,features.5.7,16,1.0
0,0.0,ILSVRC2012_val_00035318,features.5.8,17,1.0
0,0.0,ILSVRC2012_val_00035318,features.5.9,18,1.0
0,0.0,ILSVRC2012_val_00035318,features.5.10,19,1.0
0,0.0,ILSVRC2012_val_00035318,features.5.11,20,1.0
0,0.0,ILSVRC2012_val_00035318,features.5.12,21,1.0
0,0.0,ILSVRC2012_val_00035318,features.5.13,22,1.0
0,0.0,ILSVRC2012_val_00035318,features.5.14,23,1.0
0,0.0,ILSVRC2012_val_00035318,features.5.15,24,1.0
0,0.0,ILSVRC2012_val_00035318,features.5.16,25,1.0
0,0.0,ILSVRC2012_val_00035318,features.5.17,26,1.0
0,0.0,ILSVRC2012_val_00035318,features.5.18,27,1.0
0,0.0,ILSVRC2012_val_00035318,features.5.19,28,1.0
0,0.0,ILSVRC2012_val_00035318,features.5.20,29,1.0
0,0.0,ILSVRC2012_val_00035318,features.5.21,30,1.0
0,0.0,ILSVRC2012_val_00035318,features.5.22,31,1.0
0,0.0,ILSVRC2012_val_00035318,features.5.23,32,1.0
0,0.0,ILSVRC2012_val_00035318,features.5.24,33,1.0
0,0.0,ILSVRC2012_val_00035318,features.5.25,34,1.0
0,0.0,ILSVRC2012_val_00035318,features.5.26,35,1.0
0,0.0,ILSVRC2012_val_00035318,features.6,36,1.0
0,0.0,ILSVRC2012_val_00035318,features.7.0,37,1.0
0,0.0,ILSVRC2012_val_00035318,features.7.1,38,1.0
0,0.0,ILSVRC2012_val_00035318,features.7.2,39,1.0
0,0.0,ILSVRC2012_val_00035318,classifier,40,1.0
0,0.0,ILSVRC2012_val_00035574,features.0,0,1.0
0,0.0,ILSVRC2012_val_00035574,features.1.0,1,1.0
0,0.0,ILSVRC2012_val_00035574,features.1.1,2,1.0
0,0.0,ILSVRC2012_val_00035574,features.1.2,3,1.0
0,0.0,ILSVRC2012_val_00035574,features.2,4,1.0
0,0.0,ILSVRC2012_val_00035574,features.3.0,5,1.0
0,0.0,ILSVRC2012_val_00035574,features.3.1,6,1.0
0,0.0,ILSVRC2012_val_00035574,features.3.2,7,1.0
0,0.0,ILSVRC2012_val_00035574,features.4,8,1.0
0,0.0,ILSVRC2012_val_00035574,features.5.0,9,1.0
0,0.0,ILSVRC2012_val_00035574,features.5.1,10,1.0
0,0.0,ILSVRC2012_val_00035574,features.5.2,11,1.0
0,0.0,ILSVRC2012_val_00035574,features.5.3,12,1.0
0,0.0,ILSVRC2012_val_00035574,features.5.4,13,1.0
0,0.0,ILSVRC2012_val_00035574,features.5.5,14,1.0
0,0.0,ILSVRC2012_val_00035574,features.5.6,15,1.0
0,0.0,ILSVRC2012_val_00035574,features.5.7,16,1.0
0,0.0,ILSVRC2012_val_00035574,features.5.8,17,1.0
0,0.0,ILSVRC2012_val_00035574,features.5.9,18,1.0
0,0.0,ILSVRC2012_val_00035574,features.5.10,19,1.0
0,0.0,ILSVRC2012_val_00035574,features.5.11,20,1.0
0,0.0,ILSVRC2012_val_00035574,features.5.12,21,1.0
0,0.0,ILSVRC2012_val_00035574,features.5.13,22,1.0
0,0.0,ILSVRC2012_val_00035574,features.5.14,23,1.0
0,0.0,ILSVRC2012_val_00035574,features.5.15,24,1.0
0,0.0,ILSVRC2012_val_00035574,features.5.16,25,1.0
0,0.0,ILSVRC2012_val_00035574,features.5.17,26,1.0
0,0.0,ILSVRC2012_val_00035574,features.5.18,27,1.0
0,0.0,ILSVRC2012_val_00035574,features.5.19,28,1.0
0,0.0,ILSVRC2012_val_00035574,features.5.20,29,1.0
0,0.0,ILSVRC2012_val_00035574,features.5.21,30,1.0
0,0.0,ILSVRC2012_val_00035574,features.5.22,31,1.0
0,0.0,ILSVRC2012_val_00035574,features.5.23,32,1.0
0,0.0,ILSVRC2012_val_00035574,features.5.24,33,1.0
0,0.0,ILSVRC2012_val_00035574,features.5.25,34,1.0
0,0.0,ILSVRC2012_val_00035574,features.5.26,35,1.0
0,0.0,ILSVRC2012_val_00035574,features.6,36,1.0
0,0.0,ILSVRC2012_val_00035574,features.7.0,37,1.0
0,0.0,ILSVRC2012_val_00035574,features.7.1,38,1.0
0,0.0,ILSVRC2012_val_00035574,features.7.2,39,1.0
0,0.0,ILSVRC2012_val_00035574,classifier,40,1.0
0,0.0,ILSVRC2012_val_00036158,features.0,0,1.0
0,0.0,ILSVRC2012_val_00036158,features.1.0,1,1.0
0,0.0,ILSVRC2012_val_00036158,features.1.1,2,1.0
0,0.0,ILSVRC2012_val_00036158,features.1.2,3,1.0
0,0.0,ILSVRC2012_val_00036158,features.2,4,1.0
0,0.0,ILSVRC2012_val_00036158,features.3.0,5,1.0
0,0.0,ILSVRC2012_val_00036158,features.3.1,6,1.0
0,0.0,ILSVRC2012_val_00036158,features.3.2,7,1.0
0,0.0,ILSVRC2012_val_00036158,features.4,8,1.0
0,0.0,ILSVRC2012_val_00036158,features.5.0,9,1.0
0,0.0,ILSVRC2012_val_00036158,features.5.1,10,1.0
0,0.0,ILSVRC2012_val_00036158,features.5.2,11,1.0
0,0.0,ILSVRC2012_val_00036158,features.5.3,12,1.0
0,0.0,ILSVRC2012_val_00036158,features.5.4,13,1.0
0,0.0,ILSVRC2012_val_00036158,features.5.5,14,1.0
0,0.0,ILSVRC2012_val_00036158,features.5.6,15,1.0
0,0.0,ILSVRC2012_val_00036158,features.5.7,16,1.0
0,0.0,ILSVRC2012_val_00036158,features.5.8,17,1.0
0,0.0,ILSVRC2012_val_00036158,features.5.9,18,1.0
0,0.0,ILSVRC2012_val_00036158,features.5.10,19,1.0
0,0.0,ILSVRC2012_val_00036158,features.5.11,20,1.0
0,0.0,ILSVRC2012_val_00036158,features.5.12,21,1.0
0,0.0,ILSVRC2012_val_00036158,features.5.13,22,1.0
0,0.0,ILSVRC2012_val_00036158,features.5.14,23,1.0
0,0.0,ILSVRC2012_val_00036158,features.5.15,24,1.0
0,0.0,ILSVRC2012_val_00036158,features.5.16,25,1.0
0,0.0,ILSVRC2012_val_00036158,features.5.17,26,1.0
0,0.0,ILSVRC2012_val_00036158,features.5.18,27,1.0
0,0.0,ILSVRC2012_val_00036158,features.5.19,28,1.0
0,0.0,ILSVRC2012_val_00036158,features.5.20,29,1.0
0,0.0,ILSVRC2012_val_00036158,features.5.21,30,1.0
0,0.0,ILSVRC2012_val_00036158,features.5.22,31,1.0
0,0.0,ILSVRC2012_val_00036158,features.5.23,32,1.0
0,0.0,ILSVRC2012_val_00036158,features.5.24,33,1.0
0,0.0,ILSVRC2012_val_00036158,features.5.25,34,1.0
0,0.0,ILSVRC2012_val_00036158,features.5.26,35,1.0
0,0.0,ILSVRC2012_val_00036158,features.6,36,1.0
0,0.0,ILSVRC2012_val_00036158,features.7.0,37,1.0
0,0.0,ILSVRC2012_val_00036158,features.7.1,38,1.0
0,0.0,ILSVRC2012_val_00036158,features.7.2,39,1.0
0,0.0,ILSVRC2012_val_00036158,classifier,40,1.0
0,0.0,ILSVRC2012_val_00041330,features.0,0,1.0
0,0.0,ILSVRC2012_val_00041330,features.1.0,1,1.0
0,0.0,ILSVRC2012_val_00041330,features.1.1,2,1.0
0,0.0,ILSVRC2012_val_00041330,features.1.2,3,1.0
0,0.0,ILSVRC2012_val_00041330,features.2,4,1.0
0,0.0,ILSVRC2012_val_00041330,features.3.0,5,1.0
0,0.0,ILSVRC2012_val_00041330,features.3.1,6,1.0
0,0.0,ILSVRC2012_val_00041330,features.3.2,7,1.0
0,0.0,ILSVRC2012_val_00041330,features.4,8,1.0
0,0.0,ILSVRC2012_val_00041330,features.5.0,9,1.0
0,0.0,ILSVRC2012_val_00041330,features.5.1,10,1.0
0,0.0,ILSVRC2012_val_00041330,features.5.2,11,1.0
0,0.0,ILSVRC2012_val_00041330,features.5.3,12,1.0
0,0.0,ILSVRC2012_val_00041330,features.5.4,13,1.0
0,0.0,ILSVRC2012_val_00041330,features.5.5,14,1.0
0,0.0,ILSVRC2012_val_00041330,features.5.6,15,1.0
0,0.0,ILSVRC2012_val_00041330,features.5.7,16,1.0
0,0.0,ILSVRC2012_val_00041330,features.5.8,17,1.0
0,0.0,ILSVRC2012_val_00041330,features.5.9,18,1.0
0,0.0,ILSVRC2012_val_00041330,features.5.10,19,1.0
0,0.0,ILSVRC2012_val_00041330,features.5.11,20,1.0
0,0.0,ILSVRC2012_val_00041330,features.5.12,21,1.0
0,0.0,ILSVRC2012_val_00041330,features.5.13,22,1.0
0,0.0,ILSVRC2012_val_00041330,features.5.14,23,1.0
0,0.0,ILSVRC2012_val_00041330,features.5.15,24,1.0
0,0.0,ILSVRC2012_val_00041330,features.5.16,25,1.0
0,0.0,ILSVRC2012_val_00041330,features.5.17,26,1.0
0,0.0,ILSVRC2012_val_00041330,features.5.18,27,1.0
0,0.0,ILSVRC2012_val_00041330,features.5.19,28,1.0
0,0.0,ILSVRC2012_val_00041330,features.5.20,29,1.0
0,0.0,ILSVRC2012_val_00041330,features.5.21,30,1.0
0,0.0,ILSVRC2012_val_00041330,features.5.22,31,1.0
0,0.0,ILSVRC2012_val_00041330,features.5.23,32,1.0
0,0.0,ILSVRC2012_val_00041330,features.5.24,33,1.0
0,0.0,ILSVRC2012_val_00041330,features.5.25,34,1.0
0,0.0,ILSVRC2012_val_00041330,features.5.26,35,1.0
0,0.0,ILSVRC2012_val_00041330,features.6,36,1.0
0,0.0,ILSVRC2012_val_00041330,features.7.0,37,1.0
0,0.0,ILSVRC2012_val_00041330,features.7.1,38,1.0
0,0.0,ILSVRC2012_val_00041330,features.7.2,39,1.0
0,0.0,ILSVRC2012_val_00041330,classifier,40,1.0
0,0.0,ILSVRC2012_val_00048463,features.0,0,1.0
0,0.0,ILSVRC2012_val_00048463,features.1.0,1,1.0
0,0.0,ILSVRC2012_val_00048463,features.1.1,2,1.0
0,0.0,ILSVRC2012_val_00048463,features.1.2,3,1.0
0,0.0,ILSVRC2012_val_00048463,features.2,4,1.0
0,0.0,ILSVRC2012_val_00048463,features.3.0,5,1.0
0,0.0,ILSVRC2012_val_00048463,features.3.1,6,1.0
0,0.0,ILSVRC2012_val_00048463,features.3.2,7,1.0
0,0.0,ILSVRC2012_val_00048463,features.4,8,1.0
0,0.0,ILSVRC2012_val_00048463,features.5.0,9,1.0
0,0.0,ILSVRC2012_val_00048463,features.5.1,10,1.0
0,0.0,ILSVRC2012_val_00048463,features.5.2,11,1.0
0,0.0,ILSVRC2012_val_00048463,features.5.3,12,1.0
0,0.0,ILSVRC2012_val_00048463,features.5.4,13,1.0
0,0.0,ILSVRC2012_val_00048463,features.5.5,14,1.0
0,0.0,ILSVRC2012_val_00048463,features.5.6,15,1.0
0,0.0,ILSVRC2012_val_00048463,features.5.7,16,1.0
0,0.0,ILSVRC2012_val_00048463,features.5.8,17,1.0
0,0.0,ILSVRC2012_val_00048463,features.5.9,18,1.0
0,0.0,ILSVRC2012_val_00048463,features.5.10,19,1.0
0,0.0,ILSVRC2012_val_00048463,features.5.11,20,1.0
0,0.0,ILSVRC2012_val_00048463,features.5.12,21,1.0
0,0.0,ILSVRC2012_val_00048463,features.5.13,22,1.0
0,0.0,ILSVRC2012_val_00048463,features.5.14,23,1.0
0,0.0,ILSVRC2012_val_00048463,features.5.15,24,1.0
0,0.0,ILSVRC2012_val_00048463,features.5.16,25,1.0
0,0.0,ILSVRC2012_val_00048463,features.5.17,26,1.0
0,0.0,ILSVRC2012_val_00048463,features.5.18,27,1.0
0,0.0,ILSVRC2012_val_00048463,features.5.19,28,1.0
0,0.0,ILSVRC2012_val_00048463,features.5.20,29,1.0
0,0.0,ILSVRC2012_val_00048463,features.5.21,30,1.0
0,0.0,ILSVRC2012_val_00048463,features.5.22,31,1.0
0,0.0,ILSVRC2012_val_00048463,features.5.23,32,1.0
0,0.0,ILSVRC2012_val_00048463,features.5.24,33,1.0
0,0.0,ILSVRC2012_val_00048463,features.5.25,34,1.0
0,0.0,ILSVRC2012_val_00048463,features.5.26,35,1.0
0,0.0,ILSVRC2012_val_00048463,features.6,36,1.0
0,0.0,ILSVRC2012_val_00048463,features.7.0,37,1.0
0,0.0,ILSVRC2012_val_00048463,features.7.1,38,1.0
0,0.0,ILSVRC2012_val_00048463,features.7.2,39,1.0
0,0.0,ILSVRC2012_val_00048463,classifier,40,1.0
100,0.1,ILSVRC2012_val_00000487,features.0,0,0.18478648507408799
100,0.1,ILSVRC2012_val_00000487,features.1.0,1,0.27075082263350486
100,0.1,ILSVRC2012_val_00000487,features.1.1,2,0.2623484071917832
100,0.1,ILSVRC2012_val_00000487,features.1.2,3,0.2245726894184947
100,0.1,ILSVRC2012_val_00000487,features.2,4,0.29228897081017496
100,0.1,ILSVRC2012_val_00000487,features.3.0,5,0.3059869526788592
100,0.1,ILSVRC2012_val_00000487,features.3.1,6,0.29536035268977284
100,0.1,ILSVRC2012_val_00000487,features.3.2,7,0.28139790439382195
100,0.1,ILSVRC2012_val_00000487,features.4,8,0.40374135394990446
100,0.1,ILSVRC2012_val_00000487,features.5.0,9,0.3934116287410259
100,0.1,ILSVRC2012_val_00000487,features.5.1,10,0.3945471211642027
100,0.1,ILSVRC2012_val_00000487,features.5.2,11,0.3984395471081138
100,0.1,ILSVRC2012_val_00000487,features.5.3,12,0.39939320040643217
100,0.1,ILSVRC2012_val_00000487,features.5.4,13,0.40497150127887727
100,0.1,ILSVRC2012_val_00000487,features.5.5,14,0.4161744025766849
100,0.1,ILSVRC2012_val_00000487,features.5.6,15,0.41525887653678656
100,0.1,ILSVRC2012_val_00000487,features.5.7,16,0.418750932893157
100,0.1,ILSVRC2012_val_00000487,features.5.8,17,0.42260437406897544
100,0.1,ILSVRC2012_val_00000487,features.5.9,18,0.4248469222858548
100,0.1,ILSVRC2012_val_00000487,features.5.10,19,0.4259500560611486
100,0.1,ILSVRC2012_val_00000487,features.5.11,20,0.4185664178714156
100,0.1,ILSVRC2012_val_00000487,features.5.12,21,0.4116198944151402
100,0.1,ILSVRC2012_val_00000487,features.5.13,22,0.4108995313987136
100,0.1,ILSVRC2012_val_00000487,features.5.14,23,0.40956165640205144
100,0.1,ILSVRC2012_val_00000487,features.5.15,24,0.4090182812020182
100,0.1,ILSVRC2012_val_00000487,features.5.16,25,0.40615826929509635
100,0.1,ILSVRC2012_val_00000487,features.5.17,26,0.40202417887598274
100,0.1,ILSVRC2012_val_00000487,features.5.18,27,0.40194812041819095
100,0.1,ILSVRC2012_val_00000487,features.5.19,28,0.40151265581399204
100,0.1,ILSVRC2012_val_00000487,features.5.20,29,0.398909549356997
100,0.1,ILSVRC2012_val_00000487,features.5.21,30,0.39882198215872044
100,0.1,ILSVRC2012_val_00000487,features.5.22,31,0.3973457144364715
100,0.1,ILSVRC2012_val_00000487,features.5.23,32,0.39848975819721816
100,0.1,ILSVRC2012_val_00000487,features.5.24,33,0.40069853401631117
100,0.1,ILSVRC2012_val_00000487,features.5.25,34,0.4036584443084895
100,0.1,ILSVRC2012_val_00000487,features.5.26,35,0.40504117437079556
100,0.1,ILSVRC2012_val_00000487,features.6,36,0.43337344453223053
100,0.1,ILSVRC2012_val_00000487,features.7.0,37,0.42997242780998346
100,0.1,ILSVRC2012_val_00000487,features.7.1,38,0.4232987586803735
100,0.1,ILSVRC2012_val_00000487,features.7.2,39,0.4193897592891007
100,0.1,ILSVRC2012_val_00000487,classifier,40,0.5894192834410816
100,0.1,ILSVRC2012_val_00000681,features.0,0,0.46428750773221256
100,0.1,ILSVRC2012_val_00000681,features.1.0,1,0.4612394992262125
100,0.1,ILSVRC2012_val_00000681,features.1.1,2,0.4044855022192001
100,0.1,ILSVRC2012_val_00000681,features.1.2,3,0.35033863265067344
100,0.1,ILSVRC2012_val_00000681,features.2,4,0.39704344179481266
100,0.1,ILSVRC2012_val_00000681,features.3.0,5,0.39576633749455215
100,0.1,ILSVRC2012_val_00000681,features.3.1,6,0.38523598027974365
100,0.1,ILSVRC2012_val_00000681,features.3.2,7,0.37792506282329563
100,0.1,ILSVRC2012_val_00000681,features.4,8,0.47336322613358495
100,0.1,ILSVRC2012_val_00000681,features.5.0,9,0.4681919892936945
100,0.1,ILSVRC2012_val_00000681,features.5.1,10,0.4658918140769005
100,0.1,ILSVRC2012_val_00000681,features.5.2,11,0.46478460896909235
100,0.1,ILSVRC2012_val_00000681,features.5.3,12,0.46020725054740913
100,0.1,ILSVRC2012_val_00000681,features.5.4,13,0.4621840431600809
100,0.1,ILSVRC2012_val_00000681,features.5.5,14,0.46445060770660634
100,0.1,ILSVRC2012_val_00000681,features.5.6,15,0.4573188471361995
100,0.1,ILSVRC2012_val_00000681,features.5.7,16,0.45995041192024944
100,0.1,ILSVRC2012_val_00000681,features.5.8,17,0.4680642234280705
100,0.1,ILSVRC2012_val_00000681,features.5.9,18,0.4714979536578059
100,0.1,ILSVRC2012_val_00000681,features.5.10,19,0.4748121453762055
100,0.1,ILSVRC2012_val_00000681,features.5.11,20,0.4690657924041152
100,0.1,ILSVRC2012_val_00000681,features.5.12,21,0.4616027122348547
100,0.1,ILSVRC2012_val_00000681,features.5.13,22,0.46209281432777644
100,0.1,ILSVRC2012_val_00000681,features.5.14,23,0.46165873609930275
100,0.1,ILSVRC2012_val_00000681,features.5.15,24,0.46312224155962467
100,0.1,ILSVRC2012_val_00000681,features.5.16,25,0.4597105032235384
100,0.1,ILSVRC2012_val_00000681,features.5.17,26,0.4629574352562427
100,0.1,ILSVRC2012_val_00000681,features.5.18,27,0.4644855852276087
100,0.1,ILSVRC2012_val_00000681,features.5.19,28,0.4729443553611636
100,0.1,ILSVRC2012_val_00000681,features.5.20,29,0.48241853091418746
100,0.1,ILSVRC2012_val_00000681,features.5.21,30,0.5117488794535399
100,0.1,ILSVRC2012_val_00000681,features.5.22,31,0.5199622804597019
100,0.1,ILSVRC2012_val_00000681,features.5.23,32,0.5262976730465889
100,0.1,ILSVRC2012_val_00000681,features.5.24,33,0.5486833603873849
100,0.1,ILSVRC2012_val_00000681,features.5.25,34,0.5684768156915903
100,0.1,ILSVRC2012_val_00000681,features.5.26,35,0.5893546885646881
100,0.1,ILSVRC2012_val_00000681,features.6,36,0.6613479173481465
100,0.1,ILSVRC2012_val_00000681,features.7.0,37,0.6635785950198769
100,0.1,ILSVRC2012_val_00000681,features.7.1,38,0.6762858493953944
100,0.1,ILSVRC2012_val_00000681,features.7.2,39,0.6833387293562294
100,0.1,ILSVRC2012_val_00000681,classifier,40,0.8788669715672732
100,0.1,ILSVRC2012_val_00000729,features.0,0,0.40926667803936573
100,0.1,ILSVRC2012_val_00000729,features.1.0,1,0.4328330458245998
100,0.1,ILSVRC2012_val_00000729,features.1.1,2,0.38368964308394593
100,0.1,ILSVRC2012_val_00000729,features.1.2,3,0.3202898563649246
100,0.1,ILSVRC2012_val_00000729,features.2,4,0.3775176317658535
100,0.1,ILSVRC2012_val_00000729,features.3.0,5,0.3812661525358294
100,0.1,ILSVRC2012_val_00000729,features.3.1,6,0.37344515110380777
100,0.1,ILSVRC2012_val_00000729,features.3.2,7,0.35971056639597165
100,0.1,ILSVRC2012_val_00000729,features.4,8,0.5013848819402935
100,0.1,ILSVRC2012_val_00000729,features.5.0,9,0.4987166785372378
100,0.1,ILSVRC2012_val_00000729,features.5.1,10,0.5068937516236721
100,0.1,ILSVRC2012_val_00000729,features.5.2,11,0.5129961423756946
100,0.1,ILSVRC2012_val_00000729,features.5.3,12,0.5162610677431663
100,0.1,ILSVRC2012_val_00000729,features.5.4,13,0.522463281693015
100,0.1,ILSVRC2012_val_00000729,features.5.5,14,0.5326241469692525
100,0.1,ILSVRC2012_val_00000729,features.5.6,15,0.5342608241750404
100,0.1,ILSVRC2012_val_00000729,features.5.7,16,0.5441764289732416
100,0.1,ILSVRC2012_val_00000729,features.5.8,17,0.5593826492326897
100,0.1,ILSVRC2012_val_00000729,features.5.9,18,0.5693905246132509
100,0.1,ILSVRC2012_val_00000729,features.5.10,19,0.5882334456259082
100,0.1,ILSVRC2012_val_00000729,features.5.11,20,0.5890633394529653
100,0.1,ILSVRC2012_val_00000729,features.5.12,21,0.578180365249168
100,0.1,ILSVRC2012_val_00000729,features.5.13,22,0.5847274452776063
100,0.1,ILSVRC2012_val_00000729,features.5.14,23,0.5837260551529568
100,0.1,ILSVRC2012_val_00000729,features.5.15,24,0.5849422427764812
100,0.1,ILSVRC2012_val_00000729,features.5.16,25,0.5793973921350268
100,0.1,ILSVRC2012_val_00000729,features.5.17,26,0.5760129181299445
100,0.1,ILSVRC2012_val_00000729,features.5.18,27,0.5715829180648161
100,0.1,ILSVRC2012_val_00000729,features.5.19,28,0.5706972779301882
100,0.1,ILSVRC2012_val_00000729,features.5.20,29,0.5676930610834859
100,0.1,ILSVRC2012_val_00000729,features.5.21,30,0.5723011943224211
100,0.1,ILSVRC2012_val_00000729,features.5.22,31,0.5753156649539983
100,0.1,ILSVRC2012_val_00000729,features.5.23,32,0.5725955431610172
100,0.1,ILSVRC2012_val_00000729,features.5.24,33,0.5798366601983129
100,0.1,ILSVRC2012_val_00000729,features.5.25,34,0.5877855079923258
100,0.1,ILSVRC2012_val_00000729,features.5.26,35,0.5916771816048164
100,0.1,ILSVRC2012_val_00000729,features.6,36,0.6607912796159816
100,0.1,ILSVRC2012_val_00000729,features.7.0,37,0.660204873412397
100,0.1,ILSVRC2012_val_00000729,features.7.1,38,0.657925495463575
100,0.1,ILSVRC2012_val_00000729,features.7.2,39,0.6619264841677838
100,0.1,ILSVRC2012_val_00000729,classifier,40,0.8906878016556419
100,0.1,ILSVRC2012_val_00000974,features.0,0,0.34363139661252495
100,0.1,ILSVRC2012_val_00000974,features.1.0,1,0.36460624815821646
100,0.1,ILSVRC2012_val_00000974,features.1.1,2,0.3366174356088042
100,0.1,ILSVRC2012_val_00000974,features.1.2,3,0.2998145502567291
100,0.1,ILSVRC2012_val_00000974,features.2,4,0.33664857936203485
100,0.1,ILSVRC2012_val_00000974,features.3.0,5,0.33285726595520976
100,0.1,ILSVRC2012_val_00000974,features.3.1,6,0.3238593209981918
100,0.1,ILSVRC2012_val_00000974,features.3.2,7,0.3096407384201884
100,0.1,ILSVRC2012_val_00000974,features.4,8,0.4455863414466381
100,0.1,ILSVRC2012_val_00000974,features.5.0,9,0.4479846479833126
100,0.1,ILSVRC2012_val_00000974,features.5.1,10,0.4481746592432261
100,0.1,ILSVRC2012_val_00000974,features.5.2,11,0.4584187391012907
100,0.1,ILSVRC2012_val_00000974,features.5.3,12,0.46615280871391296
100,0.1,ILSVRC2012_val_00000974,features.5.4,13,0.47985277203917504
100,0.1,ILSVRC2012_val_00000974,features.5.5,14,0.48777858158349996
100,0.1,ILSVRC2012_val_00000974,features.5.6,15,0.4891843901127577
100,0.1,ILSVRC2012_val_00000974,features.5.7,16,0.49634780448377136
100,0.1,ILSVRC2012_val_00000974,features.5.8,17,0.5023070293337107
100,0.1,ILSVRC2012_val_00000974,features.5.9,18,0.5075212209522725
100,0.1,ILSVRC2012_val_00000974,features.5.10,19,0.5111949928790331
100,0.1,ILSVRC2012_val_00000974,features.5.11,20,0.5085592929959297
100,0.1,ILSVRC2012_val_00000974,features.5.12,21,0.504236902949214
100,0.1,ILSVRC2012_val_00000974,features.5.13,22,0.5076853100150823
100,0.1,ILSVRC2012_val_00000974,features.5.14,23,0.5067940562069415
100,0.1,ILSVRC2012_val_00000974,features.5.15,24,0.5127987505793572
100,0.1,ILSVRC2012_val_00000974,features.5.16,25,0.515549155434966
100,0.1,ILSVRC2012_val_00000974,features.5.17,26,0.5240415777981282
100,0.1,ILSVRC2012_val_00000974,features.5.18,27,0.5226100210696458
100,0.1,ILSVRC2012_val_00000974,features.5.19,28,0.5281577495962382
100,0.1,ILSVRC2012_val_00000974,features.5.20,29,0.532913674557209
100,0.1,ILSVRC2012_val_00000974,features.5.21,30,0.5508487341225147
100,0.1,ILSVRC2012_val_00000974,features.5.22,31,0.5586777380287647
100,0.1,ILSVRC2012_val_00000974,features.5.23,32,0.568047478544712
100,0.1,ILSVRC2012_val_00000974,features.5.24,33,0.5877223620414734
100,0.1,ILSVRC2012_val_00000974,features.5.25,34,0.6093002532541751
100,0.1,ILSVRC2012_val_00000974,features.5.26,35,0.6326286384969949
100,0.1,ILSVRC2012_val_00000974,features.6,36,0.7147656226307154
100,0.1,ILSVRC2012_val_00000974,features.7.0,37,0.7263478402525188
100,0.1,ILSVRC2012_val_00000974,features.7.1,38,0.7440026293724775
100,0.1,ILSVRC2012_val_00000974,features.7.2,39,0.7571344818592072
100,0.1,ILSVRC2012_val_00000974,classifier,40,0.954602633792162
100,0.1,ILSVRC2012_val_00003449,features.0,0,0.5085808131545783
100,0.1,ILSVRC2012_val_00003449,features.1.0,1,0.4244751989260316
100,0.1,ILSVRC2012_val_00003449,features.1.1,2,0.38621614300012586
100,0.1,ILSVRC2012_val_00003449,features.1.2,3,0.35108699029982093
100,0.1,ILSVRC2012_val_00003449,features.2,4,0.38691479922384026
100,0.1,ILSVRC2012_val_00003449,features.3.0,5,0.38724853905439377
100,0.1,ILSVRC2012_val_00003449,features.3.1,6,0.3713061194181442
100,0.1,ILSVRC2012_val_00003449,features.3.2,7,0.36184660940766333
100,0.1,ILSVRC2012_val_00003449,features.4,8,0.4818562641873956
100,0.1,ILSVRC2012_val_00003449,features.5.0,9,0.47853439700156447
100,0.1,ILSVRC2012_val_00003449,features.5.1,10,0.4780380912661552
100,0.1,ILSVRC2012_val_00003449,features.5.2,11,0.4814036259204149
100,0.1,ILSVRC2012_val_00003449,features.5.3,12,0.4822472363367677
100,0.1,ILSVRC2012_val_00003449,features.5.4,13,0.4907315087750554
100,0.1,ILSVRC2012_val_00003449,features.5.5,14,0.5024465902283788
100,0.1,ILSVRC2012_val_00003449,features.5.6,15,0.5038942024439573
100,0.1,ILSVRC2012_val_00003449,features.5.7,16,0.5141326242625713
100,0.1,ILSVRC2012_val_00003449,features.5.8,17,0.5212461883991957
100,0.1,ILSVRC2012_val_00003449,features.5.9,18,0.5275959506034851
100,0.1,ILSVRC2012_val_00003449,features.5.10,19,0.5336412101253867
100,0.1,ILSVRC2012_val_00003449,features.5.11,20,0.5352967499062419
100,0.1,ILSVRC2012_val_00003449,features.5.12,21,0.5287143654122949
100,0.1,ILSVRC2012_val_00003449,features.5.13,22,0.5323917645469307
100,0.1,ILSVRC2012_val_00003449,features.5.14,23,0.530172385443747
100,0.1,ILSVRC2012_val_00003449,features.5.15,24,0.5344924975737929
100,0.1,ILSVRC2012_val_00003449,features.5.16,25,0.5307864808946847
100,0.1,ILSVRC2012_val_00003449,features.5.17,26,0.5330374739363789
100,0.1,ILSVRC2012_val_00003449,features.5.18,27,0.5302783406242728
100,0.1,ILSVRC2012_val_00003449,features.5.19,28,0.5307189260266721
100,0.1,ILSVRC2012_val_00003449,features.5.20,29,0.5338381801873445
100,0.1,ILSVRC2012_val_00003449,features.5.21,30,0.5406153747975827
100,0.1,ILSVRC2012_val_00003449,features.5.22,31,0.5443074732452631
100,0.1,ILSVRC2012_val_00003449,features.5.23,32,0.5486705506086349
100,0.1,ILSVRC2012_val_00003449,features.5.24,33,0.5615929005660116
100,0.1,ILSVRC2012_val_00003449,features.5.25,34,0.573505907805264
100,0.1,ILSVRC2012_val_00003449,features.5.26,35,0.580398461125046
100,0.1,ILSVRC2012_val_00003449,features.6,36,0.6645678857438266
100,0.1,ILSVRC2012_val_00003449,features.7.0,37,0.6628579966977239
100,0.1,ILSVRC2012_val_00003449,features.7.1,38,0.6669908991985023
100,0.1,ILSVRC2012_val_00003449,features.7.2,39,0.6714146370921283
100,0.1,ILSVRC2012_val_00003449,classifier,40,0.8210702450612094
100,0.1,ILSVRC2012_val_00005130,features.0,0,0.5425810883387924
100,0.1,ILSVRC2012_val_00005130,features.1.0,1,0.5725507573783397
100,0.1,ILSVRC2012_val_00005130,features.1.1,2,0.5052313863009215
100,0.1,ILSVRC2012_val_00005130,features.1.2,3,0.4510459635704756
100,0.1,ILSVRC2012_val_00005130,features.2,4,0.49833516763746744
100,0.1,ILSVRC2012_val_00005130,features.3.0,5,0.48437574273645884
100,0.1,ILSVRC2012_val_00005130,features.3.1,6,0.46555542927980426
100,0.1,ILSVRC2012_val_00005130,features.3.2,7,0.4609738175481558
100,0.1,ILSVRC2012_val_00005130,features.4,8,0.5687984440207482
100,0.1,ILSVRC2012_val_00005130,features.5.0,9,0.5650509190201759
100,0.1,ILSVRC2012_val_00005130,features.5.1,10,0.5647392542511225
100,0.1,ILSVRC2012_val_00005130,features.5.2,11,0.5678217979162932
100,0.1,ILSVRC2012_val_00005130,features.5.3,12,0.5714401291906833
100,0.1,ILSVRC2012_val_00005130,features.5.4,13,0.5814338554352523
100,0.1,ILSVRC2012_val_00005130,features.5.5,14,0.5935975207418204
100,0.1,ILSVRC2012_val_00005130,features.5.6,15,0.5901545805096626
100,0.1,ILSVRC2012_val_00005130,features.5.7,16,0.5947846931904555
100,0.1,ILSVRC2012_val_00005130,features.5.8,17,0.5993535446405411
100,0.1,ILSVRC2012_val_00005130,features.5.9,18,0.6036711947321891
100,0.1,ILSVRC2012_val_00005130,features.5.10,19,0.6061895007640123
100,0.1,ILSVRC2012_val_00005130,features.5.11,20,0.5993647107541561
100,0.1,ILSVRC2012_val_00005130,features.5.12,21,0.5908532382428646
100,0.1,ILSVRC2012_val_00005130,features.5.13,22,0.5911927401125431
100,0.1,ILSVRC2012_val_00005130,features.5.14,23,0.5887015414446592
100,0.1,ILSVRC2012_val_00005130,features.5.15,24,0.5915476664170622
100,0.1,ILSVRC2012_val_00005130,features.5.16,25,0.588990109719336
100,0.1,ILSVRC2012_val_00005130,features.5.17,26,0.5871138140588998
100,0.1,ILSVRC2012_val_00005130,features.5.18,27,0.5882140116855502
100,0.1,ILSVRC2012_val_00005130,features.5.19,28,0.5912334578812123
100,0.1,ILSVRC2012_val_00005130,features.5.20,29,0.5943504791080951
100,0.1,ILSVRC2012_val_00005130,features.5.21,30,0.6021550271540881
100,0.1,ILSVRC2012_val_00005130,features.5.22,31,0.6056287616699935
100,0.1,ILSVRC2012_val_00005130,features.5.23,32,0.610281953600049
100,0.1,ILSVRC2012_val_00005130,features.5.24,33,0.6224776756465435
100,0.1,ILSVRC2012_val_00005130,features.5.25,34,0.6336406421661377
100,0.1,ILSVRC2012_val_00005130,features.5.26,35,0.6420146027684213
100,0.1,ILSVRC2012_val_00005130,features.6,36,0.7097679765790701
100,0.1,ILSVRC2012_val_00005130,features.7.0,37,0.7115379705533386
100,0.1,ILSVRC2012_val_00005130,features.7.1,38,0.7172624653309583
100,0.1,ILSVRC2012_val_00005130,features.7.2,39,0.7214287310421467
100,0.1,ILSVRC2012_val_00005130,classifier,40,0.9128048679441214
100,0.1,ILSVRC2012_val_00006808,features.0,0,0.5107910832121969
100,0.1,ILSVRC2012_val_00006808,features.1.0,1,0.5247668595090509
100,0.1,ILSVRC2012_val_00006808,features.1.1,2,0.48938895986378195
100,0.1,ILSVRC2012_val_00006808,features.1.2,3,0.4432378306016326
100,0.1,ILSVRC2012_val_00006808,features.2,4,0.47691708998680116
100,0.1,ILSVRC2012_val_00006808,features.3.0,5,0.46226280387192964
100,0.1,ILSVRC2012_val_00006808,features.3.1,6,0.43340308479964734
100,0.1,ILSVRC2012_val_00006808,features.3.2,7,0.41578681511431936
100,0.1,ILSVRC2012_val_00006808,features.4,8,0.5327492217630148
100,0.1,ILSVRC2012_val_00006808,features.5.0,9,0.5288143178403377
100,0.1,ILSVRC2012_val_00006808,features.5.1,10,0.516728547462821
100,0.1,ILSVRC2012_val_00006808,features.5.2,11,0.5122724930733442
100,0.1,ILSVRC2012_val_00006808,features.5.3,12,0.5059898691385984
100,0.1,ILSVRC2012_val_00006808,features.5.4,13,0.520443814957142
100,0.1,ILSVRC2012_val_00006808,features.5.5,14,0.5232281757712365
100,0.1,ILSVRC2012_val_00006808,features.5.6,15,0.509398058706522
100,0.1,ILSVRC2012_val_00006808,features.5.7,16,0.4970067514061927
100,0.1,ILSVRC2012_val_00006808,features.5.8,17,0.5029459019243717
100,0.1,ILSVRC2012_val_00006808,features.5.9,18,0.5022240224033594
100,0.1,ILSVRC2012_val_00006808,features.5.10,19,0.5040499437421561
100,0.1,ILSVRC2012_val_00006808,features.5.11,20,0.4971038830816746
100,0.1,ILSVRC2012_val_00006808,features.5.12,21,0.4911236193627118
100,0.1,ILSVRC2012_val_00006808,features.5.13,22,0.4882028265357018
100,0.1,ILSVRC2012_val_00006808,features.5.14,23,0.48876791440844536
100,0.1,ILSVRC2012_val_00006808,features.5.15,24,0.4830733204811811
100,0.1,ILSVRC2012_val_00006808,features.5.16,25,0.47561744693219665
100,0.1,ILSVRC2012_val_00006808,features.5.17,26,0.47167745947241785
100,0.1,ILSVRC2012_val_00006808,features.5.18,27,0.4679107949346304
100,0.1,ILSVRC2012_val_00006808,features.5.19,28,0.46747897944003347
100,0.1,ILSVRC2012_val_00006808,features.5.20,29,0.46480837926119567
100,0.1,ILSVRC2012_val_00006808,features.5.21,30,0.465322637796402
100,0.1,ILSVRC2012_val_00006808,features.5.22,31,0.46215340647995473
100,0.1,ILSVRC2012_val_00006808,features.5.23,32,0.4594145138651132
100,0.1,ILSVRC2012_val_00006808,features.5.24,33,0.45744945623576644
100,0.1,ILSVRC2012_val_00006808,features.5.25,34,0.4696697685062885
100,0.1,ILSVRC2012_val_00006808,features.5.26,35,0.47454663071632386
100,0.1,ILSVRC2012_val_00006808,features.6,36,0.47434497223049404
100,0.1,ILSVRC2012_val_00006808,features.7.0,37,0.47255262845009566
100,0.1,ILSVRC2012_val_00006808,features.7.1,38,0.47502830972969534
100,0.1,ILSVRC2012_val_00006808,features.7.2,39,0.4713207723513246
100,0.1,ILSVRC2012_val_00006808,classifier,40,0.7752508374482393
100,0.1,ILSVRC2012_val_00010733,features.0,0,0.39092609739601614
100,0.1,ILSVRC2012_val_00010733,features.1.0,1,0.3894494640894234
100,0.1,ILSVRC2012_val_00010733,features.1.1,2,0.35410465911626815
100,0.1,ILSVRC2012_val_00010733,features.1.2,3,0.313883911165595
100,0.1,ILSVRC2012_val_00010733,features.2,4,0.34869524443447586
100,0.1,ILSVRC2012_val_00010733,features.3.0,5,0.3459985423758626
100,0.1,ILSVRC2012_val_00010733,features.3.1,6,0.3446161296024919
100,0.1,ILSVRC2012_val_00010733,features.3.2,7,0.334658640357852
100,0.1,ILSVRC2012_val_00010733,features.4,8,0.4464643681228161
100,0.1,ILSVRC2012_val_00010733,features.5.0,9,0.4412109799414873
100,0.1,ILSVRC2012_val_00010733,features.5.1,10,0.44078454340547324
100,0.1,ILSVRC2012_val_00010733,features.5.2,11,0.44197272639125584
100,0.1,ILSVRC2012_val_00010733,features.5.3,12,0.4419206553801894
100,0.1,ILSVRC2012_val_00010733,features.5.4,13,0.4480614369213582
100,0.1,ILSVRC2012_val_00010733,features.5.5,14,0.45740393918752664
100,0.1,ILSVRC2012_val_00010733,features.5.6,15,0.45755439082682137
100,0.1,ILSVRC2012_val_00010733,features.5.7,16,0.462316254863143
100,0.1,ILSVRC2012_val_00010733,features.5.8,17,0.4657273726150393
100,0.1,ILSVRC2012_val_00010733,features.5.9,18,0.4702191446751356
100,0.1,ILSVRC2012_val_00010733,features.5.10,19,0.4722901422902942
100,0.1,ILSVRC2012_val_00010733,features.5.11,20,0.46815101168900725
100,0.1,ILSVRC2012_val_00010733,features.5.12,21,0.46071066956669093
100,0.1,ILSVRC2012_val_00010733,features.5.13,22,0.4589618017837406
100,0.1,ILSVRC2012_val_00010733,features.5.14,23,0.4562408207505942
100,0.1,ILSVRC2012_val_00010733,features.5.15,24,0.4604147085636854
100,0.1,ILSVRC2012_val_00010733,features.5.16,25,0.4573814204812049
100,0.1,ILSVRC2012_val_00010733,features.5.17,26,0.45900995575338605
100,0.1,ILSVRC2012_val_00010733,features.5.18,27,0.45970979923307886
100,0.1,ILSVRC2012_val_00010733,features.5.19,28,0.46440944822132585
100,0.1,ILSVRC2012_val_00010733,features.5.20,29,0.4674573418051004
100,0.1,ILSVRC2012_val_00010733,features.5.21,30,0.47366798054426906
100,0.1,ILSVRC2012_val_00010733,features.5.22,31,0.4783317164897919
100,0.1,ILSVRC2012_val_00010733,features.5.23,32,0.4801986095100641
100,0.1,ILSVRC2012_val_00010733,features.5.24,33,0.4879615660071373
100,0.1,ILSVRC2012_val_00010733,features.5.25,34,0.49542968312203883
100,0.1,ILSVRC2012_val_00010733,features.5.26,35,0.5036309196747839
100,0.1,ILSVRC2012_val_00010733,features.6,36,0.5656681013993918
100,0.1,ILSVRC2012_val_00010733,features.7.0,37,0.5698796306729317
100,0.1,ILSVRC2012_val_00010733,features.7.1,38,0.5771617639169098
100,0.1,ILSVRC2012_val_00010733,features.7.2,39,0.5848214406691492
100,0.1,ILSVRC2012_val_00010733,classifier,40,0.7723666629016399
100,0.1,ILSVRC2012_val_00014541,features.0,0,0.4805087821096182
100,0.1,ILSVRC2012_val_00014541,features.1.0,1,0.5190741919189691
100,0.1,ILSVRC2012_val_00014541,features.1.1,2,0.4784300216943026
100,0.1,ILSVRC2012_val_00014541,features.1.2,3,0.42191437778770924
100,0.1,ILSVRC2012_val_00014541,features.2,4,0.5038263102591037
100,0.1,ILSVRC2012_val_00014541,features.3.0,5,0.5066788841366768
100,0.1,ILSVRC2012_val_00014541,features.3.1,6,0.49142186644971375
100,0.1,ILSVRC2012_val_00014541,features.3.2,7,0.48250682111978527
100,0.1,ILSVRC2012_val_00014541,features.4,8,0.5943226723641157
100,0.1,ILSVRC2012_val_00014541,features.5.0,9,0.5898246993005276
100,0.1,ILSVRC2012_val_00014541,features.5.1,10,0.595116906824708
100,0.1,ILSVRC2012_val_00014541,features.5.2,11,0.6035107562631368
100,0.1,ILSVRC2012_val_00014541,features.5.3,12,0.6088199684113264
100,0.1,ILSVRC2012_val_00014541,features.5.4,13,0.6273282439410687
100,0.1,ILSVRC2012_val_00014541,features.5.5,14,0.6438846427500248
100,0.1,ILSVRC2012_val_00014541,features.5.6,15,0.6476508820831777
100,0.1,ILSVRC2012_val_00014541,features.5.7,16,0.6569019788444042
100,0.1,ILSVRC2012_val_00014541,features.5.8,17,0.6603075347661972
100,0.1,ILSVRC2012_val_00014541,features.5.9,18,0.6652115022063256
100,0.1,ILSVRC2012_val_00014541,features.5.10,19,0.6685626801669597
100,0.1,ILSVRC2012_val_00014541,features.5.11,20,0.665343501919508
100,0.1,ILSVRC2012_val_00014541,features.5.12,21,0.6605414338350297
100,0.1,ILSVRC2012_val_00014541,features.5.13,22,0.659499088972807
100,0.1,ILSVRC2012_val_00014541,features.5.14,23,0.6581396577477456
100,0.1,ILSVRC2012_val_00014541,features.5.15,24,0.6614190378069877
100,0.1,ILSVRC2012_val_00014541,features.5.16,25,0.659809176915884
100,0.1,ILSVRC2012_val_00014541,features.5.17,26,0.6575320322036744
100,0.1,ILSVRC2012_val_00014541,features.5.18,27,0.6573356988132
100,0.1,ILSVRC2012_val_00014541,features.5.19,28,0.659062960010767
100,0.1,ILSVRC2012_val_00014541,features.5.20,29,0.6611733100235463
100,0.1,ILSVRC2012_val_00014541,features.5.21,30,0.6620323799908161
100,0.1,ILSVRC2012_val_00014541,features.5.22,31,0.6616033220469952
100,0.1,ILSVRC2012_val_00014541,features.5.23,32,0.6619843447983265
100,0.1,ILSVRC2012_val_00014541,features.5.24,33,0.6640207687437535
100,0.1,ILSVRC2012_val_00014541,features.5.25,34,0.6690134447097779
100,0.1,ILSVRC2012_val_00014541,features.5.26,35,0.6722102344691754
100,0.1,ILSVRC2012_val_00014541,features.6,36,0.7224829256176948
100,0.1,ILSVRC2012_val_00014541,features.7.0,37,0.7227060131072998
100,0.1,ILSVRC2012_val_00014541,features.7.1,38,0.7277415049850939
100,0.1,ILSVRC2012_val_00014541,features.7.2,39,0.7340200598955154
100,0.1,ILSVRC2012_val_00014541,classifier,40,0.9290777548372745
100,0.1,ILSVRC2012_val_00018922,features.0,0,0.5609407917261123
100,0.1,ILSVRC2012_val_00018922,features.1.0,1,0.49220695189852265
100,0.1,ILSVRC2012_val_00018922,features.1.1,2,0.4309644205626101
100,0.1,ILSVRC2012_val_00018922,features.1.2,3,0.3785622802399099
100,0.1,ILSVRC2012_val_00018922,features.2,4,0.3646030499078333
100,0.1,ILSVRC2012_val_00018922,features.3.0,5,0.3474030885592103
100,0.1,ILSVRC2012_val_00018922,features.3.1,6,0.33575425655096774
100,0.1,ILSVRC2012_val_00018922,features.3.2,7,0.3360834331676364
100,0.1,ILSVRC2012_val_00018922,features.4,8,0.457340317414701
100,0.1,ILSVRC2012_val_00018922,features.5.0,9,0.45758934876322743
100,0.1,ILSVRC2012_val_00018922,features.5.1,10,0.44788097789287573
100,0.1,ILSVRC2012_val_00018922,features.5.2,11,0.4422494716137647
100,0.1,ILSVRC2012_val_00018922,features.5.3,12,0.44537181330323217
100,0.1,ILSVRC2012_val_00018922,features.5.4,13,0.4592744484603405
100,0.1,ILSVRC2012_val_00018922,features.5.5,14,0.46297351002991194
100,0.1,ILSVRC2012_val_00018922,features.5.6,15,0.45403700568526983
100,0.1,ILSVRC2012_val_00018922,features.5.7,16,0.4507934100493789
100,0.1,ILSVRC2012_val_00018922,features.5.8,17,0.45070077233314515
100,0.1,ILSVRC2012_val_00018922,features.5.9,18,0.44971315402686596
100,0.1,ILSVRC2012_val_00018922,features.5.10,19,0.44869432687014343
100,0.1,ILSVRC2012_val_00018922,features.5.11,20,0.4392346772268414
100,0.1,ILSVRC2012_val_00018922,features.5.12,21,0.4308536267876625
100,0.1,ILSVRC2012_val_00018922,features.5.13,22,0.4270300043225288
100,0.1,ILSVRC2012_val_00018922,features.5.14,23,0.42574983415901657
100,0.1,ILSVRC2012_val_00018922,features.5.15,24,0.421170068924129
100,0.1,ILSVRC2012_val_00018922,features.5.16,25,0.4205540026411414
100,0.1,ILSVRC2012_val_00018922,features.5.17,26,0.41069999008178715
100,0.1,ILSVRC2012_val_00018922,features.5.18,27,0.40950286321491003
100,0.1,ILSVRC2012_val_00018922,features.5.19,28,0.4110939214169979
100,0.1,ILSVRC2012_val_00018922,features.5.20,29,0.413540085285902
100,0.1,ILSVRC2012_val_00018922,features.5.21,30,0.41829299143999815
100,0.1,ILSVRC2012_val_00018922,features.5.22,31,0.4139241357952356
100,0.1,ILSVRC2012_val_00018922,features.5.23,32,0.41635139367282387
100,0.1,ILSVRC2012_val_00018922,features.5.24,33,0.42289968080297113
100,0.1,ILSVRC2012_val_00018922,features.5.25,34,0.43326213717013595
100,0.1,ILSVRC2012_val_00018922,features.5.26,35,0.4386998382970691
100,0.1,ILSVRC2012_val_00018922,features.6,36,0.451063996270299
100,0.1,ILSVRC2012_val_00018922,features.7.0,37,0.44904153401628133
100,0.1,ILSVRC2012_val_00018922,features.7.1,38,0.44727008689939973
100,0.1,ILSVRC2012_val_00018922,features.7.2,39,0.4423023986242712
100,0.1,ILSVRC2012_val_00018922,classifier,40,0.6972336876124143
100,0.1,ILSVRC2012_val_00025924,features.0,0,0.3236820570968092
100,0.1,ILSVRC2012_val_00025924,features.1.0,1,0.31817976859025654
100,0.1,ILSVRC2012_val_00025924,features.1.1,2,0.293212568391487
100,0.1,ILSVRC2012_val_00025924,features.1.2,3,0.24878622517324983
100,0.1,ILSVRC2012_val_00025924,features.2,4,0.2827081864334643
100,0.1,ILSVRC2012_val_00025924,features.3.0,5,0.28561946926862
100,0.1,ILSVRC2012_val_00025924,features.3.1,6,0.27186855593696235
100,0.1,ILSVRC2012_val_00025924,features.3.2,7,0.25817360334992406
100,0.1,ILSVRC2012_val_00025924,features.4,8,0.36563875207677476
100,0.1,ILSVRC2012_val_00025924,features.5.0,9,0.36240784180313346
100,0.1,ILSVRC2012_val_00025924,features.5.1,10,0.36484377345666286
100,0.1,ILSVRC2012_val_00025924,features.5.2,11,0.3697365366376937
100,0.1,ILSVRC2012_val_00025924,features.5.3,12,0.37573834218755364
100,0.1,ILSVRC2012_val_00025924,features.5.4,13,0.38330160527154805
100,0.1,ILSVRC2012_val_00025924,features.5.5,14,0.3972577297911048
100,0.1,ILSVRC2012_val_00025924,features.5.6,15,0.4007234747216106
100,0.1,ILSVRC2012_val_00025924,features.5.7,16,0.4097627677001059
100,0.1,ILSVRC2012_val_00025924,features.5.8,17,0.417686859279871
100,0.1,ILSVRC2012_val_00025924,features.5.9,18,0.42285364475473763
100,0.1,ILSVRC2012_val_00025924,features.5.10,19,0.4279482426278293
100,0.1,ILSVRC2012_val_00025924,features.5.11,20,0.4235560903392732
100,0.1,ILSVRC2012_val_00025924,features.5.12,21,0.4224153515197337
100,0.1,ILSVRC2012_val_00025924,features.5.13,22,0.42312473978400233
100,0.1,ILSVRC2012_val_00025924,features.5.14,23,0.4255283680722118
100,0.1,ILSVRC2012_val_00025924,features.5.15,24,0.42517450208365914
100,0.1,ILSVRC2012_val_00025924,features.5.16,25,0.4245837443239987
100,0.1,ILSVRC2012_val_00025924,features.5.17,26,0.42459654135108
100,0.1,ILSVRC2012_val_00025924,features.5.18,27,0.4268240329533815
100,0.1,ILSVRC2012_val_00025924,features.5.19,28,0.4282398726813495
100,0.1,ILSVRC2012_val_00025924,features.5.20,29,0.4272305067047477
100,0.1,ILSVRC2012_val_00025924,features.5.21,30,0.42789889683276416
100,0.1,ILSVRC2012_val_00025924,features.5.22,31,0.4275661213640124
100,0.1,ILSVRC2012_val_00025924,features.5.23,32,0.4316920270923525
100,0.1,ILSVRC2012_val_00025924,features.5.24,33,0.4398522891975939
100,0.1,ILSVRC2012_val_00025924,features.5.25,34,0.44618942382670945
100,0.1,ILSVRC2012_val_00025924,features.5.26,35,0.4506094613529742
100,0.1,ILSVRC2012_val_00025924,features.6,36,0.4888230245113373
100,0.1,ILSVRC2012_val_00025924,features.7.0,37,0.4889835062967613
100,0.1,ILSVRC2012_val_00025924,features.7.1,38,0.48724785623084754
100,0.1,ILSVRC2012_val_00025924,features.7.2,39,0.48359755075806754
100,0.1,ILSVRC2012_val_00025924,classifier,40,0.7390631391620264
100,0.1,ILSVRC2012_val_00027450,features.0,0,0.31402247699052094
100,0.1,ILSVRC2012_val_00027450,features.1.0,1,0.3844399879068136
100,0.1,ILSVRC2012_val_00027450,features.1.1,2,0.3565862350910902
100,0.1,ILSVRC2012_val_00027450,features.1.2,3,0.31784169005304574
100,0.1,ILSVRC2012_val_00027450,features.2,4,0.3757462836951017
100,0.1,ILSVRC2012_val_00027450,features.3.0,5,0.38876451659798617
100,0.1,ILSVRC2012_val_00027450,features.3.1,6,0.3921540375113487
100,0.1,ILSVRC2012_val_00027450,features.3.2,7,0.38972904791533947
100,0.1,ILSVRC2012_val_00027450,features.4,8,0.5173762481659651
100,0.1,ILSVRC2012_val_00027450,features.5.0,9,0.5135865994095803
100,0.1,ILSVRC2012_val_00027450,features.5.1,10,0.5233420332461595
100,0.1,ILSVRC2012_val_00027450,features.5.2,11,0.5360344789654017
100,0.1,ILSVRC2012_val_00027450,features.5.3,12,0.5416709004938602
100,0.1,ILSVRC2012_val_00027450,features.5.4,13,0.5568004973053933
100,0.1,ILSVRC2012_val_00027450,features.5.5,14,0.5686002939432859
100,0.1,ILSVRC2012_val_00027450,features.5.6,15,0.5672699381053448
100,0.1,ILSVRC2012_val_00027450,features.5.7,16,0.5756528254896403
100,0.1,ILSVRC2012_val_00027450,features.5.8,17,0.5802961892813444
100,0.1,ILSVRC2012_val_00027450,features.5.9,18,0.5844538881599903
100,0.1,ILSVRC2012_val_00027450,features.5.10,19,0.5926050941288472
100,0.1,ILSVRC2012_val_00027450,features.5.11,20,0.5900932070434093
100,0.1,ILSVRC2012_val_00027450,features.5.12,21,0.5801184663027524
100,0.1,ILSVRC2012_val_00027450,features.5.13,22,0.580364435711503
100,0.1,ILSVRC2012_val_00027450,features.5.14,23,0.5818877620428801
100,0.1,ILSVRC2012_val_00027450,features.5.15,24,0.5834310485094785
100,0.1,ILSVRC2012_val_00027450,features.5.16,25,0.5815949604511261
100,0.1,ILSVRC2012_val_00027450,features.5.17,26,0.5783610751599073
100,0.1,ILSVRC2012_val_00027450,features.5.18,27,0.5843027833163739
100,0.1,ILSVRC2012_val_00027450,features.5.19,28,0.5863868156164884
100,0.1,ILSVRC2012_val_00027450,features.5.20,29,0.5874607877254485
100,0.1,ILSVRC2012_val_00027450,features.5.21,30,0.5910894918620586
100,0.1,ILSVRC2012_val_00027450,features.5.22,31,0.5951471356421709
100,0.1,ILSVRC2012_val_00027450,features.5.23,32,0.5998880811959505
100,0.1,ILSVRC2012_val_00027450,features.5.24,33,0.6091618345290422
100,0.1,ILSVRC2012_val_00027450,features.5.25,34,0.620604728475213
100,0.1,ILSVRC2012_val_00027450,features.5.26,35,0.6295314630538225
100,0.1,ILSVRC2012_val_00027450,features.6,36,0.6936556113541126
100,0.1,ILSVRC2012_val_00027450,features.7.0,37,0.6996278938710689
100,0.1,ILSVRC2012_val_00027450,features.7.1,38,0.7103443726211787
100,0.1,ILSVRC2012_val_00027450,features.7.2,39,0.7189467386811972
100,0.1,ILSVRC2012_val_00027450,classifier,40,0.9253852558374406
100,0.1,ILSVRC2012_val_00029063,features.0,0,0.1775723166060634
100,0.1,ILSVRC2012_val_00029063,features.1.0,1,0.2445707883942872
100,0.1,ILSVRC2012_val_00029063,features.1.1,2,0.23812421837970615
100,0.1,ILSVRC2012_val_00029063,features.1.2,3,0.21983614556640388
100,0.1,ILSVRC2012_val_00029063,features.2,4,0.2609224301710725
100,0.1,ILSVRC2012_val_00029063,features.3.0,5,0.26684109175279735
100,0.1,ILSVRC2012_val_00029063,features.3.1,6,0.2580303212203085
100,0.1,ILSVRC2012_val_00029063,features.3.2,7,0.25041644232794646
100,0.1,ILSVRC2012_val_00029063,features.4,8,0.3640151873212308
100,0.1,ILSVRC2012_val_00029063,features.5.0,9,0.3634910724081099
100,0.1,ILSVRC2012_val_00029063,features.5.1,10,0.3700880774579942
100,0.1,ILSVRC2012_val_00029063,features.5.2,11,0.3755405340477824
100,0.1,ILSVRC2012_val_00029063,features.5.3,12,0.3779534084893763
100,0.1,ILSVRC2012_val_00029063,features.5.4,13,0.3830506038315594
100,0.1,ILSVRC2012_val_00029063,features.5.5,14,0.3949021586157382
100,0.1,ILSVRC2012_val_00029063,features.5.6,15,0.39583391966708004
100,0.1,ILSVRC2012_val_00029063,features.5.7,16,0.4036792153023184
100,0.1,ILSVRC2012_val_00029063,features.5.8,17,0.40456569008231164
100,0.1,ILSVRC2012_val_00029063,features.5.9,18,0.4084719318933785
100,0.1,ILSVRC2012_val_00029063,features.5.10,19,0.4081778874732554
100,0.1,ILSVRC2012_val_00029063,features.5.11,20,0.40179762419275933
100,0.1,ILSVRC2012_val_00029063,features.5.12,21,0.3954600835170597
100,0.1,ILSVRC2012_val_00029063,features.5.13,22,0.39589376932643355
100,0.1,ILSVRC2012_val_00029063,features.5.14,23,0.396124714614451
100,0.1,ILSVRC2012_val_00029063,features.5.15,24,0.399423693941161
100,0.1,ILSVRC2012_val_00029063,features.5.16,25,0.3941119377899915
100,0.1,ILSVRC2012_val_00029063,features.5.17,26,0.3914749507066794
100,0.1,ILSVRC2012_val_00029063,features.5.18,27,0.38927291399566455
100,0.1,ILSVRC2012_val_00029063,features.5.19,28,0.3892790598255582
100,0.1,ILSVRC2012_val_00029063,features.5.20,29,0.38745590145653114
100,0.1,ILSVRC2012_val_00029063,features.5.21,30,0.39533865584693845
100,0.1,ILSVRC2012_val_00029063,features.5.22,31,0.4016345529079438
100,0.1,ILSVRC2012_val_00029063,features.5.23,32,0.40851836500968786
100,0.1,ILSVRC2012_val_00029063,features.5.24,33,0.42521077754441644
100,0.1,ILSVRC2012_val_00029063,features.5.25,34,0.442556549761165
100,0.1,ILSVRC2012_val_00029063,features.5.26,35,0.4553535037008114
100,0.1,ILSVRC2012_val_00029063,features.6,36,0.5414744428152335
100,0.1,ILSVRC2012_val_00029063,features.7.0,37,0.5447457877821056
100,0.1,ILSVRC2012_val_00029063,features.7.1,38,0.55279858172487
100,0.1,ILSVRC2012_val_00029063,features.7.2,39,0.5579266815903015
100,0.1,ILSVRC2012_val_00029063,classifier,40,0.7342725134760839
100,0.1,ILSVRC2012_val_00030419,features.0,0,0.138050214361446
100,0.1,ILSVRC2012_val_00030419,features.1.0,1,0.2072747740888968
100,0.1,ILSVRC2012_val_00030419,features.1.1,2,0.19488299955781552
100,0.1,ILSVRC2012_val_00030419,features.1.2,3,0.1548244729630649
100,0.1,ILSVRC2012_val_00030419,features.2,4,0.1910401034651324
100,0.1,ILSVRC2012_val_00030419,features.3.0,5,0.20479035362266007
100,0.1,ILSVRC2012_val_00030419,features.3.1,6,0.20476156896427278
100,0.1,ILSVRC2012_val_00030419,features.3.2,7,0.1931688194811344
100,0.1,ILSVRC2012_val_00030419,features.4,8,0.3201185877058655
100,0.1,ILSVRC2012_val_00030419,features.5.0,9,0.32359014644026757
100,0.1,ILSVRC2012_val_00030419,features.5.1,10,0.333709247880429
100,0.1,ILSVRC2012_val_00030419,features.5.2,11,0.3519277982085943
100,0.1,ILSVRC2012_val_00030419,features.5.3,12,0.3687391754686833
100,0.1,ILSVRC2012_val_00030419,features.5.4,13,0.3887724647656083
100,0.1,ILSVRC2012_val_00030419,features.5.5,14,0.41074518758505585
100,0.1,ILSVRC2012_val_00030419,features.5.6,15,0.42002429366409777
100,0.1,ILSVRC2012_val_00030419,features.5.7,16,0.4275620862543583
100,0.1,ILSVRC2012_val_00030419,features.5.8,17,0.42958948473781344
100,0.1,ILSVRC2012_val_00030419,features.5.9,18,0.4363637203872204
100,0.1,ILSVRC2012_val_00030419,features.5.10,19,0.43602518680989744
100,0.1,ILSVRC2012_val_00030419,features.5.11,20,0.4317477555975318
100,0.1,ILSVRC2012_val_00030419,features.5.12,21,0.431823360915482
100,0.1,ILSVRC2012_val_00030419,features.5.13,22,0.4353009069040418
100,0.1,ILSVRC2012_val_00030419,features.5.14,23,0.43659950558990235
100,0.1,ILSVRC2012_val_00030419,features.5.15,24,0.43836477760225534
100,0.1,ILSVRC2012_val_00030419,features.5.16,25,0.4423619464889169
100,0.1,ILSVRC2012_val_00030419,features.5.17,26,0.44240219994038343
100,0.1,ILSVRC2012_val_00030419,features.5.18,27,0.44784480181336406
100,0.1,ILSVRC2012_val_00030419,features.5.19,28,0.44913897476196285
100,0.1,ILSVRC2012_val_00030419,features.5.20,29,0.4496722668364644
100,0.1,ILSVRC2012_val_00030419,features.5.21,30,0.4539171761825681
100,0.1,ILSVRC2012_val_00030419,features.5.22,31,0.46305185757279393
100,0.1,ILSVRC2012_val_00030419,features.5.23,32,0.4689529279731214
100,0.1,ILSVRC2012_val_00030419,features.5.24,33,0.4878713918857277
100,0.1,ILSVRC2012_val_00030419,features.5.25,34,0.5086672320857644
100,0.1,ILSVRC2012_val_00030419,features.5.26,35,0.5279954868257046
100,0.1,ILSVRC2012_val_00030419,features.6,36,0.6262993409663439
100,0.1,ILSVRC2012_val_00030419,features.7.0,37,0.6336505338326097
100,0.1,ILSVRC2012_val_00030419,features.7.1,38,0.6524134552530945
100,0.1,ILSVRC2012_val_00030419,features.7.2,39,0.6625202533997596
100,0.1,ILSVRC2012_val_00030419,classifier,40,0.8379571947522462
100,0.1,ILSVRC2012_val_00030425,features.0,0,0.4330145942613483
100,0.1,ILSVRC2012_val_00030425,features.1.0,1,0.36284569015428425
100,0.1,ILSVRC2012_val_00030425,features.1.1,2,0.3351628486059606
100,0.1,ILSVRC2012_val_00030425,features.1.2,3,0.297253938484937
100,0.1,ILSVRC2012_val_00030425,features.2,4,0.3260590116016567
100,0.1,ILSVRC2012_val_00030425,features.3.0,5,0.3253955894321203
100,0.1,ILSVRC2012_val_00030425,features.3.1,6,0.3133732553459704
100,0.1,ILSVRC2012_val_00030425,features.3.2,7,0.3054164072215557
100,0.1,ILSVRC2012_val_00030425,features.4,8,0.4388429337605834
100,0.1,ILSVRC2012_val_00030425,features.5.0,9,0.4281152137115598
100,0.1,ILSVRC2012_val_00030425,features.5.1,10,0.42737602365314964
100,0.1,ILSVRC2012_val_00030425,features.5.2,11,0.42739193664491176
100,0.1,ILSVRC2012_val_00030425,features.5.3,12,0.4235532051742077
100,0.1,ILSVRC2012_val_00030425,features.5.4,13,0.427384242297709
100,0.1,ILSVRC2012_val_00030425,features.5.5,14,0.4362036667138338
100,0.1,ILSVRC2012_val_00030425,features.5.6,15,0.4292268855735659
100,0.1,ILSVRC2012_val_00030425,features.5.7,16,0.43243034036159517
100,0.1,ILSVRC2012_val_00030425,features.5.8,17,0.43515395099669696
100,0.1,ILSVRC2012_val_00030425,features.5.9,18,0.43701583607643846
100,0.1,ILSVRC2012_val_00030425,features.5.10,19,0.43899783924669034
100,0.1,ILSVRC2012_val_00030425,features.5.11,20,0.4275926225885749
100,0.1,ILSVRC2012_val_00030425,features.5.12,21,0.4147535266317427
100,0.1,ILSVRC2012_val_00030425,features.5.13,22,0.4124259214147925
100,0.1,ILSVRC2012_val_00030425,features.5.14,23,0.4086932713888586
100,0.1,ILSVRC2012_val_00030425,features.5.15,24,0.4087048380516469
100,0.1,ILSVRC2012_val_00030425,features.5.16,25,0.40273478499278426
100,0.1,ILSVRC2012_val_00030425,features.5.17,26,0.3994111165083945
100,0.1,ILSVRC2012_val_00030425,features.5.18,27,0.39722088176310066
100,0.1,ILSVRC2012_val_00030425,features.5.19,28,0.399030771497637
100,0.1,ILSVRC2012_val_00030425,features.5.20,29,0.39632369089722636
100,0.1,ILSVRC2012_val_00030425,features.5.21,30,0.3990058532152325
100,0.1,ILSVRC2012_val_00030425,features.5.22,31,0.40071710547581313
100,0.1,ILSVRC2012_val_00030425,features.5.23,32,0.3983086579240859
100,0.1,ILSVRC2012_val_00030425,features.5.24,33,0.4018430791050196
100,0.1,ILSVRC2012_val_00030425,features.5.25,34,0.40769142562597993
100,0.1,ILSVRC2012_val_00030425,features.5.26,35,0.41299175419136885
100,0.1,ILSVRC2012_val_00030425,features.6,36,0.44391024219729003
100,0.1,ILSVRC2012_val_00030425,features.7.0,37,0.44693128578923647
100,0.1,ILSVRC2012_val_00030425,features.7.1,38,0.44575530443955214
100,0.1,ILSVRC2012_val_00030425,features.7.2,39,0.44551605678517375
100,0.1,ILSVRC2012_val_00030425,classifier,40,0.6774103962715715
100,0.1,ILSVRC2012_val_00035318,features.0,0,0.44047147386074065
100,0.1,ILSVRC2012_val_00035318,features.1.0,1,0.5515053239554166
100,0.1,ILSVRC2012_val_00035318,features.1.1,2,0.4849369574368
100,0.1,ILSVRC2012_val_00035318,features.1.2,3,0.42384072048515087
100,0.1,ILSVRC2012_val_00035318,features.2,4,0.452830796712637
100,0.1,ILSVRC2012_val_00035318,features.3.0,5,0.44793258776366707
100,0.1,ILSVRC2012_val_00035318,features.3.1,6,0.43613717461526397
100,0.1,ILSVRC2012_val_00035318,features.3.2,7,0.4425862077057362
100,0.1,ILSVRC2012_val_00035318,features.4,8,0.5420826788455249
100,0.1,ILSVRC2012_val_00035318,features.5.0,9,0.5390703966408967
100,0.1,ILSVRC2012_val_00035318,features.5.1,10,0.5351695823997259
100,0.1,ILSVRC2012_val_00035318,features.5.2,11,0.5405100114405156
100,0.1,ILSVRC2012_val_00035318,features.5.3,12,0.5445437575608493
100,0.1,ILSVRC2012_val_00035318,features.5.4,13,0.5545076223999261
100,0.1,ILSVRC2012_val_00035318,features.5.5,14,0.5622648220717907
100,0.1,ILSVRC2012_val_00035318,features.5.6,15,0.5571445658564567
100,0.1,ILSVRC2012_val_00035318,features.5.7,16,0.5605015890598297
100,0.1,ILSVRC2012_val_00035318,features.5.8,17,0.5658848686665297
100,0.1,ILSVRC2012_val_00035318,features.5.9,18,0.5640726995825769
100,0.1,ILSVRC2012_val_00035318,features.5.10,19,0.5609925397336484
100,0.1,ILSVRC2012_val_00035318,features.5.11,20,0.5540518586754799
100,0.1,ILSVRC2012_val_00035318,features.5.12,21,0.5427965819239617
100,0.1,ILSVRC2012_val_00035318,features.5.13,22,0.5403185060590505
100,0.1,ILSVRC2012_val_00035318,features.5.14,23,0.5403371980577707
100,0.1,ILSVRC2012_val_00035318,features.5.15,24,0.5374659443944693
100,0.1,ILSVRC2012_val_00035318,features.5.16,25,0.535326728028059
100,0.1,ILSVRC2012_val_00035318,features.5.17,26,0.5346740647777914
100,0.1,ILSVRC2012_val_00035318,features.5.18,27,0.5379236299663782
100,0.1,ILSVRC2012_val_00035318,features.5.19,28,0.5427602672398091
100,0.1,ILSVRC2012_val_00035318,features.5.20,29,0.5473578717768193
100,0.1,ILSVRC2012_val_00035318,features.5.21,30,0.5558904605418444
100,0.1,ILSVRC2012_val_00035318,features.5.22,31,0.5612211498320102
100,0.1,ILSVRC2012_val_00035318,features.5.23,32,0.5656152631089092
100,0.1,ILSVRC2012_val_00035318,features.5.24,33,0.5757970731914043
100,0.1,ILSVRC2012_val_00035318,features.5.25,34,0.5903846889540554
100,0.1,ILSVRC2012_val_00035318,features.5.26,35,0.6007688844516874
100,0.1,ILSVRC2012_val_00035318,features.6,36,0.6467437855042518
100,0.1,ILSVRC2012_val_00035318,features.7.0,37,0.6505857726633548
100,0.1,ILSVRC2012_val_00035318,features.7.1,38,0.6558555879473686
100,0.1,ILSVRC2012_val_00035318,features.7.2,39,0.6576187380671501
100,0.1,ILSVRC2012_val_00035318,classifier,40,0.8399797324478626
100,0.1,ILSVRC2012_val_00035574,features.0,0,0.41641136504113674
100,0.1,ILSVRC2012_val_00035574,features.1.0,1,0.44872109230160717
100,0.1,ILSVRC2012_val_00035574,features.1.1,2,0.41120243166685105
100,0.1,ILSVRC2012_val_00035574,features.1.2,3,0.3658478722035885
100,0.1,ILSVRC2012_val_00035574,features.2,4,0.4276274989038706
100,0.1,ILSVRC2012_val_00035574,features.3.0,5,0.4382436923265457
100,0.1,ILSVRC2012_val_00035574,features.3.1,6,0.4323294118285179
100,0.1,ILSVRC2012_val_00035574,features.3.2,7,0.43033446916639806
100,0.1,ILSVRC2012_val_00035574,features.4,8,0.5339414942204952
100,0.1,ILSVRC2012_val_00035574,features.5.0,9,0.531317268896103
100,0.1,ILSVRC2012_val_00035574,features.5.1,10,0.5354151684075594
100,0.1,ILSVRC2012_val_00035574,features.5.2,11,0.5413451169759035
100,0.1,ILSVRC2012_val_00035574,features.5.3,12,0.5500510004550219
100,0.1,ILSVRC2012_val_00035574,features.5.4,13,0.5608578242033719
100,0.1,ILSVRC2012_val_00035574,features.5.5,14,0.5744154161930084
100,0.1,ILSVRC2012_val_00035574,features.5.6,15,0.5719922949761154
100,0.1,ILSVRC2012_val_00035574,features.5.7,16,0.5781510017901659
100,0.1,ILSVRC2012_val_00035574,features.5.8,17,0.5835351875633001
100,0.1,ILSVRC2012_val_00035574,features.5.9,18,0.5875331227213144
100,0.1,ILSVRC2012_val_00035574,features.5.10,19,0.5894932008057833
100,0.1,ILSVRC2012_val_00035574,features.5.11,20,0.5824691458970308
100,0.1,ILSVRC2012_val_00035574,features.5.12,21,0.5776343872249126
100,0.1,ILSVRC2012_val_00035574,features.5.13,22,0.5778332100272179
100,0.1,ILSVRC2012_val_00035574,features.5.14,23,0.5762077430367469
100,0.1,ILSVRC2012_val_00035574,features.5.15,24,0.5762268706440926
100,0.1,ILSVRC2012_val_00035574,features.5.16,25,0.5748999498277902
100,0.1,ILSVRC2012_val_00035574,features.5.17,26,0.5807477757424115
100,0.1,ILSVRC2012_val_00035574,features.5.18,27,0.5858107927471399
100,0.1,ILSVRC2012_val_00035574,features.5.19,28,0.590048074966669
100,0.1,ILSVRC2012_val_00035574,features.5.20,29,0.6000365008115768
100,0.1,ILSVRC2012_val_00035574,features.5.21,30,0.6127348702460528
100,0.1,ILSVRC2012_val_00035574,features.5.22,31,0.6247604869306088
100,0.1,ILSVRC2012_val_00035574,features.5.23,32,0.6332927166044712
100,0.1,ILSVRC2012_val_00035574,features.5.24,33,0.6477363988041878
100,0.1,ILSVRC2012_val_00035574,features.5.25,34,0.6646748724281788
100,0.1,ILSVRC2012_val_00035574,features.5.26,35,0.6774842069506645
100,0.1,ILSVRC2012_val_00035574,features.6,36,0.7681062638163567
100,0.1,ILSVRC2012_val_00035574,features.7.0,37,0.7710949147880077
100,0.1,ILSVRC2012_val_00035574,features.7.1,38,0.7808965865969657
100,0.1,ILSVRC2012_val_00035574,features.7.2,39,0.78853611292243
100,0.1,ILSVRC2012_val_00035574,classifier,40,0.9323669824361801
100,0.1,ILSVRC2012_val_00036158,features.0,0,0.1507028313551098
100,0.1,ILSVRC2012_val_00036158,features.1.0,1,0.2694170799352229
100,0.1,ILSVRC2012_val_00036158,features.1.1,2,0.23236847795397042
100,0.1,ILSVRC2012_val_00036158,features.1.2,3,0.19193251194506883
100,0.1,ILSVRC2012_val_00036158,features.2,4,0.24619343017712236
100,0.1,ILSVRC2012_val_00036158,features.3.0,5,0.24520665331482888
100,0.1,ILSVRC2012_val_00036158,features.3.1,6,0.23496269989088178
100,0.1,ILSVRC2012_val_00036158,features.3.2,7,0.22302200729250907
100,0.1,ILSVRC2012_val_00036158,features.4,8,0.3854567106537521
100,0.1,ILSVRC2012_val_00036158,features.5.0,9,0.38419881106317044
100,0.1,ILSVRC2012_val_00036158,features.5.1,10,0.37900921988263725
100,0.1,ILSVRC2012_val_00036158,features.5.2,11,0.3893677746713161
100,0.1,ILSVRC2012_val_00036158,features.5.3,12,0.3976577146075666
100,0.1,ILSVRC2012_val_00036158,features.5.4,13,0.40638148290738463
100,0.1,ILSVRC2012_val_00036158,features.5.5,14,0.42475055014789104
100,0.1,ILSVRC2012_val_00036158,features.5.6,15,0.42973912177234885
100,0.1,ILSVRC2012_val_00036158,features.5.7,16,0.4310339706644416
100,0.1,ILSVRC2012_val_00036158,features.5.8,17,0.43544491536468266
100,0.1,ILSVRC2012_val_00036158,features.5.9,18,0.43799198587983845
100,0.1,ILSVRC2012_val_00036158,features.5.10,19,0.4422530219770968
100,0.1,ILSVRC2012_val_00036158,features.5.11,20,0.4326635905735195
100,0.1,ILSVRC2012_val_00036158,features.5.12,21,0.4278154221765697
100,0.1,ILSVRC2012_val_00036158,features.5.13,22,0.42760258904844517
100,0.1,ILSVRC2012_val_00036158,features.5.14,23,0.42476398700699214
100,0.1,ILSVRC2012_val_00036158,features.5.15,24,0.42396503788456325
100,0.1,ILSVRC2012_val_00036158,features.5.16,25,0.4259174660436809
100,0.1,ILSVRC2012_val_00036158,features.5.17,26,0.4281380827970803
100,0.1,ILSVRC2012_val_00036158,features.5.18,27,0.43028420892804864
100,0.1,ILSVRC2012_val_00036158,features.5.19,28,0.4318889370061457
100,0.1,ILSVRC2012_val_00036158,features.5.20,29,0.4352917733043432
100,0.1,ILSVRC2012_val_00036158,features.5.21,30,0.442386811632663
100,0.1,ILSVRC2012_val_00036158,features.5.22,31,0.4506767397642136
100,0.1,ILSVRC2012_val_00036158,features.5.23,32,0.4571726870916784
100,0.1,ILSVRC2012_val_00036158,features.5.24,33,0.4633740803297609
100,0.1,ILSVRC2012_val_00036158,features.5.25,34,0.4734874257661402
100,0.1,ILSVRC2012_val_00036158,features.5.26,35,0.479828570234403
100,0.1,ILSVRC2012_val_00036158,features.6,36,0.5446030488707125
100,0.1,ILSVRC2012_val_00036158,features.7.0,37,0.5426647166330367
100,0.1,ILSVRC2012_val_00036158,features.7.1,38,0.5488188544075936
100,0.1,ILSVRC2012_val_00036158,features.7.2,39,0.5525328503821045
100,0.1,ILSVRC2012_val_00036158,classifier,40,0.7170854451417923
100,0.1,ILSVRC2012_val_00041330,features.0,0,0.27121141401864585
100,0.1,ILSVRC2012_val_00041330,features.1.0,1,0.34161913468316196
100,0.1,ILSVRC2012_val_00041330,features.1.1,2,0.3139198523774743
100,0.1,ILSVRC2012_val_00041330,features.1.2,3,0.28017062672898174
100,0.1,ILSVRC2012_val_00041330,features.2,4,0.3424662118501961
100,0.1,ILSVRC2012_val_00041330,features.3.0,5,0.3444947296537459
100,0.1,ILSVRC2012_val_00041330,features.3.1,6,0.3274096728399396
100,0.1,ILSVRC2012_val_00041330,features.3.2,7,0.33719188425540925
100,0.1,ILSVRC2012_val_00041330,features.4,8,0.4426952867358923
100,0.1,ILSVRC2012_val_00041330,features.5.0,9,0.4298866119101643
100,0.1,ILSVRC2012_val_00041330,features.5.1,10,0.42431404476612805
100,0.1,ILSVRC2012_val_00041330,features.5.2,11,0.425728836402297
100,0.1,ILSVRC2012_val_00041330,features.5.3,12,0.43313309922218324
100,0.1,ILSVRC2012_val_00041330,features.5.4,13,0.445975397361815
100,0.1,ILSVRC2012_val_00041330,features.5.5,14,0.4506000989899039
100,0.1,ILSVRC2012_val_00041330,features.5.6,15,0.44182087305635215
100,0.1,ILSVRC2012_val_00041330,features.5.7,16,0.44108150867372753
100,0.1,ILSVRC2012_val_00041330,features.5.8,17,0.44846114867180586
100,0.1,ILSVRC2012_val_00041330,features.5.9,18,0.44737392637133594
100,0.1,ILSVRC2012_val_00041330,features.5.10,19,0.44746925820857286
100,0.1,ILSVRC2012_val_00041330,features.5.11,20,0.44249936100617054
100,0.1,ILSVRC2012_val_00041330,features.5.12,21,0.436456692340225
100,0.1,ILSVRC2012_val_00041330,features.5.13,22,0.43393586361184716
100,0.1,ILSVRC2012_val_00041330,features.5.14,23,0.44024222020283343
100,0.1,ILSVRC2012_val_00041330,features.5.15,24,0.4377040947839618
100,0.1,ILSVRC2012_val_00041330,features.5.16,25,0.4353910410724581
100,0.1,ILSVRC2012_val_00041330,features.5.17,26,0.43078982316553593
100,0.1,ILSVRC2012_val_00041330,features.5.18,27,0.43632325565889474
100,0.1,ILSVRC2012_val_00041330,features.5.19,28,0.4365701688505709
100,0.1,ILSVRC2012_val_00041330,features.5.20,29,0.4380258338466287
100,0.1,ILSVRC2012_val_00041330,features.5.21,30,0.43967262728512285
100,0.1,ILSVRC2012_val_00041330,features.5.22,31,0.44442085826471445
100,0.1,ILSVRC2012_val_00041330,features.5.23,32,0.44900518163591624
100,0.1,ILSVRC2012_val_00041330,features.5.24,33,0.45174491216167806
100,0.1,ILSVRC2012_val_00041330,features.5.25,34,0.4605102397404611
100,0.1,ILSVRC2012_val_00041330,features.5.26,35,0.465566389868036
100,0.1,ILSVRC2012_val_00041330,features.6,36,0.4887219811407849
100,0.1,ILSVRC2012_val_00041330,features.7.0,37,0.4938720117557794
100,0.1,ILSVRC2012_val_00041330,features.7.1,38,0.5008864445753395
100,0.1,ILSVRC2012_val_00041330,features.7.2,39,0.5049285911381245
100,0.1,ILSVRC2012_val_00041330,classifier,40,0.6737727256036363
100,0.1,ILSVRC2012_val_00048463,features.0,0,0.1914636953815818
100,0.1,ILSVRC2012_val_00048463,features.1.0,1,0.2419738938935101
100,0.1,ILSVRC2012_val_00048463,features.1.1,2,0.23875457492023705
100,0.1,ILSVRC2012_val_00048463,features.1.2,3,0.21112766873762012
100,0.1,ILSVRC2012_val_00048463,features.2,4,0.23088070663101973
100,0.1,ILSVRC2012_val_00048463,features.3.0,5,0.2442784810639918
100,0.1,ILSVRC2012_val_00048463,features.3.1,6,0.24254002565294505
100,0.1,ILSVRC2012_val_00048463,features.3.2,7,0.23487630742937327
100,0.1,ILSVRC2012_val_00048463,features.4,8,0.35936998242437845
100,0.1,ILSVRC2012_val_00048463,features.5.0,9,0.3614811494961381
100,0.1,ILSVRC2012_val_00048463,features.5.1,10,0.36095601754039525
100,0.1,ILSVRC2012_val_00048463,features.5.2,11,0.36936714594215153
100,0.1,ILSVRC2012_val_00048463,features.5.3,12,0.3772163577258587
100,0.1,ILSVRC2012_val_00048463,features.5.4,13,0.391988102991879
100,0.1,ILSVRC2012_val_00048463,features.5.5,14,0.4090690894290805
100,0.1,ILSVRC2012_val_00048463,features.5.6,15,0.4168764746963978
100,0.1,ILSVRC2012_val_00048463,features.5.7,16,0.4247389709547162
100,0.1,ILSVRC2012_val_00048463,features.5.8,17,0.4314297994494438
100,0.1,ILSVRC2012_val_00048463,features.5.9,18,0.43565533366501336
100,0.1,ILSVRC2012_val_00048463,features.5.10,19,0.435805026909709
100,0.1,ILSVRC2012_val_00048463,features.5.11,20,0.4261993315041065
100,0.1,ILSVRC2012_val_00048463,features.5.12,21,0.42504137665480374
100,0.1,ILSVRC2012_val_00048463,features.5.13,22,0.42599929082989696
100,0.1,ILSVRC2012_val_00048463,features.5.14,23,0.431044215759635
100,0.1,ILSVRC2012_val_00048463,features.5.15,24,0.43327460250705485
100,0.1,ILSVRC2012_val_00048463,features.5.16,25,0.4328401477746665
100,0.1,ILSVRC2012_val_00048463,features.5.17,26,0.4359602138496936
100,0.1,ILSVRC2012_val_00048463,features.5.18,27,0.4359797680586576
100,0.1,ILSVRC2012_val_00048463,features.5.19,28,0.44662365891113875
100,0.1,ILSVRC2012_val_00048463,features.5.20,29,0.4537619851216673
100,0.1,ILSVRC2012_val_00048463,features.5.21,30,0.46590801302716134
100,0.1,ILSVRC2012_val_00048463,features.5.22,31,0.4765465014517308
100,0.1,ILSVRC2012_val_00048463,features.5.23,32,0.48996462317332623
100,0.1,ILSVRC2012_val_00048463,features.5.24,33,0.5086557863585651
100,0.1,ILSVRC2012_val_00048463,features.5.25,34,0.5294826299995185
100,0.1,ILSVRC2012_val_00048463,features.5.26,35,0.5494962421506643
100,0.1,ILSVRC2012_val_00048463,features.6,36,0.7231779162496328
100,0.1,ILSVRC2012_val_00048463,features.7.0,37,0.7271725072592496
100,0.1,ILSVRC2012_val_00048463,features.7.1,38,0.7404876383066177
100,0.1,ILSVRC2012_val_00048463,features.7.2,39,0.7516414680600166
100,0.1,ILSVRC2012_val_00048463,classifier,40,0.8885855450987816
200,0.2,ILSVRC2012_val_00000487,features.0,0,0.11748554457649589
200,0.2,ILSVRC2012_val_00000487,features.1.0,1,0.19135154227130116
200,0.2,ILSVRC2012_val_00000487,features.1.1,2,0.18015494848564267
200,0.2,ILSVRC2012_val_00000487,features.1.2,3,0.15219661119133232
200,0.2,ILSVRC2012_val_00000487,features.2,4,0.19468376461490988
200,0.2,ILSVRC2012_val_00000487,features.3.0,5,0.19723568786010146
200,0.2,ILSVRC2012_val_00000487,features.3.1,6,0.18921536257267002
200,0.2,ILSVRC2012_val_00000487,features.3.2,7,0.17290975252762436
200,0.2,ILSVRC2012_val_00000487,features.4,8,0.27067239294052126
200,0.2,ILSVRC2012_val_00000487,features.5.0,9,0.2620985787764192
200,0.2,ILSVRC2012_val_00000487,features.5.1,10,0.26285454537570474
200,0.2,ILSVRC2012_val_00000487,features.5.2,11,0.2662749879553914
200,0.2,ILSVRC2012_val_00000487,features.5.3,12,0.2668894032239914
200,0.2,ILSVRC2012_val_00000487,features.5.4,13,0.2705554893016815
200,0.2,ILSVRC2012_val_00000487,features.5.5,14,0.28118075840771195
200,0.2,ILSVRC2012_val_00000487,features.5.6,15,0.28190717391967773
200,0.2,ILSVRC2012_val_00000487,features.5.7,16,0.28679099298864597
200,0.2,ILSVRC2012_val_00000487,features.5.8,17,0.2897169319137931
200,0.2,ILSVRC2012_val_00000487,features.5.9,18,0.2918029599398374
200,0.2,ILSVRC2012_val_00000487,features.5.10,19,0.29137984705716374
200,0.2,ILSVRC2012_val_00000487,features.5.11,20,0.2835457293897867
200,0.2,ILSVRC2012_val_00000487,features.5.12,21,0.2762900084376335
200,0.2,ILSVRC2012_val_00000487,features.5.13,22,0.2756871074795723
200,0.2,ILSVRC2012_val_00000487,features.5.14,23,0.27312942822724584
200,0.2,ILSVRC2012_val_00000487,features.5.15,24,0.27269924795180556
200,0.2,ILSVRC2012_val_00000487,features.5.16,25,0.2683846894368529
200,0.2,ILSVRC2012_val_00000487,features.5.17,26,0.2646982200935483
200,0.2,ILSVRC2012_val_00000487,features.5.18,27,0.2628089299380779
200,0.2,ILSVRC2012_val_00000487,features.5.19,28,0.26159845076799393
200,0.2,ILSVRC2012_val_00000487,features.5.20,29,0.25892897080481053
200,0.2,ILSVRC2012_val_00000487,features.5.21,30,0.2590508988186717
200,0.2,ILSVRC2012_val_00000487,features.5.22,31,0.25933589413166047
200,0.2,ILSVRC2012_val_00000487,features.5.23,32,0.2593844726741314
200,0.2,ILSVRC2012_val_00000487,features.5.24,33,0.26205084374547005
200,0.2,ILSVRC2012_val_00000487,features.5.25,34,0.2661862316429615
200,0.2,ILSVRC2012_val_00000487,features.5.26,35,0.26745235714763405
200,0.2,ILSVRC2012_val_00000487,features.6,36,0.3148856310002506
200,0.2,ILSVRC2012_val_00000487,features.7.0,37,0.3101006165534258
200,0.2,ILSVRC2012_val_00000487,features.7.1,38,0.30074802141711116
200,0.2,ILSVRC2012_val_00000487,features.7.2,39,0.29435562314987185
200,0.2,ILSVRC2012_val_00000487,classifier,40,0.4490722059864551
200,0.2,ILSVRC2012_val_00000681,features.0,0,0.33919319973438977
200,0.2,ILSVRC2012_val_00000681,features.1.0,1,0.3593385795168579
200,0.2,ILSVRC2012_val_00000681,features.1.1,2,0.29656747037023307
200,0.2,ILSVRC2012_val_00000681,features.1.2,3,0.25444694606512785
200,0.2,ILSVRC2012_val_00000681,features.2,4,0.2811642530173063
200,0.2,ILSVRC2012_val_00000681,features.3.0,5,0.2721366413965821
200,0.2,ILSVRC2012_val_00000681,features.3.1,6,0.26277688954249023
200,0.2,ILSVRC2012_val_00000681,features.3.2,7,0.2556486643359065
200,0.2,ILSVRC2012_val_00000681,features.4,8,0.33925175752043724
200,0.2,ILSVRC2012_val_00000681,features.5.0,9,0.33355714246630674
200,0.2,ILSVRC2012_val_00000681,features.5.1,10,0.3289374550774693
200,0.2,ILSVRC2012_val_00000681,features.5.2,11,0.3279767129138112
200,0.2,ILSVRC2012_val_00000681,features.5.3,12,0.32484173262864346
200,0.2,ILSVRC2012_val_00000681,features.5.4,13,0.32866108268350364
200,0.2,ILSVRC2012_val_00000681,features.5.5,14,0.3288348431363702
200,0.2,ILSVRC2012_val_00000681,features.5.6,15,0.32178240813463926
200,0.2,ILSVRC2012_val_00000681,features.5.7,16,0.32378015464544296
200,0.2,ILSVRC2012_val_00000681,features.5.8,17,0.3347044443115592
200,0.2,ILSVRC2012_val_00000681,features.5.9,18,0.33922501570135355
200,0.2,ILSVRC2012_val_00000681,features.5.10,19,0.34253880194872616
200,0.2,ILSVRC2012_val_00000681,features.5.11,20,0.33752967423349617
200,0.2,ILSVRC2012_val_00000681,features.5.12,21,0.3298618987716735
200,0.2,ILSVRC2012_val_00000681,features.5.13,22,0.3307823667451739
200,0.2,ILSVRC2012_val_00000681,features.5.14,23,0.3307740326017141
200,0.2,ILSVRC2012_val_00000681,features.5.15,24,0.3316085409589112
200,0.2,ILSVRC2012_val_00000681,features.5.16,25,0.3286821276918053
200,0.2,ILSVRC2012_val_00000681,features.5.17,26,0.33155826174691316
200,0.2,ILSVRC2012_val_00000681,features.5.18,27,0.3335809810660779
200,0.2,ILSVRC2012_val_00000681,features.5.19,28,0.3419196814611554
200,0.2,ILSVRC2012_val_00000681,features.5.20,29,0.3489237734563649
200,0.2,ILSVRC2012_val_00000681,features.5.21,30,0.37514276927411555
200,0.2,ILSVRC2012_val_00000681,features.5.22,31,0.3814236437030136
200,0.2,ILSVRC2012_val_00000681,features.5.23,32,0.3889898819334805
200,0.2,ILSVRC2012_val_00000681,features.5.24,33,0.4099520779415965
200,0.2,ILSVRC2012_val_00000681,features.5.25,34,0.4289274068176746
200,0.2,ILSVRC2012_val_00000681,features.5.26,35,0.44809123373478654
200,0.2,ILSVRC2012_val_00000681,features.6,36,0.5281397195026278
200,0.2,ILSVRC2012_val_00000681,features.7.0,37,0.5293154366962611
200,0.2,ILSVRC2012_val_00000681,features.7.1,38,0.5419551550738514
200,0.2,ILSVRC2012_val_00000681,features.7.2,39,0.5482208162248134
200,0.2,ILSVRC2012_val_00000681,classifier,40,0.8025981791958212
200,0.2,ILSVRC2012_val_00000729,features.0,0,0.30674041852396083
200,0.2,ILSVRC2012_val_00000729,features.1.0,1,0.3482994793366037
200,0.2,ILSVRC2012_val_00000729,features.1.1,2,0.30203423315248495
200,0.2,ILSVRC2012_val_00000729,features.1.2,3,0.2518375906619335
200,0.2,ILSVRC2012_val_00000729,features.2,4,0.2961464644761116
200,0.2,ILSVRC2012_val_00000729,features.3.0,5,0.2992093728230854
200,0.2,ILSVRC2012_val_00000729,features.3.1,6,0.29562933824402043
200,0.2,ILSVRC2012_val_00000729,features.3.2,7,0.28411843226369204
200,0.2,ILSVRC2012_val_00000729,features.4,8,0.41582770893298415
200,0.2,ILSVRC2012_val_00000729,features.5.0,9,0.41338142010896456
200,0.2,ILSVRC2012_val_00000729,features.5.1,10,0.42134812171460234
200,0.2,ILSVRC2012_val_00000729,features.5.2,11,0.42987613216788606
200,0.2,ILSVRC2012_val_00000729,features.5.3,12,0.43633663730909644
200,0.2,ILSVRC2012_val_00000729,features.5.4,13,0.44391782266113744
200,0.2,ILSVRC2012_val_00000729,features.5.5,14,0.4541590987861834
200,0.2,ILSVRC2012_val_00000729,features.5.6,15,0.45604352451522384
200,0.2,ILSVRC2012_val_00000729,features.5.7,16,0.46552196840365884
200,0.2,ILSVRC2012_val_00000729,features.5.8,17,0.48167356795359384
200,0.2,ILSVRC2012_val_00000729,features.5.9,18,0.4931483137756086
200,0.2,ILSVRC2012_val_00000729,features.5.10,19,0.5138802153054138
200,0.2,ILSVRC2012_val_00000729,features.5.11,20,0.5147662958201757
200,0.2,ILSVRC2012_val_00000729,features.5.12,21,0.5024670681147295
200,0.2,ILSVRC2012_val_00000729,features.5.13,22,0.5111813590544265
200,0.2,ILSVRC2012_val_00000729,features.5.14,23,0.5089570664813912
200,0.2,ILSVRC2012_val_00000729,features.5.15,24,0.5097936222223602
200,0.2,ILSVRC2012_val_00000729,features.5.16,25,0.5022941648471276
200,0.2,ILSVRC2012_val_00000729,features.5.17,26,0.4985773335983042
200,0.2,ILSVRC2012_val_00000729,features.5.18,27,0.49368390745382773
200,0.2,ILSVRC2012_val_00000729,features.5.19,28,0.4919201987199838
200,0.2,ILSVRC2012_val_00000729,features.5.20,29,0.4887738820849303
200,0.2,ILSVRC2012_val_00000729,features.5.21,30,0.4930657212200814
200,0.2,ILSVRC2012_val_00000729,features.5.22,31,0.49622064252754766
200,0.2,ILSVRC2012_val_00000729,features.5.23,32,0.4944155255651109
200,0.2,ILSVRC2012_val_00000729,features.5.24,33,0.502633866739759
200,0.2,ILSVRC2012_val_00000729,features.5.25,34,0.5116196669965732
200,0.2,ILSVRC2012_val_00000729,features.5.26,35,0.516040360776899
200,0.2,ILSVRC2012_val_00000729,features.6,36,0.5962682712913341
200,0.2,ILSVRC2012_val_00000729,features.7.0,37,0.5959043183817929
200,0.2,ILSVRC2012_val_00000729,features.7.1,38,0.5934474212630259
200,0.2,ILSVRC2012_val_00000729,features.7.2,39,0.5979425673505903
200,0.2,ILSVRC2012_val_00000729,classifier,40,0.8611429378229756
200,0.2,ILSVRC2012_val_00000974,features.0,0,0.24720471501797436
200,0.2,ILSVRC2012_val_00000974,features.1.0,1,0.2844702042475342
200,0.2,ILSVRC2012_val_00000974,features.1.1,2,0.26105292794555424
200,0.2,ILSVRC2012_val_00000974,features.1.2,3,0.23136869383752348
200,0.2,ILSVRC2012_val_00000974,features.2,4,0.24867786820530888
200,0.2,ILSVRC2012_val_00000974,features.3.0,5,0.24422216672450303
200,0.2,ILSVRC2012_val_00000974,features.3.1,6,0.24005820061787964
200,0.2,ILSVRC2012_val_00000974,features.3.2,7,0.22715319210961463
200,0.2,ILSVRC2012_val_00000974,features.4,8,0.34567284395098685
200,0.2,ILSVRC2012_val_00000974,features.5.0,9,0.34741452086865904
200,0.2,ILSVRC2012_val_00000974,features.5.1,10,0.34763785689026117
200,0.2,ILSVRC2012_val_00000974,features.5.2,11,0.3566953136712313
200,0.2,ILSVRC2012_val_00000974,features.5.3,12,0.3642406080424786
200,0.2,ILSVRC2012_val_00000974,features.5.4,13,0.37855008369013665
200,0.2,ILSVRC2012_val_00000974,features.5.5,14,0.38461644594520333
200,0.2,ILSVRC2012_val_00000974,features.5.6,15,0.3860265960857272
200,0.2,ILSVRC2012_val_00000974,features.5.7,16,0.391507445012033
200,0.2,ILSVRC2012_val_00000974,features.5.8,17,0.39724905447512865
200,0.2,ILSVRC2012_val_00000974,features.5.9,18,0.40259762608930466
200,0.2,ILSVRC2012_val_00000974,features.5.10,19,0.4054860448166728
200,0.2,ILSVRC2012_val_00000974,features.5.11,20,0.4032172801658511
200,0.2,ILSVRC2012_val_00000974,features.5.12,21,0.39908738462775944
200,0.2,ILSVRC2012_val_00000974,features.5.13,22,0.40290663443058733
200,0.2,ILSVRC2012_val_00000974,features.5.14,23,0.4017230496801436
200,0.2,ILSVRC2012_val_00000974,features.5.15,24,0.4092837766848505
200,0.2,ILSVRC2012_val_00000974,features.5.16,25,0.4120202370449901
200,0.2,ILSVRC2012_val_00000974,features.5.17,26,0.42111674473285676
200,0.2,ILSVRC2012_val_00000974,features.5.18,27,0.42034024015590543
200,0.2,ILSVRC2012_val_00000974,features.5.19,28,0.42723465432561936
200,0.2,ILSVRC2012_val_00000974,features.5.20,29,0.4321382697418332
200,0.2,ILSVRC2012_val_00000974,features.5.21,30,0.45414790494628254
200,0.2,ILSVRC2012_val_00000974,features.5.22,31,0.4641126333545893
200,0.2,ILSVRC2012_val_00000974,features.5.23,32,0.4755670179734006
200,0.2,ILSVRC2012_val_00000974,features.5.24,33,0.4980101951537654
200,0.2,ILSVRC2012_val_00000974,features.5.25,34,0.5231278032658622
200,0.2,ILSVRC2012_val_00000974,features.5.26,35,0.5487037658927962
200,0.2,ILSVRC2012_val_00000974,features.6,36,0.6426467307416721
200,0.2,ILSVRC2012_val_00000974,features.7.0,37,0.6569466429404915
200,0.2,ILSVRC2012_val_00000974,features.7.1,38,0.677932720639091
200,0.2,ILSVRC2012_val_00000974,features.7.2,39,0.6927540472984315
200,0.2,ILSVRC2012_val_00000974,classifier,40,0.932792472037673
200,0.2,ILSVRC2012_val_00003449,features.0,0,0.36121923126429323
200,0.2,ILSVRC2012_val_00003449,features.1.0,1,0.33620870436653494
200,0.2,ILSVRC2012_val_00003449,features.1.1,2,0.3035679349772632
200,0.2,ILSVRC2012_val_00003449,features.1.2,3,0.2778538338243961
200,0.2,ILSVRC2012_val_00003449,features.2,4,0.29479939255937937
200,0.2,ILSVRC2012_val_00003449,features.3.0,5,0.29897973340377215
200,0.2,ILSVRC2012_val_00003449,features.3.1,6,0.2916993164036423
200,0.2,ILSVRC2012_val_00003449,features.3.2,7,0.2857460819240659
200,0.2,ILSVRC2012_val_00003449,features.4,8,0.4031525343164801
200,0.2,ILSVRC2012_val_00003449,features.5.0,9,0.40078892490491275
200,0.2,ILSVRC2012_val_00003449,features.5.1,10,0.40266113714650276
200,0.2,ILSVRC2012_val_00003449,features.5.2,11,0.4101751892596483
200,0.2,ILSVRC2012_val_00003449,features.5.3,12,0.41543038030415774
200,0.2,ILSVRC2012_val_00003449,features.5.4,13,0.4271918491587043
200,0.2,ILSVRC2012_val_00003449,features.5.5,14,0.4416827797226608
200,0.2,ILSVRC2012_val_00003449,features.5.6,15,0.4467673130556941
200,0.2,ILSVRC2012_val_00003449,features.5.7,16,0.4607210915237665
200,0.2,ILSVRC2012_val_00003449,features.5.8,17,0.47068372399508956
200,0.2,ILSVRC2012_val_00003449,features.5.9,18,0.47852683188468215
200,0.2,ILSVRC2012_val_00003449,features.5.10,19,0.4865633345507086
200,0.2,ILSVRC2012_val_00003449,features.5.11,20,0.48888436436355115
200,0.2,ILSVRC2012_val_00003449,features.5.12,21,0.4828122616887092
200,0.2,ILSVRC2012_val_00003449,features.5.13,22,0.4874750221319496
200,0.2,ILSVRC2012_val_00003449,features.5.14,23,0.4838925358191132
200,0.2,ILSVRC2012_val_00003449,features.5.15,24,0.4911570884168148
200,0.2,ILSVRC2012_val_00003449,features.5.16,25,0.4872918145947158
200,0.2,ILSVRC2012_val_00003449,features.5.17,26,0.4918715892389417
200,0.2,ILSVRC2012_val_00003449,features.5.18,27,0.4889874717399478
200,0.2,ILSVRC2012_val_00003449,features.5.19,28,0.4914510072208941
200,0.2,ILSVRC2012_val_00003449,features.5.20,29,0.49650763847604396
200,0.2,ILSVRC2012_val_00003449,features.5.21,30,0.5066184612184763
200,0.2,ILSVRC2012_val_00003449,features.5.22,31,0.5118868375228718
200,0.2,ILSVRC2012_val_00003449,features.5.23,32,0.518101583021693
200,0.2,ILSVRC2012_val_00003449,features.5.24,33,0.5371800255391747
200,0.2,ILSVRC2012_val_00003449,features.5.25,34,0.5546044479824602
200,0.2,ILSVRC2012_val_00003449,features.5.26,35,0.5656805101207457
200,0.2,ILSVRC2012_val_00003449,features.6,36,0.6786939690880478
200,0.2,ILSVRC2012_val_00003449,features.7.0,37,0.6777018409353681
200,0.2,ILSVRC2012_val_00003449,features.7.1,38,0.6864509158954956
200,0.2,ILSVRC2012_val_00003449,features.7.2,39,0.6944178044984117
200,0.2,ILSVRC2012_val_00003449,classifier,40,0.8705143116764724
200,0.2,ILSVRC2012_val_00005130,features.0,0,0.4183089261069894
200,0.2,ILSVRC2012_val_00005130,features.1.0,1,0.4564390734255314
200,0.2,ILSVRC2012_val_00005130,features.1.1,2,0.39182476671487093
200,0.2,ILSVRC2012_val_00005130,features.1.2,3,0.34400879729390144
200,0.2,ILSVRC2012_val_00005130,features.2,4,0.3853255578488112
200,0.2,ILSVRC2012_val_00005130,features.3.0,5,0.3646458165153861
200,0.2,ILSVRC2012_val_00005130,features.3.1,6,0.34369259582161904
200,0.2,ILSVRC2012_val_00005130,features.3.2,7,0.33921350284665824
200,0.2,ILSVRC2012_val_00005130,features.4,8,0.45270753236711025
200,0.2,ILSVRC2012_val_00005130,features.5.0,9,0.44818122180402276
200,0.2,ILSVRC2012_val_00005130,features.5.1,10,0.4424835530564189
200,0.2,ILSVRC2012_val_00005130,features.5.2,11,0.44400131449997426
200,0.2,ILSVRC2012_val_00005130,features.5.3,12,0.4466957757622003
200,0.2,ILSVRC2012_val_00005130,features.5.4,13,0.4588275411456823
200,0.2,ILSVRC2012_val_00005130,features.5.5,14,0.47047701471894976
200,0.2,ILSVRC2012_val_00005130,features.5.6,15,0.46499863027781246
200,0.2,ILSVRC2012_val_00005130,features.5.7,16,0.46748747554123404
200,0.2,ILSVRC2012_val_00005130,features.5.8,17,0.47108216024935246
200,0.2,ILSVRC2012_val_00005130,features.5.9,18,0.47385752484351396
200,0.2,ILSVRC2012_val_00005130,features.5.10,19,0.4758166962906718
200,0.2,ILSVRC2012_val_00005130,features.5.11,20,0.46682752014100554
200,0.2,ILSVRC2012_val_00005130,features.5.12,21,0.45473388658463954
200,0.2,ILSVRC2012_val_00005130,features.5.13,22,0.4530871592178941
200,0.2,ILSVRC2012_val_00005130,features.5.14,23,0.4499060680150985
200,0.2,ILSVRC2012_val_00005130,features.5.15,24,0.45056388331204655
200,0.2,ILSVRC2012_val_00005130,features.5.16,25,0.44724192806407814
200,0.2,ILSVRC2012_val_00005130,features.5.17,26,0.4436538196191192
200,0.2,ILSVRC2012_val_00005130,features.5.18,27,0.44509985723942513
200,0.2,ILSVRC2012_val_00005130,features.5.19,28,0.44758106369823214
200,0.2,ILSVRC2012_val_00005130,features.5.20,29,0.4502182550877333
200,0.2,ILSVRC2012_val_00005130,features.5.21,30,0.4597191146656871
200,0.2,ILSVRC2012_val_00005130,features.5.22,31,0.4638358504205942
200,0.2,ILSVRC2012_val_00005130,features.5.23,32,0.46908454687297346
200,0.2,ILSVRC2012_val_00005130,features.5.24,33,0.48735665290653707
200,0.2,ILSVRC2012_val_00005130,features.5.25,34,0.5036649330452085
200,0.2,ILSVRC2012_val_00005130,features.5.26,35,0.516383094471693
200,0.2,ILSVRC2012_val_00005130,features.6,36,0.5950164463628083
200,0.2,ILSVRC2012_val_00005130,features.7.0,37,0.595512182111293
200,0.2,ILSVRC2012_val_00005130,features.7.1,38,0.6029548262763769
200,0.2,ILSVRC2012_val_00005130,features.7.2,39,0.6082053801309317
200,0.2,ILSVRC2012_val_00005130,classifier,40,0.8638747500307858
200,0.2,ILSVRC2012_val_00006808,features.0,0,0.3475605081133545
200,0.2,ILSVRC2012_val_00006808,features.1.0,1,0.43649958156580104
200,0.2,ILSVRC2012_val_00006808,features.1.1,2,0.3858849189586937
200,0.2,ILSVRC2012_val_00006808,features.1.2,3,0.3406694887280464
200,0.2,ILSVRC2012_val_00006808,features.2,4,0.36224873768240207
200,0.2,ILSVRC2012_val_00006808,features.3.0,5,0.3402529836311936
200,0.2,ILSVRC2012_val_00006808,features.3.1,6,0.3129129039213061
200,0.2,ILSVRC2012_val_00006808,features.3.2,7,0.2928203268520534
200,0.2,ILSVRC2012_val_00006808,features.4,8,0.40483859603106975
200,0.2,ILSVRC2012_val_00006808,features.5.0,9,0.3957635387659073
200,0.2,ILSVRC2012_val_00006808,features.5.1,10,0.37931863790899517
200,0.2,ILSVRC2012_val_00006808,features.5.2,11,0.3716932948186994
200,0.2,ILSVRC2012_val_00006808,features.5.3,12,0.36499447308033706
200,0.2,ILSVRC2012_val_00006808,features.5.4,13,0.3764194943085313
200,0.2,ILSVRC2012_val_00006808,features.5.5,14,0.3788040501564741
200,0.2,ILSVRC2012_val_00006808,features.5.6,15,0.36465316014289856
200,0.2,ILSVRC2012_val_00006808,features.5.7,16,0.3521016885846854
200,0.2,ILSVRC2012_val_00006808,features.5.8,17,0.35523311131447555
200,0.2,ILSVRC2012_val_00006808,features.5.9,18,0.35521343000009653
200,0.2,ILSVRC2012_val_00006808,features.5.10,19,0.35356301986724137
200,0.2,ILSVRC2012_val_00006808,features.5.11,20,0.34626638624444606
200,0.2,ILSVRC2012_val_00006808,features.5.12,21,0.3404879220604896
200,0.2,ILSVRC2012_val_00006808,features.5.13,22,0.33809976489767435
200,0.2,ILSVRC2012_val_00006808,features.5.14,23,0.3388722118005157
200,0.2,ILSVRC2012_val_00006808,features.5.15,24,0.3327490012966096
200,0.2,ILSVRC2012_val_00006808,features.5.16,25,0.3265462266206742
200,0.2,ILSVRC2012_val_00006808,features.5.17,26,0.3236085854239762
200,0.2,ILSVRC2012_val_00006808,features.5.18,27,0.3206948926623911
200,0.2,ILSVRC2012_val_00006808,features.5.19,28,0.3204851672030985
200,0.2,ILSVRC2012_val_00006808,features.5.20,29,0.3180494879968464
200,0.2,ILSVRC2012_val_00006808,features.5.21,30,0.31676387378536164
200,0.2,ILSVRC2012_val_00006808,features.5.22,31,0.31451159474924206
200,0.2,ILSVRC2012_val_00006808,features.5.23,32,0.3124626914326102
200,0.2,ILSVRC2012_val_00006808,features.5.24,33,0.3101008746869862
200,0.2,ILSVRC2012_val_00006808,features.5.25,34,0.3177940317831933
200,0.2,ILSVRC2012_val_00006808,features.5.26,35,0.3208730946108699
200,0.2,ILSVRC2012_val_00006808,features.6,36,0.3069515932543203
200,0.2,ILSVRC2012_val_00006808,features.7.0,37,0.30479422174207865
200,0.2,ILSVRC2012_val_00006808,features.7.1,38,0.30511380935590715
200,0.2,ILSVRC2012_val_00006808,features.7.2,39,0.3017645895299502
200,0.2,ILSVRC2012_val_00006808,classifier,40,0.5929872572306544
200,0.2,ILSVRC2012_val_00010733,features.0,0,0.2773466461367905
200,0.2,ILSVRC2012_val_00010733,features.1.0,1,0.2983582090519369
200,0.2,ILSVRC2012_val_00010733,features.1.1,2,0.2587119879759848
200,0.2,ILSVRC2012_val_00010733,features.1.2,3,0.22733084357753397
200,0.2,ILSVRC2012_val_00010733,features.2,4,0.24443590991571545
200,0.2,ILSVRC2012_val_00010733,features.3.0,5,0.23144271795973181
200,0.2,ILSVRC2012_val_00010733,features.3.1,6,0.22970971319228412
200,0.2,ILSVRC2012_val_00010733,features.3.2,7,0.21903934488147497
200,0.2,ILSVRC2012_val_00010733,features.4,8,0.31817003542333844
200,0.2,ILSVRC2012_val_00010733,features.5.0,9,0.3081270092979074
200,0.2,ILSVRC2012_val_00010733,features.5.1,10,0.30087458713650705
200,0.2,ILSVRC2012_val_00010733,features.5.2,11,0.2995089141890407
200,0.2,ILSVRC2012_val_00010733,features.5.3,12,0.2989664388522506
200,0.2,ILSVRC2012_val_00010733,features.5.4,13,0.30660045748800036
200,0.2,ILSVRC2012_val_00010733,features.5.5,14,0.31415659219622616
200,0.2,ILSVRC2012_val_00010733,features.5.6,15,0.3130111426129937
200,0.2,ILSVRC2012_val_00010733,features.5.7,16,0.31558208194226023
200,0.2,ILSVRC2012_val_00010733,features.5.8,17,0.31931171737760305
200,0.2,ILSVRC2012_val_00010733,features.5.9,18,0.32181402170136575
200,0.2,ILSVRC2012_val_00010733,features.5.10,19,0.32381453886330125
200,0.2,ILSVRC2012_val_00010733,features.5.11,20,0.31969492798298604
200,0.2,ILSVRC2012_val_00010733,features.5.12,21,0.3117441084936261
200,0.2,ILSVRC2012_val_00010733,features.5.13,22,0.3096501148559153
200,0.2,ILSVRC2012_val_00010733,features.5.14,23,0.3058511200033128
200,0.2,ILSVRC2012_val_00010733,features.5.15,24,0.30953936064615845
200,0.2,ILSVRC2012_val_00010733,features.5.16,25,0.3066294546611607
200,0.2,ILSVRC2012_val_00010733,features.5.17,26,0.30659376363009216
200,0.2,ILSVRC2012_val_00010733,features.5.18,27,0.3089198117040098
200,0.2,ILSVRC2012_val_00010733,features.5.19,28,0.31359415673166513
200,0.2,ILSVRC2012_val_00010733,features.5.20,29,0.316149643753469
200,0.2,ILSVRC2012_val_00010733,features.5.21,30,0.3205621946185827
200,0.2,ILSVRC2012_val_00010733,features.5.22,31,0.32299817586168644
200,0.2,ILSVRC2012_val_00010733,features.5.23,32,0.3248544679105282
200,0.2,ILSVRC2012_val_00010733,features.5.24,33,0.329024423173815
200,0.2,ILSVRC2012_val_00010733,features.5.25,34,0.33240836093537507
200,0.2,ILSVRC2012_val_00010733,features.5.26,35,0.3359277089230716
200,0.2,ILSVRC2012_val_00010733,features.6,36,0.35535038412101566
200,0.2,ILSVRC2012_val_00010733,features.7.0,37,0.35509974765703084
200,0.2,ILSVRC2012_val_00010733,features.7.1,38,0.3560795686837286
200,0.2,ILSVRC2012_val_00010733,features.7.2,39,0.3564536233719438
200,0.2,ILSVRC2012_val_00010733,classifier,40,0.6116099862180651
200,0.2,ILSVRC2012_val_00014541,features.0,0,0.33609928748756646
200,0.2,ILSVRC2012_val_00014541,features.1.0,1,0.4067287865668535
200,0.2,ILSVRC2012_val_00014541,features.1.1,2,0.36679174590557817
200,0.2,ILSVRC2012_val_00014541,features.1.2,3,0.31933484073728324
200,0.2,ILSVRC2012_val_00014541,features.2,4,0.3912571198999882
200,0.2,ILSVRC2012_val_00014541,features.3.0,5,0.3939798236489296
200,0.2,ILSVRC2012_val_00014541,features.3.1,6,0.3793320966482162
200,0.2,ILSVRC2012_val_00014541,features.3.2,7,0.3700894916504622
200,0.2,ILSVRC2012_val_00014541,features.4,8,0.4807915004312992
200,0.2,ILSVRC2012_val_00014541,features.5.0,9,0.47651714833974834
200,0.2,ILSVRC2012_val_00014541,features.5.1,10,0.4811552686005831
200,0.2,ILSVRC2012_val_00014541,features.5.2,11,0.4899240843206644
200,0.2,ILSVRC2012_val_00014541,features.5.3,12,0.495206543341279
200,0.2,ILSVRC2012_val_00014541,features.5.4,13,0.517069652351737
200,0.2,ILSVRC2012_val_00014541,features.5.5,14,0.5344034341841937
200,0.2,ILSVRC2012_val_00014541,features.5.6,15,0.5345069384336472
200,0.2,ILSVRC2012_val_00014541,features.5.7,16,0.5428969461113214
200,0.2,ILSVRC2012_val_00014541,features.5.8,17,0.5462084554404021
200,0.2,ILSVRC2012_val_00014541,features.5.9,18,0.5516185819745063
200,0.2,ILSVRC2012_val_00014541,features.5.10,19,0.5552864151716232
200,0.2,ILSVRC2012_val_00014541,features.5.11,20,0.5490441439658403
200,0.2,ILSVRC2012_val_00014541,features.5.12,21,0.5400289047658443
200,0.2,ILSVRC2012_val_00014541,features.5.13,22,0.5390093717843294
200,0.2,ILSVRC2012_val_00014541,features.5.14,23,0.536288140168786
200,0.2,ILSVRC2012_val_00014541,features.5.15,24,0.5366671288341284
200,0.2,ILSVRC2012_val_00014541,features.5.16,25,0.5334229447185993
200,0.2,ILSVRC2012_val_00014541,features.5.17,26,0.5295858966946603
200,0.2,ILSVRC2012_val_00014541,features.5.18,27,0.5292101925820112
200,0.2,ILSVRC2012_val_00014541,features.5.19,28,0.5308464790463447
200,0.2,ILSVRC2012_val_00014541,features.5.20,29,0.5328665070354939
200,0.2,ILSVRC2012_val_00014541,features.5.21,30,0.5341476407408714
200,0.2,ILSVRC2012_val_00014541,features.5.22,31,0.5339976459681988
200,0.2,ILSVRC2012_val_00014541,features.5.23,32,0.5352433937847615
200,0.2,ILSVRC2012_val_00014541,features.5.24,33,0.5387076256155967
200,0.2,ILSVRC2012_val_00014541,features.5.25,34,0.5456225127249956
200,0.2,ILSVRC2012_val_00014541,features.5.26,35,0.5504434741854667
200,0.2,ILSVRC2012_val_00014541,features.6,36,0.5901486981809139
200,0.2,ILSVRC2012_val_00014541,features.7.0,37,0.592486692866683
200,0.2,ILSVRC2012_val_00014541,features.7.1,38,0.602392946767807
200,0.2,ILSVRC2012_val_00014541,features.7.2,39,0.6119372945964336
200,0.2,ILSVRC2012_val_00014541,classifier,40,0.8846901999413967
200,0.2,ILSVRC2012_val_00018922,features.0,0,0.5281105458810926
200,0.2,ILSVRC2012_val_00018922,features.1.0,1,0.5159540821433067
200,0.2,ILSVRC2012_val_00018922,features.1.1,2,0.4341693655699491
200,0.2,ILSVRC2012_val_00018922,features.1.2,3,0.3631965652897954
200,0.2,ILSVRC2012_val_00018922,features.2,4,0.3443265347585082
200,0.2,ILSVRC2012_val_00018922,features.3.0,5,0.3037206488572062
200,0.2,ILSVRC2012_val_00018922,features.3.1,6,0.2877556073576212
200,0.2,ILSVRC2012_val_00018922,features.3.2,7,0.29015651576071977
200,0.2,ILSVRC2012_val_00018922,features.4,8,0.3807861479505896
200,0.2,ILSVRC2012_val_00018922,features.5.0,9,0.37252907896786924
200,0.2,ILSVRC2012_val_00018922,features.5.1,10,0.35206731333136554
200,0.2,ILSVRC2012_val_00018922,features.5.2,11,0.342753463511169
200,0.2,ILSVRC2012_val_00018922,features.5.3,12,0.34137700205892324
200,0.2,ILSVRC2012_val_00018922,features.5.4,13,0.3541791174963117
200,0.2,ILSVRC2012_val_00018922,features.5.5,14,0.35251121018528936
200,0.2,ILSVRC2012_val_00018922,features.5.6,15,0.3369107623592019
200,0.2,ILSVRC2012_val_00018922,features.5.7,16,0.3281634972892702
200,0.2,ILSVRC2012_val_00018922,features.5.8,17,0.3319471071757376
200,0.2,ILSVRC2012_val_00018922,features.5.9,18,0.3288362293176353
200,0.2,ILSVRC2012_val_00018922,features.5.10,19,0.3298768965780735
200,0.2,ILSVRC2012_val_00018922,features.5.11,20,0.3198445078417659
200,0.2,ILSVRC2012_val_00018922,features.5.12,21,0.3099213654428721
200,0.2,ILSVRC2012_val_00018922,features.5.13,22,0.3060071895763278
200,0.2,ILSVRC2012_val_00018922,features.5.14,23,0.306541608569026
200,0.2,ILSVRC2012_val_00018922,features.5.15,24,0.3003390341937542
200,0.2,ILSVRC2012_val_00018922,features.5.16,25,0.30118728455901145
200,0.2,ILSVRC2012_val_00018922,features.5.17,26,0.29182138313278555
200,0.2,ILSVRC2012_val_00018922,features.5.18,27,0.29281601267307994
200,0.2,ILSVRC2012_val_00018922,features.5.19,28,0.2984879630893469
200,0.2,ILSVRC2012_val_00018922,features.5.20,29,0.30288881764262915
200,0.2,ILSVRC2012_val_00018922,features.5.21,30,0.3122155935116112
200,0.2,ILSVRC2012_val_00018922,features.5.22,31,0.3098748597763479
200,0.2,ILSVRC2012_val_00018922,features.5.23,32,0.3189031285688281
200,0.2,ILSVRC2012_val_00018922,features.5.24,33,0.33219309188276536
200,0.2,ILSVRC2012_val_00018922,features.5.25,34,0.3471874183528125
200,0.2,ILSVRC2012_val_00018922,features.5.26,35,0.3566044614985585
200,0.2,ILSVRC2012_val_00018922,features.6,36,0.37623227080553767
200,0.2,ILSVRC2012_val_00018922,features.7.0,37,0.37401046408265826
200,0.2,ILSVRC2012_val_00018922,features.7.1,38,0.37646361521966754
200,0.2,ILSVRC2012_val_00018922,features.7.2,39,0.37515471397452055
200,0.2,ILSVRC2012_val_00018922,classifier,40,0.7187717309236527
200,0.2,ILSVRC2012_val_00025924,features.0,0,0.21160788270384073
200,0.2,ILSVRC2012_val_00025924,features.1.0,1,0.2280214298222214
200,0.2,ILSVRC2012_val_00025924,features.1.1,2,0.20389977407008408
200,0.2,ILSVRC2012_val_00025924,features.1.2,3,0.17055636092983187
200,0.2,ILSVRC2012_val_00025924,features.2,4,0.17737060143612324
200,0.2,ILSVRC2012_val_00025924,features.3.0,5,0.17727045350000262
200,0.2,ILSVRC2012_val_00025924,features.3.1,6,0.17065766956061126
200,0.2,ILSVRC2012_val_00025924,features.3.2,7,0.15642201701812447
200,0.2,ILSVRC2012_val_00025924,features.4,8,0.24153629066199062
200,0.2,ILSVRC2012_val_00025924,features.5.0,9,0.23757899464666843
200,0.2,ILSVRC2012_val_00025924,features.5.1,10,0.2371544492252171
200,0.2,ILSVRC2012_val_00025924,features.5.2,11,0.24071228343173862
200,0.2,ILSVRC2012_val_00025924,features.5.3,12,0.24456497053951023
200,0.2,ILSVRC2012_val_00025924,features.5.4,13,0.25254179988503456
200,0.2,ILSVRC2012_val_00025924,features.5.5,14,0.265719756320864
200,0.2,ILSVRC2012_val_00025924,features.5.6,15,0.26654957922250033
200,0.2,ILSVRC2012_val_00025924,features.5.7,16,0.27170950166583063
200,0.2,ILSVRC2012_val_00025924,features.5.8,17,0.2784070842601359
200,0.2,ILSVRC2012_val_00025924,features.5.9,18,0.2818038315847516
200,0.2,ILSVRC2012_val_00025924,features.5.10,19,0.2859857411701232
200,0.2,ILSVRC2012_val_00025924,features.5.11,20,0.2789802822258324
200,0.2,ILSVRC2012_val_00025924,features.5.12,21,0.27495285063832997
200,0.2,ILSVRC2012_val_00025924,features.5.13,22,0.27626561418138446
200,0.2,ILSVRC2012_val_00025924,features.5.14,23,0.2777878597583622
200,0.2,ILSVRC2012_val_00025924,features.5.15,24,0.27540118214190007
200,0.2,ILSVRC2012_val_00025924,features.5.16,25,0.27335739612579346
200,0.2,ILSVRC2012_val_00025924,features.5.17,26,0.2718968975689262
200,0.2,ILSVRC2012_val_00025924,features.5.18,27,0.273201926587522
200,0.2,ILSVRC2012_val_00025924,features.5.19,28,0.2735905790030957
200,0.2,ILSVRC2012_val_00025924,features.5.20,29,0.27235055943019687
200,0.2,ILSVRC2012_val_00025924,features.5.21,30,0.2730432177584618
200,0.2,ILSVRC2012_val_00025924,features.5.22,31,0.2728962105389684
200,0.2,ILSVRC2012_val_00025924,features.5.23,32,0.2776051593128592
200,0.2,ILSVRC2012_val_00025924,features.5.24,33,0.2839216674800962
200,0.2,ILSVRC2012_val_00025924,features.5.25,34,0.29121942047402266
200,0.2,ILSVRC2012_val_00025924,features.5.26,35,0.2967405163258314
200,0.2,ILSVRC2012_val_00025924,features.6,36,0.3128401675307192
200,0.2,ILSVRC2012_val_00025924,features.7.0,37,0.31367903860695656
200,0.2,ILSVRC2012_val_00025924,features.7.1,38,0.31244675199706107
200,0.2,ILSVRC2012_val_00025924,features.7.2,39,0.3082274612359702
200,0.2,ILSVRC2012_val_00025924,classifier,40,0.6105748555107042
200,0.2,ILSVRC2012_val_00027450,features.0,0,0.19222683291956782
200,0.2,ILSVRC2012_val_00027450,features.1.0,1,0.2855817916408181
200,0.2,ILSVRC2012_val_00027450,features.1.1,2,0.256882636269927
200,0.2,ILSVRC2012_val_00027450,features.1.2,3,0.22847131246030333
200,0.2,ILSVRC2012_val_00027450,features.2,4,0.26100410282909875
200,0.2,ILSVRC2012_val_00027450,features.3.0,5,0.2698488849207759
200,0.2,ILSVRC2012_val_00027450,features.3.1,6,0.2740950818240643
200,0.2,ILSVRC2012_val_00027450,features.3.2,7,0.2722437974900007
200,0.2,ILSVRC2012_val_00027450,features.4,8,0.3918629227608442
200,0.2,ILSVRC2012_val_00027450,features.5.0,9,0.38780778789520265
200,0.2,ILSVRC2012_val_00027450,features.5.1,10,0.39510039573311806
200,0.2,ILSVRC2012_val_00027450,features.5.2,11,0.406625460100174
200,0.2,ILSVRC2012_val_00027450,features.5.3,12,0.4106404827654362
200,0.2,ILSVRC2012_val_00027450,features.5.4,13,0.42718459613025195
200,0.2,ILSVRC2012_val_00027450,features.5.5,14,0.4381554050177336
200,0.2,ILSVRC2012_val_00027450,features.5.6,15,0.4332947035074234
200,0.2,ILSVRC2012_val_00027450,features.5.7,16,0.44037032723426817
200,0.2,ILSVRC2012_val_00027450,features.5.8,17,0.4439656461805105
200,0.2,ILSVRC2012_val_00027450,features.5.9,18,0.4473688602626324
200,0.2,ILSVRC2012_val_00027450,features.5.10,19,0.45579215017557145
200,0.2,ILSVRC2012_val_00027450,features.5.11,20,0.45144635563194757
200,0.2,ILSVRC2012_val_00027450,features.5.12,21,0.43720497756302357
200,0.2,ILSVRC2012_val_00027450,features.5.13,22,0.437263913372159
200,0.2,ILSVRC2012_val_00027450,features.5.14,23,0.4372317333579063
200,0.2,ILSVRC2012_val_00027450,features.5.15,24,0.437307363897562
200,0.2,ILSVRC2012_val_00027450,features.5.16,25,0.43453667204380036
200,0.2,ILSVRC2012_val_00027450,features.5.17,26,0.4284935808867216
200,0.2,ILSVRC2012_val_00027450,features.5.18,27,0.43554822512567043
200,0.2,ILSVRC2012_val_00027450,features.5.19,28,0.4379718852579594
200,0.2,ILSVRC2012_val_00027450,features.5.20,29,0.44005520823895933
200,0.2,ILSVRC2012_val_00027450,features.5.21,30,0.4446339814811945
200,0.2,ILSVRC2012_val_00027450,features.5.22,31,0.4477820581227541
200,0.2,ILSVRC2012_val_00027450,features.5.23,32,0.4523565315455198
200,0.2,ILSVRC2012_val_00027450,features.5.24,33,0.4637049013108015
200,0.2,ILSVRC2012_val_00027450,features.5.25,34,0.47875818005502224
200,0.2,ILSVRC2012_val_00027450,features.5.26,35,0.49021819491386415
200,0.2,ILSVRC2012_val_00027450,features.6,36,0.5493568123012781
200,0.2,ILSVRC2012_val_00027450,features.7.0,37,0.5534643098562957
200,0.2,ILSVRC2012_val_00027450,features.7.1,38,0.566010787667334
200,0.2,ILSVRC2012_val_00027450,features.7.2,39,0.5769617839366198
200,0.2,ILSVRC2012_val_00027450,classifier,40,0.8648214690983296
200,0.2,ILSVRC2012_val_00029063,features.0,0,0.1050105691023171
200,0.2,ILSVRC2012_val_00029063,features.1.0,1,0.1791136339562014
200,0.2,ILSVRC2012_val_00029063,features.1.1,2,0.1744415185935795
200,0.2,ILSVRC2012_val_00029063,features.1.2,3,0.15595171078890563
200,0.2,ILSVRC2012_val_00029063,features.2,4,0.17908230955898763
200,0.2,ILSVRC2012_val_00029063,features.3.0,5,0.1846085808299482
200,0.2,ILSVRC2012_val_00029063,features.3.1,6,0.18147061832547184
200,0.2,ILSVRC2012_val_00029063,features.3.2,7,0.17438423428088426
200,0.2,ILSVRC2012_val_00029063,features.4,8,0.2744763454191387
200,0.2,ILSVRC2012_val_00029063,features.5.0,9,0.2748037522099912
200,0.2,ILSVRC2012_val_00029063,features.5.1,10,0.2802308372631669
200,0.2,ILSVRC2012_val_00029063,features.5.2,11,0.28901273542568084
200,0.2,ILSVRC2012_val_00029063,features.5.3,12,0.2942874081231654
200,0.2,ILSVRC2012_val_00029063,features.5.4,13,0.3023181883729994
200,0.2,ILSVRC2012_val_00029063,features.5.5,14,0.3134286990746856
200,0.2,ILSVRC2012_val_00029063,features.5.6,15,0.3133779654711485
200,0.2,ILSVRC2012_val_00029063,features.5.7,16,0.3193975454650819
200,0.2,ILSVRC2012_val_00029063,features.5.8,17,0.31851968902945516
200,0.2,ILSVRC2012_val_00029063,features.5.9,18,0.32207253950089215
200,0.2,ILSVRC2012_val_00029063,features.5.10,19,0.3218920418024063
200,0.2,ILSVRC2012_val_00029063,features.5.11,20,0.31536457839757204
200,0.2,ILSVRC2012_val_00029063,features.5.12,21,0.30781155216284095
200,0.2,ILSVRC2012_val_00029063,features.5.13,22,0.30958634923920036
200,0.2,ILSVRC2012_val_00029063,features.5.14,23,0.30959193109646443
200,0.2,ILSVRC2012_val_00029063,features.5.15,24,0.3129761049579829
200,0.2,ILSVRC2012_val_00029063,features.5.16,25,0.30720711464248596
200,0.2,ILSVRC2012_val_00029063,features.5.17,26,0.30369423962049186
200,0.2,ILSVRC2012_val_00029063,features.5.18,27,0.30229772123806176
200,0.2,ILSVRC2012_val_00029063,features.5.19,28,0.3021660895355046
200,0.2,ILSVRC2012_val_00029063,features.5.20,29,0.3006239601917565
200,0.2,ILSVRC2012_val_00029063,features.5.21,30,0.31336328830607235
200,0.2,ILSVRC2012_val_00029063,features.5.22,31,0.32143948622532187
200,0.2,ILSVRC2012_val_00029063,features.5.23,32,0.3300663423430174
200,0.2,ILSVRC2012_val_00029063,features.5.24,33,0.3518243821911514
200,0.2,ILSVRC2012_val_00029063,features.5.25,34,0.37453913290388885
200,0.2,ILSVRC2012_val_00029063,features.5.26,35,0.39178853196389973
200,0.2,ILSVRC2012_val_00029063,features.6,36,0.4982758083764463
200,0.2,ILSVRC2012_val_00029063,features.7.0,37,0.5032080186568201
200,0.2,ILSVRC2012_val_00029063,features.7.1,38,0.5159131544321776
200,0.2,ILSVRC2012_val_00029063,features.7.2,39,0.5238268060263246
200,0.2,ILSVRC2012_val_00029063,classifier,40,0.7714994177803398
200,0.2,ILSVRC2012_val_00030419,features.0,0,0.0984282953336835
200,0.2,ILSVRC2012_val_00030419,features.1.0,1,0.1828255997807719
200,0.2,ILSVRC2012_val_00030419,features.1.1,2,0.17447300086170436
200,0.2,ILSVRC2012_val_00030419,features.1.2,3,0.13346481247581543
200,0.2,ILSVRC2012_val_00030419,features.2,4,0.1549611294024624
200,0.2,ILSVRC2012_val_00030419,features.3.0,5,0.1684768954433501
200,0.2,ILSVRC2012_val_00030419,features.3.1,6,0.1703872363321483
200,0.2,ILSVRC2012_val_00030419,features.3.2,7,0.15932353681065142
200,0.2,ILSVRC2012_val_00030419,features.4,8,0.2778785784833133
200,0.2,ILSVRC2012_val_00030419,features.5.0,9,0.2817771716430783
200,0.2,ILSVRC2012_val_00030419,features.5.1,10,0.28329823036193846
200,0.2,ILSVRC2012_val_00030419,features.5.2,11,0.3010103366918862
200,0.2,ILSVRC2012_val_00030419,features.5.3,12,0.31964365101754666
200,0.2,ILSVRC2012_val_00030419,features.5.4,13,0.34655462848544116
200,0.2,ILSVRC2012_val_00030419,features.5.5,14,0.36821255752295257
200,0.2,ILSVRC2012_val_00030419,features.5.6,15,0.3728479344129562
200,0.2,ILSVRC2012_val_00030419,features.5.7,16,0.37730462575107815
200,0.2,ILSVRC2012_val_00030419,features.5.8,17,0.38286277674287555
200,0.2,ILSVRC2012_val_00030419,features.5.9,18,0.38608468015939
200,0.2,ILSVRC2012_val_00030419,features.5.10,19,0.3863807423949242
200,0.2,ILSVRC2012_val_00030419,features.5.11,20,0.3790585082679987
200,0.2,ILSVRC2012_val_00030419,features.5.12,21,0.37376203778535133
200,0.2,ILSVRC2012_val_00030419,features.5.13,22,0.37490409226566557
200,0.2,ILSVRC2012_val_00030419,features.5.14,23,0.37704937716275455
200,0.2,ILSVRC2012_val_00030419,features.5.15,24,0.37519898084402087
200,0.2,ILSVRC2012_val_00030419,features.5.16,25,0.37983082114756106
200,0.2,ILSVRC2012_val_00030419,features.5.17,26,0.37472692278921604
200,0.2,ILSVRC2012_val_00030419,features.5.18,27,0.3800964457578957
200,0.2,ILSVRC2012_val_00030419,features.5.19,28,0.3834661190927029
200,0.2,ILSVRC2012_val_00030419,features.5.20,29,0.38311580910906196
200,0.2,ILSVRC2012_val_00030419,features.5.21,30,0.38870493910610676
200,0.2,ILSVRC2012_val_00030419,features.5.22,31,0.3982673004634678
200,0.2,ILSVRC2012_val_00030419,features.5.23,32,0.40656232287213206
200,0.2,ILSVRC2012_val_00030419,features.5.24,33,0.4267997410468757
200,0.2,ILSVRC2012_val_00030419,features.5.25,34,0.44829027631282803
200,0.2,ILSVRC2012_val_00030419,features.5.26,35,0.4689309150144458
200,0.2,ILSVRC2012_val_00030419,features.6,36,0.5581779555119574
200,0.2,ILSVRC2012_val_00030419,features.7.0,37,0.5662230641551316
200,0.2,ILSVRC2012_val_00030419,features.7.1,38,0.5860743506558239
200,0.2,ILSVRC2012_val_00030419,features.7.2,39,0.5977033669397235
200,0.2,ILSVRC2012_val_00030419,classifier,40,0.818411464548111
200,0.2,ILSVRC2012_val_00030425,features.0,0,0.47314961037188763
200,0.2,ILSVRC2012_val_00030425,features.1.0,1,0.3508861874803901
200,0.2,ILSVRC2012_val_00030425,features.1.1,2,0.3094828025147319
200,0.2,ILSVRC2012_val_00030425,features.1.2,3,0.2657992934018374
200,0.2,ILSVRC2012_val_00030425,features.2,4,0.26303019291237
200,0.2,ILSVRC2012_val_00030425,features.3.0,5,0.24950635941401123
200,0.2,ILSVRC2012_val_00030425,features.3.1,6,0.23170959251970052
200,0.2,ILSVRC2012_val_00030425,features.3.2,7,0.2151943480730057
200,0.2,ILSVRC2012_val_00030425,features.4,8,0.32687319870889187
200,0.2,ILSVRC2012_val_00030425,features.5.0,9,0.3128057414777577
200,0.2,ILSVRC2012_val_00030425,features.5.1,10,0.3037909976437688
200,0.2,ILSVRC2012_val_00030425,features.5.2,11,0.2993529003545642
200,0.2,ILSVRC2012_val_00030425,features.5.3,12,0.29339680880755187
200,0.2,ILSVRC2012_val_00030425,features.5.4,13,0.2989164188854396
200,0.2,ILSVRC2012_val_00030425,features.5.5,14,0.3042968812055886
200,0.2,ILSVRC2012_val_00030425,features.5.6,15,0.29670457409769296
200,0.2,ILSVRC2012_val_00030425,features.5.7,16,0.2985952827863395
200,0.2,ILSVRC2012_val_00030425,features.5.8,17,0.30198527130410074
200,0.2,ILSVRC2012_val_00030425,features.5.9,18,0.3020418490089476
200,0.2,ILSVRC2012_val_00030425,features.5.10,19,0.30487322614528234
200,0.2,ILSVRC2012_val_00030425,features.5.11,20,0.2941101920735091
200,0.2,ILSVRC2012_val_00030425,features.5.12,21,0.28433088005669416
200,0.2,ILSVRC2012_val_00030425,features.5.13,22,0.28169139423444867
200,0.2,ILSVRC2012_val_00030425,features.5.14,23,0.277303117120266
200,0.2,ILSVRC2012_val_00030425,features.5.15,24,0.27572208612822
200,0.2,ILSVRC2012_val_00030425,features.5.16,25,0.2699605464279652
200,0.2,ILSVRC2012_val_00030425,features.5.17,26,0.26796483644768593
200,0.2,ILSVRC2012_val_00030425,features.5.18,27,0.26607840769477187
200,0.2,ILSVRC2012_val_00030425,features.5.19,28,0.2687062044478953
200,0.2,ILSVRC2012_val_00030425,features.5.20,29,0.26766891375519336
200,0.2,ILSVRC2012_val_00030425,features.5.21,30,0.2705547007843852
200,0.2,ILSVRC2012_val_00030425,features.5.22,31,0.2728936545748264
200,0.2,ILSVRC2012_val_00030425,features.5.23,32,0.2723643412012607
200,0.2,ILSVRC2012_val_00030425,features.5.24,33,0.27766061453446744
200,0.2,ILSVRC2012_val_00030425,features.5.25,34,0.28467670040801163
200,0.2,ILSVRC2012_val_00030425,features.5.26,35,0.2913859618499875
200,0.2,ILSVRC2012_val_00030425,features.6,36,0.30066897759381683
200,0.2,ILSVRC2012_val_00030425,features.7.0,37,0.30529820229131727
200,0.2,ILSVRC2012_val_00030425,features.7.1,38,0.30639724628925324
200,0.2,ILSVRC2012_val_00030425,features.7.2,39,0.30784360062750055
200,0.2,ILSVRC2012_val_00030425,classifier,40,0.5963235608432442
200,0.2,ILSVRC2012_val_00035318,features.0,0,0.3135745154991746
200,0.2,ILSVRC2012_val_00035318,features.1.0,1,0.4573344402074814
200,0.2,ILSVRC2012_val_00035318,features.1.1,2,0.38912013827860353
200,0.2,ILSVRC2012_val_00035318,features.1.2,3,0.33563667092472316
200,0.2,ILSVRC2012_val_00035318,features.2,4,0.35350974508374927
200,0.2,ILSVRC2012_val_00035318,features.3.0,5,0.34705973319113254
200,0.2,ILSVRC2012_val_00035318,features.3.1,6,0.33819346279948953
200,0.2,ILSVRC2012_val_00035318,features.3.2,7,0.3506644232921302
200,0.2,ILSVRC2012_val_00035318,features.4,8,0.43309918859601015
200,0.2,ILSVRC2012_val_00035318,features.5.0,9,0.4281824968650937
200,0.2,ILSVRC2012_val_00035318,features.5.1,10,0.42131177485883237
200,0.2,ILSVRC2012_val_00035318,features.5.2,11,0.42603278989940885
200,0.2,ILSVRC2012_val_00035318,features.5.3,12,0.42944644162207846
200,0.2,ILSVRC2012_val_00035318,features.5.4,13,0.43962570544183255
200,0.2,ILSVRC2012_val_00035318,features.5.5,14,0.44631806153059006
200,0.2,ILSVRC2012_val_00035318,features.5.6,15,0.4404638995781541
200,0.2,ILSVRC2012_val_00035318,features.5.7,16,0.4425092932879925
200,0.2,ILSVRC2012_val_00035318,features.5.8,17,0.4466499453291297
200,0.2,ILSVRC2012_val_00035318,features.5.9,18,0.4447510810613632
200,0.2,ILSVRC2012_val_00035318,features.5.10,19,0.4394804556183517
200,0.2,ILSVRC2012_val_00035318,features.5.11,20,0.43025735959485173
200,0.2,ILSVRC2012_val_00035318,features.5.12,21,0.4168049441725016
200,0.2,ILSVRC2012_val_00035318,features.5.13,22,0.41495006006881596
200,0.2,ILSVRC2012_val_00035318,features.5.14,23,0.41451192855536934
200,0.2,ILSVRC2012_val_00035318,features.5.15,24,0.40955871381014586
200,0.2,ILSVRC2012_val_00035318,features.5.16,25,0.40689797698855396
200,0.2,ILSVRC2012_val_00035318,features.5.17,26,0.4062284245274961
200,0.2,ILSVRC2012_val_00035318,features.5.18,27,0.40938669984191656
200,0.2,ILSVRC2012_val_00035318,features.5.19,28,0.41397742611318833
200,0.2,ILSVRC2012_val_00035318,features.5.20,29,0.41700544731914996
200,0.2,ILSVRC2012_val_00035318,features.5.21,30,0.4236524083547294
200,0.2,ILSVRC2012_val_00035318,features.5.22,31,0.42650362617298965
200,0.2,ILSVRC2012_val_00035318,features.5.23,32,0.4307868859045207
200,0.2,ILSVRC2012_val_00035318,features.5.24,33,0.4390361922211945
200,0.2,ILSVRC2012_val_00035318,features.5.25,34,0.45419562072530384
200,0.2,ILSVRC2012_val_00035318,features.5.26,35,0.46213720975965256
200,0.2,ILSVRC2012_val_00035318,features.6,36,0.5014879428304732
200,0.2,ILSVRC2012_val_00035318,features.7.0,37,0.5010475189544261
200,0.2,ILSVRC2012_val_00035318,features.7.1,38,0.5015051777131856
200,0.2,ILSVRC2012_val_00035318,features.7.2,39,0.5011259255379439
200,0.2,ILSVRC2012_val_00035318,classifier,40,0.718138034697622
200,0.2,ILSVRC2012_val_00035574,features.0,0,0.28513849040269856
200,0.2,ILSVRC2012_val_00035574,features.1.0,1,0.3235478367447853
200,0.2,ILSVRC2012_val_00035574,features.1.1,2,0.28706733209043744
200,0.2,ILSVRC2012_val_00035574,features.1.2,3,0.2545619950443506
200,0.2,ILSVRC2012_val_00035574,features.2,4,0.29890578435361387
200,0.2,ILSVRC2012_val_00035574,features.3.0,5,0.3079664938122034
200,0.2,ILSVRC2012_val_00035574,features.3.1,6,0.3047256530538201
200,0.2,ILSVRC2012_val_00035574,features.3.2,7,0.3031706244751811
200,0.2,ILSVRC2012_val_00035574,features.4,8,0.3955112195938826
200,0.2,ILSVRC2012_val_00035574,features.5.0,9,0.39166408110260964
200,0.2,ILSVRC2012_val_00035574,features.5.1,10,0.39290794400572776
200,0.2,ILSVRC2012_val_00035574,features.5.2,11,0.3972856278926134
200,0.2,ILSVRC2012_val_00035574,features.5.3,12,0.404120240688324
200,0.2,ILSVRC2012_val_00035574,features.5.4,13,0.4130595208287239
200,0.2,ILSVRC2012_val_00035574,features.5.5,14,0.42532218584418297
200,0.2,ILSVRC2012_val_00035574,features.5.6,15,0.42225109654664994
200,0.2,ILSVRC2012_val_00035574,features.5.7,16,0.4285678515017033
200,0.2,ILSVRC2012_val_00035574,features.5.8,17,0.4334612712621689
200,0.2,ILSVRC2012_val_00035574,features.5.9,18,0.4374892352104187
200,0.2,ILSVRC2012_val_00035574,features.5.10,19,0.43790214200317856
200,0.2,ILSVRC2012_val_00035574,features.5.11,20,0.43054527585804464
200,0.2,ILSVRC2012_val_00035574,features.5.12,21,0.4251283250570297
200,0.2,ILSVRC2012_val_00035574,features.5.13,22,0.4264662200987339
200,0.2,ILSVRC2012_val_00035574,features.5.14,23,0.4248245575636625
200,0.2,ILSVRC2012_val_00035574,features.5.15,24,0.4260770324319601
200,0.2,ILSVRC2012_val_00035574,features.5.16,25,0.4252876975297928
200,0.2,ILSVRC2012_val_00035574,features.5.17,26,0.43185185764729983
200,0.2,ILSVRC2012_val_00035574,features.5.18,27,0.4379725405931473
200,0.2,ILSVRC2012_val_00035574,features.5.19,28,0.443615302991867
200,0.2,ILSVRC2012_val_00035574,features.5.20,29,0.45565991739630696
200,0.2,ILSVRC2012_val_00035574,features.5.21,30,0.47277970903515815
200,0.2,ILSVRC2012_val_00035574,features.5.22,31,0.48929082656502726
200,0.2,ILSVRC2012_val_00035574,features.5.23,32,0.5004798382014036
200,0.2,ILSVRC2012_val_00035574,features.5.24,33,0.5202844784140587
200,0.2,ILSVRC2012_val_00035574,features.5.25,34,0.5430665644496679
200,0.2,ILSVRC2012_val_00035574,features.5.26,35,0.5607001482844354
200,0.2,ILSVRC2012_val_00035574,features.6,36,0.6738740070462227
200,0.2,ILSVRC2012_val_00035574,features.7.0,37,0.6788968224406242
200,0.2,ILSVRC2012_val_00035574,features.7.1,38,0.6936833855688571
200,0.2,ILSVRC2012_val_00035574,features.7.2,39,0.7045919517099858
200,0.2,ILSVRC2012_val_00035574,classifier,40,0.903549082481861
200,0.2,ILSVRC2012_val_00036158,features.0,0,0.09027597810998558
200,0.2,ILSVRC2012_val_00036158,features.1.0,1,0.22989157940673177
200,0.2,ILSVRC2012_val_00036158,features.1.1,2,0.2084269751727581
200,0.2,ILSVRC2012_val_00036158,features.1.2,3,0.1624055690826848
200,0.2,ILSVRC2012_val_00036158,features.2,4,0.19887951307082546
200,0.2,ILSVRC2012_val_00036158,features.3.0,5,0.19803027130872944
200,0.2,ILSVRC2012_val_00036158,features.3.1,6,0.18886493029445411
200,0.2,ILSVRC2012_val_00036158,features.3.2,7,0.17226015650629997
200,0.2,ILSVRC2012_val_00036158,features.4,8,0.31701510530114174
200,0.2,ILSVRC2012_val_00036158,features.5.0,9,0.3147349768593908
200,0.2,ILSVRC2012_val_00036158,features.5.1,10,0.30364296410232783
200,0.2,ILSVRC2012_val_00036158,features.5.2,11,0.31071706326678394
200,0.2,ILSVRC2012_val_00036158,features.5.3,12,0.31818870887234807
200,0.2,ILSVRC2012_val_00036158,features.5.4,13,0.3287934390641749
200,0.2,ILSVRC2012_val_00036158,features.5.5,14,0.35161930645182726
200,0.2,ILSVRC2012_val_00036158,features.5.6,15,0.35315760585218664
200,0.2,ILSVRC2012_val_00036158,features.5.7,16,0.3508081258460879
200,0.2,ILSVRC2012_val_00036158,features.5.8,17,0.35759587713330987
200,0.2,ILSVRC2012_val_00036158,features.5.9,18,0.36172327510565516
200,0.2,ILSVRC2012_val_00036158,features.5.10,19,0.3678772132284939
200,0.2,ILSVRC2012_val_00036158,features.5.11,20,0.3583936367668211
200,0.2,ILSVRC2012_val_00036158,features.5.12,21,0.3507702278189361
200,0.2,ILSVRC2012_val_00036158,features.5.13,22,0.348985773242265
200,0.2,ILSVRC2012_val_00036158,features.5.14,23,0.3455079219028354
200,0.2,ILSVRC2012_val_00036158,features.5.15,24,0.34204559237360954
200,0.2,ILSVRC2012_val_00036158,features.5.16,25,0.34195015723109246
200,0.2,ILSVRC2012_val_00036158,features.5.17,26,0.3394374439038336
200,0.2,ILSVRC2012_val_00036158,features.5.18,27,0.3386353309467435
200,0.2,ILSVRC2012_val_00036158,features.5.19,28,0.33841104181930426
200,0.2,ILSVRC2012_val_00036158,features.5.20,29,0.3385406952343881
200,0.2,ILSVRC2012_val_00036158,features.5.21,30,0.34011292798258363
200,0.2,ILSVRC2012_val_00036158,features.5.22,31,0.34019074331000443
200,0.2,ILSVRC2012_val_00036158,features.5.23,32,0.34246222760751843
200,0.2,ILSVRC2012_val_00036158,features.5.24,33,0.3416003180213273
200,0.2,ILSVRC2012_val_00036158,features.5.25,34,0.34644613629877563
200,0.2,ILSVRC2012_val_00036158,features.5.26,35,0.3481094344586134
200,0.2,ILSVRC2012_val_00036158,features.6,36,0.33889121663458643
200,0.2,ILSVRC2012_val_00036158,features.7.0,37,0.3358288452663459
200,0.2,ILSVRC2012_val_00036158,features.7.1,38,0.33585861006239426
200,0.2,ILSVRC2012_val_00036158,features.7.2,39,0.33427328627971
200,0.2,ILSVRC2012_val_00036158,classifier,40,0.5819820769215934
200,0.2,ILSVRC2012_val_00041330,features.0,0,0.13408157252939418
200,0.2,ILSVRC2012_val_00041330,features.1.0,1,0.22665017020180822
200,0.2,ILSVRC2012_val_00041330,features.1.1,2,0.19634469832256435
200,0.2,ILSVRC2012_val_00041330,features.1.2,3,0.1714507080927491
200,0.2,ILSVRC2012_val_00041330,features.2,4,0.20783679062426091
200,0.2,ILSVRC2012_val_00041330,features.3.0,5,0.2110844995908439
200,0.2,ILSVRC2012_val_00041330,features.3.1,6,0.2043931648157537
200,0.2,ILSVRC2012_val_00041330,features.3.2,7,0.21374921770393848
200,0.2,ILSVRC2012_val_00041330,features.4,8,0.31688733592778445
200,0.2,ILSVRC2012_val_00041330,features.5.0,9,0.3015034850329161
200,0.2,ILSVRC2012_val_00041330,features.5.1,10,0.29396834811493755
200,0.2,ILSVRC2012_val_00041330,features.5.2,11,0.29847444883435964
200,0.2,ILSVRC2012_val_00041330,features.5.3,12,0.31467495594918726
200,0.2,ILSVRC2012_val_00041330,features.5.4,13,0.3383571668773889
200,0.2,ILSVRC2012_val_00041330,features.5.5,14,0.345466038826108
200,0.2,ILSVRC2012_val_00041330,features.5.6,15,0.33868590196818116
200,0.2,ILSVRC2012_val_00041330,features.5.7,16,0.33911048522740606
200,0.2,ILSVRC2012_val_00041330,features.5.8,17,0.35018671493083237
200,0.2,ILSVRC2012_val_00041330,features.5.9,18,0.34894419317543507
200,0.2,ILSVRC2012_val_00041330,features.5.10,19,0.3504422540307045
200,0.2,ILSVRC2012_val_00041330,features.5.11,20,0.3478456487610936
200,0.2,ILSVRC2012_val_00041330,features.5.12,21,0.3427021482631564
200,0.2,ILSVRC2012_val_00041330,features.5.13,22,0.3394068428859115
200,0.2,ILSVRC2012_val_00041330,features.5.14,23,0.3513956695765257
200,0.2,ILSVRC2012_val_00041330,features.5.15,24,0.3478679521664977
200,0.2,ILSVRC2012_val_00041330,features.5.16,25,0.34458025679960846
200,0.2,ILSVRC2012_val_00041330,features.5.17,26,0.3387962883122265
200,0.2,ILSVRC2012_val_00041330,features.5.18,27,0.34571165717020635
200,0.2,ILSVRC2012_val_00041330,features.5.19,28,0.3478240739405155
200,0.2,ILSVRC2012_val_00041330,features.5.20,29,0.3480543606683612
200,0.2,ILSVRC2012_val_00041330,features.5.21,30,0.3507218765951693
200,0.2,ILSVRC2012_val_00041330,features.5.22,31,0.3541080772191286
200,0.2,ILSVRC2012_val_00041330,features.5.23,32,0.36250840556398034
200,0.2,ILSVRC2012_val_00041330,features.5.24,33,0.36517898110598324
200,0.2,ILSVRC2012_val_00041330,features.5.25,34,0.3739928185112774
200,0.2,ILSVRC2012_val_00041330,features.5.26,35,0.3820933391474187
200,0.2,ILSVRC2012_val_00041330,features.6,36,0.3880555443817749
200,0.2,ILSVRC2012_val_00041330,features.7.0,37,0.3908179246397689
200,0.2,ILSVRC2012_val_00041330,features.7.1,38,0.3942091709315777
200,0.2,ILSVRC2012_val_00041330,features.7.2,39,0.39234325925083835
200,0.2,ILSVRC2012_val_00041330,classifier,40,0.6215022085871548
200,0.2,ILSVRC2012_val_00048463,features.0,0,0.12839349526502192
200,0.2,ILSVRC2012_val_00048463,features.1.0,1,0.18746919952780006
200,0.2,ILSVRC2012_val_00048463,features.1.1,2,0.18678963540680704
200,0.2,ILSVRC2012_val_00048463,features.1.2,3,0.16593965755738316
200,0.2,ILSVRC2012_val_00048463,features.2,4,0.17161864882707598
200,0.2,ILSVRC2012_val_00048463,features.3.0,5,0.18400583914667368
200,0.2,ILSVRC2012_val_00048463,features.3.1,6,0.18472181953787803
200,0.2,ILSVRC2012_val_00048463,features.3.2,7,0.177730567445606
200,0.2,ILSVRC2012_val_00048463,features.4,8,0.2855983144447208
200,0.2,ILSVRC2012_val_00048463,features.5.0,9,0.2864318420305848
200,0.2,ILSVRC2012_val_00048463,features.5.1,10,0.284891232329607
200,0.2,ILSVRC2012_val_00048463,features.5.2,11,0.2934978200644255
200,0.2,ILSVRC2012_val_00048463,features.5.3,12,0.3004892956137657
200,0.2,ILSVRC2012_val_00048463,features.5.4,13,0.3149857809767127
200,0.2,ILSVRC2012_val_00048463,features.5.5,14,0.33083533355891703
200,0.2,ILSVRC2012_val_00048463,features.5.6,15,0.3370127236433327
200,0.2,ILSVRC2012_val_00048463,features.5.7,16,0.3443188424266875
200,0.2,ILSVRC2012_val_00048463,features.5.8,17,0.3502483514763415
200,0.2,ILSVRC2012_val_00048463,features.5.9,18,0.3545859915107489
200,0.2,ILSVRC2012_val_00048463,features.5.10,19,0.3541188526265323
200,0.2,ILSVRC2012_val_00048463,features.5.11,20,0.34453109880015254
200,0.2,ILSVRC2012_val_00048463,features.5.12,21,0.3428573735639453
200,0.2,ILSVRC2012_val_00048463,features.5.13,22,0.34392988663464785
200,0.2,ILSVRC2012_val_00048463,features.5.14,23,0.34864190656170246
200,0.2,ILSVRC2012_val_00048463,features.5.15,24,0.35078550138473513
200,0.2,ILSVRC2012_val_00048463,features.5.16,25,0.3497980368755758
200,0.2,ILSVRC2012_val_00048463,features.5.17,26,0.35199079388529064
200,0.2,ILSVRC2012_val_00048463,features.5.18,27,0.3527842800248414
200,0.2,ILSVRC2012_val_00048463,features.5.19,28,0.36390052690282465
200,0.2,ILSVRC2012_val_00048463,features.5.20,29,0.3712479097127914
200,0.2,ILSVRC2012_val_00048463,features.5.21,30,0.38315096478015187
200,0.2,ILSVRC2012_val_00048463,features.5.22,31,0.3926520987190306
200,0.2,ILSVRC2012_val_00048463,features.5.23,32,0.40518968445956705
200,0.2,ILSVRC2012_val_00048463,features.5.24,33,0.4238170057944953
200,0.2,ILSVRC2012_val_00048463,features.5.25,34,0.44464797144122425
200,0.2,ILSVRC2012_val_00048463,features.5.26,35,0.46431565068252384
200,0.2,ILSVRC2012_val_00048463,features.6,36,0.6256111954338383
200,0.2,ILSVRC2012_val_00048463,features.7.0,37,0.6288787821531296
200,0.2,ILSVRC2012_val_00048463,features.7.1,38,0.6425036307707429
200,0.2,ILSVRC2012_val_00048463,features.7.2,39,0.6539246861061547
200,0.2,ILSVRC2012_val_00048463,classifier,40,0.8195667698366568
400,0.4,ILSVRC2012_val_00000487,features.0,0,0.05126894624863053
400,0.4,ILSVRC2012_val_00000487,features.1.0,1,0.10139594056480564
400,0.4,ILSVRC2012_val_00000487,features.1.1,2,0.10098092246521265
400,0.4,ILSVRC2012_val_00000487,features.1.2,3,0.08513306126149836
400,0.4,ILSVRC2012_val_00000487,features.2,4,0.0950306697501801
400,0.4,ILSVRC2012_val_00000487,features.3.0,5,0.09123620333150029
400,0.4,ILSVRC2012_val_00000487,features.3.1,6,0.0856128676456865
400,0.4,ILSVRC2012_val_00000487,features.3.2,7,0.07457127761142329
400,0.4,ILSVRC2012_val_00000487,features.4,8,0.11961540710541885
400,0.4,ILSVRC2012_val_00000487,features.5.0,9,0.11276844199106562
400,0.4,ILSVRC2012_val_00000487,features.5.1,10,0.10779314762173453
400,0.4,ILSVRC2012_val_00000487,features.5.2,11,0.10614550608466378
400,0.4,ILSVRC2012_val_00000487,features.5.3,12,0.10457124055363237
400,0.4,ILSVRC2012_val_00000487,features.5.4,13,0.1055846321063582
400,0.4,ILSVRC2012_val_00000487,features.5.5,14,0.10704877320677042
400,0.4,ILSVRC2012_val_00000487,features.5.6,15,0.105943011991214
400,0.4,ILSVRC2012_val_00000487,features.5.7,16,0.10536257720179856
400,0.4,ILSVRC2012_val_00000487,features.5.8,17,0.10272853100951762
400,0.4,ILSVRC2012_val_00000487,features.5.9,18,0.10261244525038637
400,0.4,ILSVRC2012_val_00000487,features.5.10,19,0.1009278804147616
400,0.4,ILSVRC2012_val_00000487,features.5.11,20,0.09742979948385619
400,0.4,ILSVRC2012_val_00000487,features.5.12,21,0.09498798972950317
400,0.4,ILSVRC2012_val_00000487,features.5.13,22,0.09467212699027733
400,0.4,ILSVRC2012_val_00000487,features.5.14,23,0.09395399270486086
400,0.4,ILSVRC2012_val_00000487,features.5.15,24,0.09249383896938526
400,0.4,ILSVRC2012_val_00000487,features.5.16,25,0.0912525945251109
400,0.4,ILSVRC2012_val_00000487,features.5.17,26,0.0890170589212794
400,0.4,ILSVRC2012_val_00000487,features.5.18,27,0.08908306256611831
400,0.4,ILSVRC2012_val_00000487,features.5.19,28,0.08919743309682235
400,0.4,ILSVRC2012_val_00000487,features.5.20,29,0.08820830621290952
400,0.4,ILSVRC2012_val_00000487,features.5.21,30,0.08972056739544496
400,0.4,ILSVRC2012_val_00000487,features.5.22,31,0.0908484617699869
400,0.4,ILSVRC2012_val_00000487,features.5.23,32,0.09316923555452376
400,0.4,ILSVRC2012_val_00000487,features.5.24,33,0.09385526525834577
400,0.4,ILSVRC2012_val_00000487,features.5.25,34,0.09613066279049963
400,0.4,ILSVRC2012_val_00000487,features.5.26,35,0.09528048823541031
400,0.4,ILSVRC2012_val_00000487,features.6,36,0.09423116598441265
400,0.4,ILSVRC2012_val_00000487,features.7.0,37,0.09082343666860834
400,0.4,ILSVRC2012_val_00000487,features.7.1,38,0.08474912533423049
400,0.4,ILSVRC2012_val_00000487,features.7.2,39,0.07871090192947305
400,0.4,ILSVRC2012_val_00000487,classifier,40,0.19861962499958463
400,0.4,ILSVRC2012_val_00000681,features.0,0,0.1626003558319062
400,0.4,ILSVRC2012_val_00000681,features.1.0,1,0.18401356128416954
400,0.4,ILSVRC2012_val_00000681,features.1.1,2,0.1370992936724797
400,0.4,ILSVRC2012_val_00000681,features.1.2,3,0.12068904799222945
400,0.4,ILSVRC2012_val_00000681,features.2,4,0.11770189172960818
400,0.4,ILSVRC2012_val_00000681,features.3.0,5,0.10774549790332094
400,0.4,ILSVRC2012_val_00000681,features.3.1,6,0.10459256879473106
400,0.4,ILSVRC2012_val_00000681,features.3.2,7,0.10053493287973105
400,0.4,ILSVRC2012_val_00000681,features.4,8,0.14047000597044826
400,0.4,ILSVRC2012_val_00000681,features.5.0,9,0.1351732904217206
400,0.4,ILSVRC2012_val_00000681,features.5.1,10,0.1297340424018912
400,0.4,ILSVRC2012_val_00000681,features.5.2,11,0.12797977013140918
400,0.4,ILSVRC2012_val_00000681,features.5.3,12,0.12612082048458978
400,0.4,ILSVRC2012_val_00000681,features.5.4,13,0.12830336976470424
400,0.4,ILSVRC2012_val_00000681,features.5.5,14,0.12646748896921053
400,0.4,ILSVRC2012_val_00000681,features.5.6,15,0.12189595677889883
400,0.4,ILSVRC2012_val_00000681,features.5.7,16,0.12044655814394356
400,0.4,ILSVRC2012_val_00000681,features.5.8,17,0.12389570288127288
400,0.4,ILSVRC2012_val_00000681,features.5.9,18,0.12385385275445879
400,0.4,ILSVRC2012_val_00000681,features.5.10,19,0.12221371572278439
400,0.4,ILSVRC2012_val_00000681,features.5.11,20,0.11937370341550557
400,0.4,ILSVRC2012_val_00000681,features.5.12,21,0.11543228615936824
400,0.4,ILSVRC2012_val_00000681,features.5.13,22,0.11524790063034743
400,0.4,ILSVRC2012_val_00000681,features.5.14,23,0.11478938319394365
400,0.4,ILSVRC2012_val_00000681,features.5.15,24,0.11268931993748992
400,0.4,ILSVRC2012_val_00000681,features.5.16,25,0.11082812996022404
400,0.4,ILSVRC2012_val_00000681,features.5.17,26,0.10923040398047307
400,0.4,ILSVRC2012_val_00000681,features.5.18,27,0.10979209177615121
400,0.4,ILSVRC2012_val_00000681,features.5.19,28,0.11151225485512987
400,0.4,ILSVRC2012_val_00000681,features.5.20,29,0.11100200811005198
400,0.4,ILSVRC2012_val_00000681,features.5.21,30,0.11360185777000152
400,0.4,ILSVRC2012_val_00000681,features.5.22,31,0.11225182290299562
400,0.4,ILSVRC2012_val_00000681,features.5.23,32,0.11397762848663842
400,0.4,ILSVRC2012_val_00000681,features.5.24,33,0.11705011748772812
400,0.4,ILSVRC2012_val_00000681,features.5.25,34,0.1203435048101237
400,0.4,ILSVRC2012_val_00000681,features.5.26,35,0.12196908771313611
400,0.4,ILSVRC2012_val_00000681,features.6,36,0.1495063696714351
400,0.4,ILSVRC2012_val_00000681,features.7.0,37,0.1483960868525319
400,0.4,ILSVRC2012_val_00000681,features.7.1,38,0.14993304932035972
400,0.4,ILSVRC2012_val_00000681,features.7.2,39,0.14901122285152088
400,0.4,ILSVRC2012_val_00000681,classifier,40,0.2829303638521815
400,0.4,ILSVRC2012_val_00000729,features.0,0,0.1747130922295037
400,0.4,ILSVRC2012_val_00000729,features.1.0,1,0.1932383742100792
400,0.4,ILSVRC2012_val_00000729,features.1.1,2,0.18020321412198245
400,0.4,ILSVRC2012_val_00000729,features.1.2,3,0.16465375890769063
400,0.4,ILSVRC2012_val_00000729,features.2,4,0.14054193251673133
400,0.4,ILSVRC2012_val_00000729,features.3.0,5,0.1376012367028743
400,0.4,ILSVRC2012_val_00000729,features.3.1,6,0.1376281570419669
400,0.4,ILSVRC2012_val_00000729,features.3.2,7,0.13313549995236099
400,0.4,ILSVRC2012_val_00000729,features.4,8,0.19325380693376065
400,0.4,ILSVRC2012_val_00000729,features.5.0,9,0.1921060256063938
400,0.4,ILSVRC2012_val_00000729,features.5.1,10,0.1895779120316729
400,0.4,ILSVRC2012_val_00000729,features.5.2,11,0.19356376583548263
400,0.4,ILSVRC2012_val_00000729,features.5.3,12,0.19899691691901533
400,0.4,ILSVRC2012_val_00000729,features.5.4,13,0.20542583551397547
400,0.4,ILSVRC2012_val_00000729,features.5.5,14,0.20981753719318658
400,0.4,ILSVRC2012_val_00000729,features.5.6,15,0.20994477123953398
400,0.4,ILSVRC2012_val_00000729,features.5.7,16,0.2125081810299307
400,0.4,ILSVRC2012_val_00000729,features.5.8,17,0.21710945102572443
400,0.4,ILSVRC2012_val_00000729,features.5.9,18,0.22141028105095029
400,0.4,ILSVRC2012_val_00000729,features.5.10,19,0.23049697373853997
400,0.4,ILSVRC2012_val_00000729,features.5.11,20,0.22955037603108214
400,0.4,ILSVRC2012_val_00000729,features.5.12,21,0.222176114639733
400,0.4,ILSVRC2012_val_00000729,features.5.13,22,0.22780039910040797
400,0.4,ILSVRC2012_val_00000729,features.5.14,23,0.22474333595717322
400,0.4,ILSVRC2012_val_00000729,features.5.15,24,0.22068105993093923
400,0.4,ILSVRC2012_val_00000729,features.5.16,25,0.214247989310883
400,0.4,ILSVRC2012_val_00000729,features.5.17,26,0.20767017325828785
400,0.4,ILSVRC2012_val_00000729,features.5.18,27,0.2036970643484965
400,0.4,ILSVRC2012_val_00000729,features.5.19,28,0.20173412404255942
400,0.4,ILSVRC2012_val_00000729,features.5.20,29,0.19713121264032088
400,0.4,ILSVRC2012_val_00000729,features.5.21,30,0.19603747482644396
400,0.4,ILSVRC2012_val_00000729,features.5.22,31,0.19552266490017065
400,0.4,ILSVRC2012_val_00000729,features.5.23,32,0.19479173265537247
400,0.4,ILSVRC2012_val_00000729,features.5.24,33,0.19667170874774456
400,0.4,ILSVRC2012_val_00000729,features.5.25,34,0.19981140249269083
400,0.4,ILSVRC2012_val_00000729,features.5.26,35,0.20097098077787087
400,0.4,ILSVRC2012_val_00000729,features.6,36,0.23881949499528854
400,0.4,ILSVRC2012_val_00000729,features.7.0,37,0.23656236203620212
400,0.4,ILSVRC2012_val_00000729,features.7.1,38,0.23193772242963312
400,0.4,ILSVRC2012_val_00000729,features.7.2,39,0.22827778823685368
400,0.4,ILSVRC2012_val_00000729,classifier,40,0.35394761110842227
400,0.4,ILSVRC2012_val_00000974,features.0,0,0.13624707926344126
400,0.4,ILSVRC2012_val_00000974,features.1.0,1,0.1700768524231389
400,0.4,ILSVRC2012_val_00000974,features.1.1,2,0.1631377055980265
400,0.4,ILSVRC2012_val_00000974,features.1.2,3,0.14454648530948905
400,0.4,ILSVRC2012_val_00000974,features.2,4,0.13512761502433568
400,0.4,ILSVRC2012_val_00000974,features.3.0,5,0.13134219104424122
400,0.4,ILSVRC2012_val_00000974,features.3.1,6,0.1318661060957238
400,0.4,ILSVRC2012_val_00000974,features.3.2,7,0.12409371436852963
400,0.4,ILSVRC2012_val_00000974,features.4,8,0.19865981409512462
400,0.4,ILSVRC2012_val_00000974,features.5.0,9,0.19773605864122512
400,0.4,ILSVRC2012_val_00000974,features.5.1,10,0.19724416950065643
400,0.4,ILSVRC2012_val_00000974,features.5.2,11,0.20277164894435556
400,0.4,ILSVRC2012_val_00000974,features.5.3,12,0.2082834007674828
400,0.4,ILSVRC2012_val_00000974,features.5.4,13,0.2168119886564091
400,0.4,ILSVRC2012_val_00000974,features.5.5,14,0.21648081634286792
400,0.4,ILSVRC2012_val_00000974,features.5.6,15,0.21596411034837365
400,0.4,ILSVRC2012_val_00000974,features.5.7,16,0.2188369501987472
400,0.4,ILSVRC2012_val_00000974,features.5.8,17,0.22250434740725905
400,0.4,ILSVRC2012_val_00000974,features.5.9,18,0.22474743926711377
400,0.4,ILSVRC2012_val_00000974,features.5.10,19,0.22518661036575213
400,0.4,ILSVRC2012_val_00000974,features.5.11,20,0.22362657841946929
400,0.4,ILSVRC2012_val_00000974,features.5.12,21,0.22154415398882704
400,0.4,ILSVRC2012_val_00000974,features.5.13,22,0.2238863737527281
400,0.4,ILSVRC2012_val_00000974,features.5.14,23,0.22269552166201176
400,0.4,ILSVRC2012_val_00000974,features.5.15,24,0.22924961742013694
400,0.4,ILSVRC2012_val_00000974,features.5.16,25,0.23208208549022677
400,0.4,ILSVRC2012_val_00000974,features.5.17,26,0.23896528280433268
400,0.4,ILSVRC2012_val_00000974,features.5.18,27,0.23938106409087778
400,0.4,ILSVRC2012_val_00000974,features.5.19,28,0.24652193687018006
400,0.4,ILSVRC2012_val_00000974,features.5.20,29,0.2514509146758355
400,0.4,ILSVRC2012_val_00000974,features.5.21,30,0.27349293013708664
400,0.4,ILSVRC2012_val_00000974,features.5.22,31,0.2826363275566255
400,0.4,ILSVRC2012_val_00000974,features.5.23,32,0.29299842992171765
400,0.4,ILSVRC2012_val_00000974,features.5.24,33,0.3108241528166982
400,0.4,ILSVRC2012_val_00000974,features.5.25,34,0.3331673216591589
400,0.4,ILSVRC2012_val_00000974,features.5.26,35,0.35248481669556353
400,0.4,ILSVRC2012_val_00000974,features.6,36,0.44162561730260497
400,0.4,ILSVRC2012_val_00000974,features.7.0,37,0.4591361299341079
400,0.4,ILSVRC2012_val_00000974,features.7.1,38,0.48232784755784086
400,0.4,ILSVRC2012_val_00000974,features.7.2,39,0.4964104469208978
400,0.4,ILSVRC2012_val_00000974,classifier,40,0.8070159380398692
400,0.4,ILSVRC2012_val_00003449,features.0,0,0.20034860208409372
400,0.4,ILSVRC2012_val_00003449,features.1.0,1,0.2037712246790761
400,0.4,ILSVRC2012_val_00003449,features.1.1,2,0.18916423770412802
400,0.4,ILSVRC2012_val_00003449,features.1.2,3,0.1789800402568653
400,0.4,ILSVRC2012_val_00003449,features.2,4,0.17172322746552526
400,0.4,ILSVRC2012_val_00003449,features.3.0,5,0.17584960063360633
400,0.4,ILSVRC2012_val_00003449,features.3.1,6,0.17723508806247265
400,0.4,ILSVRC2012_val_00003449,features.3.2,7,0.17467580150533468
400,0.4,ILSVRC2012_val_00003449,features.4,8,0.25829542947094886
400,0.4,ILSVRC2012_val_00003449,features.5.0,9,0.2592122472962365
400,0.4,ILSVRC2012_val_00003449,features.5.1,10,0.26876898665353655
400,0.4,ILSVRC2012_val_00003449,features.5.2,11,0.28222936993744224
400,0.4,ILSVRC2012_val_00003449,features.5.3,12,0.2904609268517233
400,0.4,ILSVRC2012_val_00003449,features.5.4,13,0.3004409196865745
400,0.4,ILSVRC2012_val_00003449,features.5.5,14,0.313346775745973
400,0.4,ILSVRC2012_val_00003449,features.5.6,15,0.32239206234551965
400,0.4,ILSVRC2012_val_00003449,features.5.7,16,0.336898593316786
400,0.4,ILSVRC2012_val_00003449,features.5.8,17,0.3458089821222238
400,0.4,ILSVRC2012_val_00003449,features.5.9,18,0.3533293092334643
400,0.4,ILSVRC2012_val_00003449,features.5.10,19,0.359412430625176
400,0.4,ILSVRC2012_val_00003449,features.5.11,20,0.3584052179628052
400,0.4,ILSVRC2012_val_00003449,features.5.12,21,0.35139453707123175
400,0.4,ILSVRC2012_val_00003449,features.5.13,22,0.35803765574237334
400,0.4,ILSVRC2012_val_00003449,features.5.14,23,0.35225217018276456
400,0.4,ILSVRC2012_val_00003449,features.5.15,24,0.35831023270206064
400,0.4,ILSVRC2012_val_00003449,features.5.16,25,0.3522853564093821
400,0.4,ILSVRC2012_val_00003449,features.5.17,26,0.35546785288490357
400,0.4,ILSVRC2012_val_00003449,features.5.18,27,0.3518703224663623
400,0.4,ILSVRC2012_val_00003449,features.5.19,28,0.3544144661659375
400,0.4,ILSVRC2012_val_00003449,features.5.20,29,0.3549301293981262
400,0.4,ILSVRC2012_val_00003449,features.5.21,30,0.3611840349738486
400,0.4,ILSVRC2012_val_00003449,features.5.22,31,0.3625582840633579
400,0.4,ILSVRC2012_val_00003449,features.5.23,32,0.36328660634742116
400,0.4,ILSVRC2012_val_00003449,features.5.24,33,0.378910713496618
400,0.4,ILSVRC2012_val_00003449,features.5.25,34,0.391864084385219
400,0.4,ILSVRC2012_val_00003449,features.5.26,35,0.40093488925299603
400,0.4,ILSVRC2012_val_00003449,features.6,36,0.5066056566726184
400,0.4,ILSVRC2012_val_00003449,features.7.0,37,0.5039856043671607
400,0.4,ILSVRC2012_val_00003449,features.7.1,38,0.5120016336084809
400,0.4,ILSVRC2012_val_00003449,features.7.2,39,0.5199306798166945
400,0.4,ILSVRC2012_val_00003449,classifier,40,0.7488425675649195
400,0.4,ILSVRC2012_val_00005130,features.0,0,0.3041577896922827
400,0.4,ILSVRC2012_val_00005130,features.1.0,1,0.31322774199582637
400,0.4,ILSVRC2012_val_00005130,features.1.1,2,0.25868073997460306
400,0.4,ILSVRC2012_val_00005130,features.1.2,3,0.21974603795167058
400,0.4,ILSVRC2012_val_00005130,features.2,4,0.23931537827663124
400,0.4,ILSVRC2012_val_00005130,features.3.0,5,0.21297303896769884
400,0.4,ILSVRC2012_val_00005130,features.3.1,6,0.1953023713603616
400,0.4,ILSVRC2012_val_00005130,features.3.2,7,0.1935100557692349
400,0.4,ILSVRC2012_val_00005130,features.4,8,0.2850039151273668
400,0.4,ILSVRC2012_val_00005130,features.5.0,9,0.2799789514709264
400,0.4,ILSVRC2012_val_00005130,features.5.1,10,0.27014805806241926
400,0.4,ILSVRC2012_val_00005130,features.5.2,11,0.2694772473480552
400,0.4,ILSVRC2012_val_00005130,features.5.3,12,0.27090541614964603
400,0.4,ILSVRC2012_val_00005130,features.5.4,13,0.28150532947294415
400,0.4,ILSVRC2012_val_00005130,features.5.5,14,0.28834600789286197
400,0.4,ILSVRC2012_val_00005130,features.5.6,15,0.2840661529134959
400,0.4,ILSVRC2012_val_00005130,features.5.7,16,0.28463102676253765
400,0.4,ILSVRC2012_val_00005130,features.5.8,17,0.28723411137610677
400,0.4,ILSVRC2012_val_00005130,features.5.9,18,0.28805729632638394
400,0.4,ILSVRC2012_val_00005130,features.5.10,19,0.289288461134769
400,0.4,ILSVRC2012_val_00005130,features.5.11,20,0.28168541082320736
400,0.4,ILSVRC2012_val_00005130,features.5.12,21,0.27182376239355655
400,0.4,ILSVRC2012_val_00005130,features.5.13,22,0.2694479918116704
400,0.4,ILSVRC2012_val_00005130,features.5.14,23,0.266094086564146
400,0.4,ILSVRC2012_val_00005130,features.5.15,24,0.2643787286337465
400,0.4,ILSVRC2012_val_00005130,features.5.16,25,0.261679830018431
400,0.4,ILSVRC2012_val_00005130,features.5.17,26,0.2578170950040221
400,0.4,ILSVRC2012_val_00005130,features.5.18,27,0.2569085704945028
400,0.4,ILSVRC2012_val_00005130,features.5.19,28,0.2592780702086166
400,0.4,ILSVRC2012_val_00005130,features.5.20,29,0.2611198525428772
400,0.4,ILSVRC2012_val_00005130,features.5.21,30,0.2684668515343219
400,0.4,ILSVRC2012_val_00005130,features.5.22,31,0.27131003981549295
400,0.4,ILSVRC2012_val_00005130,features.5.23,32,0.2750162886185571
400,0.4,ILSVRC2012_val_00005130,features.5.24,33,0.29197139110276477
400,0.4,ILSVRC2012_val_00005130,features.5.25,34,0.30717843474354595
400,0.4,ILSVRC2012_val_00005130,features.5.26,35,0.31840587661438624
400,0.4,ILSVRC2012_val_00005130,features.6,36,0.38696110361814495
400,0.4,ILSVRC2012_val_00005130,features.7.0,37,0.3858107115235179
400,0.4,ILSVRC2012_val_00005130,features.7.1,38,0.39145431327726693
400,0.4,ILSVRC2012_val_00005130,features.7.2,39,0.39413941667473407
400,0.4,ILSVRC2012_val_00005130,classifier,40,0.6869806879912503
400,0.4,ILSVRC2012_val_00006808,features.0,0,0.14910052770003676
400,0.4,ILSVRC2012_val_00006808,features.1.0,1,0.1659979820236913
400,0.4,ILSVRC2012_val_00006808,features.1.1,2,0.15224373459629714
400,0.4,ILSVRC2012_val_00006808,features.1.2,3,0.13939257748844103
400,0.4,ILSVRC2012_val_00006808,features.2,4,0.11347330363001673
400,0.4,ILSVRC2012_val_00006808,features.3.0,5,0.10357233257882764
400,0.4,ILSVRC2012_val_00006808,features.3.1,6,0.09307420750299934
400,0.4,ILSVRC2012_val_00006808,features.3.2,7,0.08470590190787333
400,0.4,ILSVRC2012_val_00006808,features.4,8,0.1306717101173563
400,0.4,ILSVRC2012_val_00006808,features.5.0,9,0.12430543791365926
400,0.4,ILSVRC2012_val_00006808,features.5.1,10,0.11722412910411367
400,0.4,ILSVRC2012_val_00006808,features.5.2,11,0.112506600423716
400,0.4,ILSVRC2012_val_00006808,features.5.3,12,0.10886833399272292
400,0.4,ILSVRC2012_val_00006808,features.5.4,13,0.11062463833161747
400,0.4,ILSVRC2012_val_00006808,features.5.5,14,0.10851428906561339
400,0.4,ILSVRC2012_val_00006808,features.5.6,15,0.1066485950293718
400,0.4,ILSVRC2012_val_00006808,features.5.7,16,0.10391194697923492
400,0.4,ILSVRC2012_val_00006808,features.5.8,17,0.10602757252240555
400,0.4,ILSVRC2012_val_00006808,features.5.9,18,0.10445456374975039
400,0.4,ILSVRC2012_val_00006808,features.5.10,19,0.1033721807921538
400,0.4,ILSVRC2012_val_00006808,features.5.11,20,0.10003349167120176
400,0.4,ILSVRC2012_val_00006808,features.5.12,21,0.09649148159913604
400,0.4,ILSVRC2012_val_00006808,features.5.13,22,0.0957394827940152
400,0.4,ILSVRC2012_val_00006808,features.5.14,23,0.0941073582743993
400,0.4,ILSVRC2012_val_00006808,features.5.15,24,0.0904557454114547
400,0.4,ILSVRC2012_val_00006808,features.5.16,25,0.08801250854975659
400,0.4,ILSVRC2012_val_00006808,features.5.17,26,0.08545077670912724
400,0.4,ILSVRC2012_val_00006808,features.5.18,27,0.08401984508184251
400,0.4,ILSVRC2012_val_00006808,features.5.19,28,0.08418101122055668
400,0.4,ILSVRC2012_val_00006808,features.5.20,29,0.08334251270524692
400,0.4,ILSVRC2012_val_00006808,features.5.21,30,0.08355903900344856
400,0.4,ILSVRC2012_val_00006808,features.5.22,31,0.08398283958435059
400,0.4,ILSVRC2012_val_00006808,features.5.23,32,0.08367434902698732
400,0.4,ILSVRC2012_val_00006808,features.5.24,33,0.08178633101913146
400,0.4,ILSVRC2012_val_00006808,features.5.25,34,0.08063176037953235
400,0.4,ILSVRC2012_val_00006808,features.5.26,35,0.08168788182671416
400,0.4,ILSVRC2012_val_00006808,features.6,36,0.06980877763780882
400,0.4,ILSVRC2012_val_00006808,features.7.0,37,0.06712291668279795
400,0.4,ILSVRC2012_val_00006808,features.7.1,38,0.0631897963921947
400,0.4,ILSVRC2012_val_00006808,features.7.2,39,0.05983729227332515
400,0.4,ILSVRC2012_val_00006808,classifier,40,0.10118372325971724
400,0.4,ILSVRC2012_val_00010733,features.0,0,0.14531354972952978
400,0.4,ILSVRC2012_val_00010733,features.1.0,1,0.1614536835812032
400,0.4,ILSVRC2012_val_00010733,features.1.1,2,0.14038120946846902
400,0.4,ILSVRC2012_val_00010733,features.1.2,3,0.12460985313355924
400,0.4,ILSVRC2012_val_00010733,features.2,4,0.12145184885477647
400,0.4,ILSVRC2012_val_00010733,features.3.0,5,0.10854790504369885
400,0.4,ILSVRC2012_val_00010733,features.3.1,6,0.10816814907547086
400,0.4,ILSVRC2012_val_00010733,features.3.2,7,0.10083164898678659
400,0.4,ILSVRC2012_val_00010733,features.4,8,0.15959382413420825
400,0.4,ILSVRC2012_val_00010733,features.5.0,9,0.14960351571254432
400,0.4,ILSVRC2012_val_00010733,features.5.1,10,0.1407232976956293
400,0.4,ILSVRC2012_val_00010733,features.5.2,11,0.136904793439433
400,0.4,ILSVRC2012_val_00010733,features.5.3,12,0.13553320245072245
400,0.4,ILSVRC2012_val_00010733,features.5.4,13,0.13992142090573906
400,0.4,ILSVRC2012_val_00010733,features.5.5,14,0.14167454993538559
400,0.4,ILSVRC2012_val_00010733,features.5.6,15,0.13914252078346906
400,0.4,ILSVRC2012_val_00010733,features.5.7,16,0.1379887524973601
400,0.4,ILSVRC2012_val_00010733,features.5.8,17,0.13897706565260887
400,0.4,ILSVRC2012_val_00010733,features.5.9,18,0.13836660858429967
400,0.4,ILSVRC2012_val_00010733,features.5.10,19,0.13790853972919284
400,0.4,ILSVRC2012_val_00010733,features.5.11,20,0.13483038480766119
400,0.4,ILSVRC2012_val_00010733,features.5.12,21,0.12920779185649006
400,0.4,ILSVRC2012_val_00010733,features.5.13,22,0.1278664002311416
400,0.4,ILSVRC2012_val_00010733,features.5.14,23,0.1253747014021501
400,0.4,ILSVRC2012_val_00010733,features.5.15,24,0.12542055949801578
400,0.4,ILSVRC2012_val_00010733,features.5.16,25,0.12410787628125401
400,0.4,ILSVRC2012_val_00010733,features.5.17,26,0.12206768817128613
400,0.4,ILSVRC2012_val_00010733,features.5.18,27,0.12358541837846859
400,0.4,ILSVRC2012_val_00010733,features.5.19,28,0.12455972781358288
400,0.4,ILSVRC2012_val_00010733,features.5.20,29,0.12399687272962184
400,0.4,ILSVRC2012_val_00010733,features.5.21,30,0.12464588135806842
400,0.4,ILSVRC2012_val_00010733,features.5.22,31,0.12446995647856966
400,0.4,ILSVRC2012_val_00010733,features.5.23,32,0.1253471085205674
400,0.4,ILSVRC2012_val_00010733,features.5.24,33,0.1266553932572715
400,0.4,ILSVRC2012_val_00010733,features.5.25,34,0.1277927206135355
400,0.4,ILSVRC2012_val_00010733,features.5.26,35,0.12866050048079342
400,0.4,ILSVRC2012_val_00010733,features.6,36,0.11799304774776101
400,0.4,ILSVRC2012_val_00010733,features.7.0,37,0.11604090413686938
400,0.4,ILSVRC2012_val_00010733,features.7.1,38,0.11431274587317602
400,0.4,ILSVRC2012_val_00010733,features.7.2,39,0.11126348915777634
400,0.4,ILSVRC2012_val_00010733,classifier,40,0.3250657942900434
400,0.4,ILSVRC2012_val_00014541,features.0,0,0.15658500025700778
400,0.4,ILSVRC2012_val_00014541,features.1.0,1,0.22898880306631328
400,0.4,ILSVRC2012_val_00014541,features.1.1,2,0.1992717829924077
400,0.4,ILSVRC2012_val_00014541,features.1.2,3,0.1740444619767368
400,0.4,ILSVRC2012_val_00014541,features.2,4,0.21674456309434026
400,0.4,ILSVRC2012_val_00014541,features.3.0,5,0.21051136706583204
400,0.4,ILSVRC2012_val_00014541,features.3.1,6,0.2006985437273979
400,0.4,ILSVRC2012_val_00014541,features.3.2,7,0.1945129979895428
400,0.4,ILSVRC2012_val_00014541,features.4,8,0.2812746646460146
400,0.4,ILSVRC2012_val_00014541,features.5.0,9,0.27801732389628886
400,0.4,ILSVRC2012_val_00014541,features.5.1,10,0.2797069105394185
400,0.4,ILSVRC2012_val_00014541,features.5.2,11,0.2867043534107506
400,0.4,ILSVRC2012_val_00014541,features.5.3,12,0.29147236482799055
400,0.4,ILSVRC2012_val_00014541,features.5.4,13,0.3114690637476742
400,0.4,ILSVRC2012_val_00014541,features.5.5,14,0.32620870361849663
400,0.4,ILSVRC2012_val_00014541,features.5.6,15,0.3253194877896458
400,0.4,ILSVRC2012_val_00014541,features.5.7,16,0.330337709473446
400,0.4,ILSVRC2012_val_00014541,features.5.8,17,0.33251469723694027
400,0.4,ILSVRC2012_val_00014541,features.5.9,18,0.3382411205507815
400,0.4,ILSVRC2012_val_00014541,features.5.10,19,0.34089902415033435
400,0.4,ILSVRC2012_val_00014541,features.5.11,20,0.33422280930262055
400,0.4,ILSVRC2012_val_00014541,features.5.12,21,0.3239846275728196
400,0.4,ILSVRC2012_val_00014541,features.5.13,22,0.32430771700292826
400,0.4,ILSVRC2012_val_00014541,features.5.14,23,0.3200743771400303
400,0.4,ILSVRC2012_val_00014541,features.5.15,24,0.31818541046045723
400,0.4,ILSVRC2012_val_00014541,features.5.16,25,0.31513103925623
400,0.4,ILSVRC2012_val_00014541,features.5.17,26,0.31151330506335945
400,0.4,ILSVRC2012_val_00014541,features.5.18,27,0.31014872017409656
400,0.4,ILSVRC2012_val_00014541,features.5.19,28,0.31161559561640023
400,0.4,ILSVRC2012_val_00014541,features.5.20,29,0.31320997886545954
400,0.4,ILSVRC2012_val_00014541,features.5.21,30,0.31492806757800285
400,0.4,ILSVRC2012_val_00014541,features.5.22,31,0.31517990859691053
400,0.4,ILSVRC2012_val_00014541,features.5.23,32,0.3161901744334027
400,0.4,ILSVRC2012_val_00014541,features.5.24,33,0.32069312639161945
400,0.4,ILSVRC2012_val_00014541,features.5.25,34,0.3284620594251901
400,0.4,ILSVRC2012_val_00014541,features.5.26,35,0.3341697393618524
400,0.4,ILSVRC2012_val_00014541,features.6,36,0.36458400679565967
400,0.4,ILSVRC2012_val_00014541,features.7.0,37,0.3673053348800167
400,0.4,ILSVRC2012_val_00014541,features.7.1,38,0.3766020001890138
400,0.4,ILSVRC2012_val_00014541,features.7.2,39,0.38533930330444127
400,0.4,ILSVRC2012_val_00014541,classifier,40,0.7049439571145921
400,0.4,ILSVRC2012_val_00018922,features.0,0,0.4159021509592421
400,0.4,ILSVRC2012_val_00018922,features.1.0,1,0.3918593624834903
400,0.4,ILSVRC2012_val_00018922,features.1.1,2,0.32874158505164086
400,0.4,ILSVRC2012_val_00018922,features.1.2,3,0.2744520772602409
400,0.4,ILSVRC2012_val_00018922,features.2,4,0.24395541469193993
400,0.4,ILSVRC2012_val_00018922,features.3.0,5,0.2057363330740482
400,0.4,ILSVRC2012_val_00018922,features.3.1,6,0.19467179577052596
400,0.4,ILSVRC2012_val_00018922,features.3.2,7,0.19678333105985074
400,0.4,ILSVRC2012_val_00018922,features.4,8,0.24970077411178498
400,0.4,ILSVRC2012_val_00018922,features.5.0,9,0.24018786880001428
400,0.4,ILSVRC2012_val_00018922,features.5.1,10,0.2173158605881035
400,0.4,ILSVRC2012_val_00018922,features.5.2,11,0.2069511974863708
400,0.4,ILSVRC2012_val_00018922,features.5.3,12,0.2036440631300211
400,0.4,ILSVRC2012_val_00018922,features.5.4,13,0.2081852520480752
400,0.4,ILSVRC2012_val_00018922,features.5.5,14,0.20350349573045967
400,0.4,ILSVRC2012_val_00018922,features.5.6,15,0.19130922966450453
400,0.4,ILSVRC2012_val_00018922,features.5.7,16,0.1839482249952853
400,0.4,ILSVRC2012_val_00018922,features.5.8,17,0.18863977711647748
400,0.4,ILSVRC2012_val_00018922,features.5.9,18,0.18393495037406685
400,0.4,ILSVRC2012_val_00018922,features.5.10,19,0.1837442262582481
400,0.4,ILSVRC2012_val_00018922,features.5.11,20,0.17600404629670083
400,0.4,ILSVRC2012_val_00018922,features.5.12,21,0.16877429683785886
400,0.4,ILSVRC2012_val_00018922,features.5.13,22,0.16571728001348673
400,0.4,ILSVRC2012_val_00018922,features.5.14,23,0.16675757694803178
400,0.4,ILSVRC2012_val_00018922,features.5.15,24,0.16116476260498164
400,0.4,ILSVRC2012_val_00018922,features.5.16,25,0.16224909470416604
400,0.4,ILSVRC2012_val_00018922,features.5.17,26,0.15608661527559162
400,0.4,ILSVRC2012_val_00018922,features.5.18,27,0.15840992993395775
400,0.4,ILSVRC2012_val_00018922,features.5.19,28,0.16268006757088005
400,0.4,ILSVRC2012_val_00018922,features.5.20,29,0.16621375910006464
400,0.4,ILSVRC2012_val_00018922,features.5.21,30,0.17213896882347762
400,0.4,ILSVRC2012_val_00018922,features.5.22,31,0.169789296223782
400,0.4,ILSVRC2012_val_00018922,features.5.23,32,0.17819387197028846
400,0.4,ILSVRC2012_val_00018922,features.5.24,33,0.1850352452872321
400,0.4,ILSVRC2012_val_00018922,features.5.25,34,0.19332003047503532
400,0.4,ILSVRC2012_val_00018922,features.5.26,35,0.19802524761296808
400,0.4,ILSVRC2012_val_00018922,features.6,36,0.17578848260903032
400,0.4,ILSVRC2012_val_00018922,features.7.0,37,0.1707762318274472
400,0.4,ILSVRC2012_val_00018922,features.7.1,38,0.1687444395016646
400,0.4,ILSVRC2012_val_00018922,features.7.2,39,0.16467279822664568
400,0.4,ILSVRC2012_val_00018922,classifier,40,0.5139554737291765
400,0.4,ILSVRC2012_val_00025924,features.0,0,0.09657440204900923
400,0.4,ILSVRC2012_val_00025924,features.1.0,1,0.1156377393916482
400,0.4,ILSVRC2012_val_00025924,features.1.1,2,0.11237955244386104
400,0.4,ILSVRC2012_val_00025924,features.1.2,3,0.09129441409406719
400,0.4,ILSVRC2012_val_00025924,features.2,4,0.07577189193904632
400,0.4,ILSVRC2012_val_00025924,features.3.0,5,0.07262794302019757
400,0.4,ILSVRC2012_val_00025924,features.3.1,6,0.07205930375307798
400,0.4,ILSVRC2012_val_00025924,features.3.2,7,0.06158714739978313
400,0.4,ILSVRC2012_val_00025924,features.4,8,0.09853892348159571
400,0.4,ILSVRC2012_val_00025924,features.5.0,9,0.09471049210475758
400,0.4,ILSVRC2012_val_00025924,features.5.1,10,0.09069462966918945
400,0.4,ILSVRC2012_val_00025924,features.5.2,11,0.09040389412478544
400,0.4,ILSVRC2012_val_00025924,features.5.3,12,0.09135687879077159
400,0.4,ILSVRC2012_val_00025924,features.5.4,13,0.09448176631785464
400,0.4,ILSVRC2012_val_00025924,features.5.5,14,0.09730208151461557
400,0.4,ILSVRC2012_val_00025924,features.5.6,15,0.09683482358674518
400,0.4,ILSVRC2012_val_00025924,features.5.7,16,0.09682133862876799
400,0.4,ILSVRC2012_val_00025924,features.5.8,17,0.09723684293247062
400,0.4,ILSVRC2012_val_00025924,features.5.9,18,0.09687368326733123
400,0.4,ILSVRC2012_val_00025924,features.5.10,19,0.09588814329507296
400,0.4,ILSVRC2012_val_00025924,features.5.11,20,0.0921664035213762
400,0.4,ILSVRC2012_val_00025924,features.5.12,21,0.08977205376059283
400,0.4,ILSVRC2012_val_00025924,features.5.13,22,0.08897041649324819
400,0.4,ILSVRC2012_val_00025924,features.5.14,23,0.08810771737794856
400,0.4,ILSVRC2012_val_00025924,features.5.15,24,0.0860740214973921
400,0.4,ILSVRC2012_val_00025924,features.5.16,25,0.08459197023516754
400,0.4,ILSVRC2012_val_00025924,features.5.17,26,0.08248905194853434
400,0.4,ILSVRC2012_val_00025924,features.5.18,27,0.082319621617964
400,0.4,ILSVRC2012_val_00025924,features.5.19,28,0.08211005333386129
400,0.4,ILSVRC2012_val_00025924,features.5.20,29,0.08114033513597678
400,0.4,ILSVRC2012_val_00025924,features.5.21,30,0.08191150692896917
400,0.4,ILSVRC2012_val_00025924,features.5.22,31,0.08263302149344234
400,0.4,ILSVRC2012_val_00025924,features.5.23,32,0.08543362893001177
400,0.4,ILSVRC2012_val_00025924,features.5.24,33,0.08737148907268419
400,0.4,ILSVRC2012_val_00025924,features.5.25,34,0.09093843227578327
400,0.4,ILSVRC2012_val_00025924,features.5.26,35,0.09247173582296819
400,0.4,ILSVRC2012_val_00025924,features.6,36,0.08675051218498266
400,0.4,ILSVRC2012_val_00025924,features.7.0,37,0.08677561770693866
400,0.4,ILSVRC2012_val_00025924,features.7.1,38,0.08503320889634777
400,0.4,ILSVRC2012_val_00025924,features.7.2,39,0.081495706386253
400,0.4,ILSVRC2012_val_00025924,classifier,40,0.182308544870466
400,0.4,ILSVRC2012_val_00027450,features.0,0,0.08217433049884856
400,0.4,ILSVRC2012_val_00027450,features.1.0,1,0.14711362620885482
400,0.4,ILSVRC2012_val_00027450,features.1.1,2,0.12708702770108354
400,0.4,ILSVRC2012_val_00027450,features.1.2,3,0.11332614352460951
400,0.4,ILSVRC2012_val_00027450,features.2,4,0.12469023413956166
400,0.4,ILSVRC2012_val_00027450,features.3.0,5,0.12016786791384221
400,0.4,ILSVRC2012_val_00027450,features.3.1,6,0.11868503145873546
400,0.4,ILSVRC2012_val_00027450,features.3.2,7,0.11633926323708146
400,0.4,ILSVRC2012_val_00027450,features.4,8,0.18516341597214342
400,0.4,ILSVRC2012_val_00027450,features.5.0,9,0.17798581046983603
400,0.4,ILSVRC2012_val_00027450,features.5.1,10,0.17516015982441605
400,0.4,ILSVRC2012_val_00027450,features.5.2,11,0.1792284332998097
400,0.4,ILSVRC2012_val_00027450,features.5.3,12,0.1791621011979878
400,0.4,ILSVRC2012_val_00027450,features.5.4,13,0.18982260542875154
400,0.4,ILSVRC2012_val_00027450,features.5.5,14,0.1930942202345468
400,0.4,ILSVRC2012_val_00027450,features.5.6,15,0.1881333840317093
400,0.4,ILSVRC2012_val_00027450,features.5.7,16,0.18861758769955483
400,0.4,ILSVRC2012_val_00027450,features.5.8,17,0.18845727760577574
400,0.4,ILSVRC2012_val_00027450,features.5.9,18,0.18779653284139933
400,0.4,ILSVRC2012_val_00027450,features.5.10,19,0.18948450610972942
400,0.4,ILSVRC2012_val_00027450,features.5.11,20,0.1843831976298243
400,0.4,ILSVRC2012_val_00027450,features.5.12,21,0.17489610331133007
400,0.4,ILSVRC2012_val_00027450,features.5.13,22,0.17396962468419225
400,0.4,ILSVRC2012_val_00027450,features.5.14,23,0.1721350201270543
400,0.4,ILSVRC2012_val_00027450,features.5.15,24,0.16984025574242695
400,0.4,ILSVRC2012_val_00027450,features.5.16,25,0.1678986401166767
400,0.4,ILSVRC2012_val_00027450,features.5.17,26,0.16345337807852778
400,0.4,ILSVRC2012_val_00027450,features.5.18,27,0.16638543672626838
400,0.4,ILSVRC2012_val_00027450,features.5.19,28,0.16712351142521947
400,0.4,ILSVRC2012_val_00027450,features.5.20,29,0.1680678982222453
400,0.4,ILSVRC2012_val_00027450,features.5.21,30,0.17041342488210648
400,0.4,ILSVRC2012_val_00027450,features.5.22,31,0.17176945722149686
400,0.4,ILSVRC2012_val_00027450,features.5.23,32,0.17510923908045517
400,0.4,ILSVRC2012_val_00027450,features.5.24,33,0.18238850664207712
400,0.4,ILSVRC2012_val_00027450,features.5.25,34,0.1916721781147644
400,0.4,ILSVRC2012_val_00027450,features.5.26,35,0.1996528538931161
400,0.4,ILSVRC2012_val_00027450,features.6,36,0.21988371798535805
400,0.4,ILSVRC2012_val_00027450,features.7.0,37,0.22047145347879268
400,0.4,ILSVRC2012_val_00027450,features.7.1,38,0.22615290815726619
400,0.4,ILSVRC2012_val_00027450,features.7.2,39,0.22947929085069338
400,0.4,ILSVRC2012_val_00027450,classifier,40,0.4940830829648767
400,0.4,ILSVRC2012_val_00029063,features.0,0,0.043777732221147746
400,0.4,ILSVRC2012_val_00029063,features.1.0,1,0.1049777863706695
400,0.4,ILSVRC2012_val_00029063,features.1.1,2,0.09884574641194195
400,0.4,ILSVRC2012_val_00029063,features.1.2,3,0.0901226412318647
400,0.4,ILSVRC2012_val_00029063,features.2,4,0.09783076877356507
400,0.4,ILSVRC2012_val_00029063,features.3.0,5,0.09687162541551514
400,0.4,ILSVRC2012_val_00029063,features.3.1,6,0.09641386854555459
400,0.4,ILSVRC2012_val_00029063,features.3.2,7,0.0911870936313644
400,0.4,ILSVRC2012_val_00029063,features.4,8,0.14870421120803803
400,0.4,ILSVRC2012_val_00029063,features.5.0,9,0.14577891171071677
400,0.4,ILSVRC2012_val_00029063,features.5.1,10,0.14713452050182968
400,0.4,ILSVRC2012_val_00029063,features.5.2,11,0.1547085310709663
400,0.4,ILSVRC2012_val_00029063,features.5.3,12,0.16041931761428713
400,0.4,ILSVRC2012_val_00029063,features.5.4,13,0.16688541030138732
400,0.4,ILSVRC2012_val_00029063,features.5.5,14,0.1726053967345506
400,0.4,ILSVRC2012_val_00029063,features.5.6,15,0.17271256876830013
400,0.4,ILSVRC2012_val_00029063,features.5.7,16,0.17452427541743964
400,0.4,ILSVRC2012_val_00029063,features.5.8,17,0.17054701310303064
400,0.4,ILSVRC2012_val_00029063,features.5.9,18,0.1719988434643019
400,0.4,ILSVRC2012_val_00029063,features.5.10,19,0.16952940109465273
400,0.4,ILSVRC2012_val_00029063,features.5.11,20,0.16245342323486692
400,0.4,ILSVRC2012_val_00029063,features.5.12,21,0.156775662551634
400,0.4,ILSVRC2012_val_00029063,features.5.13,22,0.1584085440132767
400,0.4,ILSVRC2012_val_00029063,features.5.14,23,0.15693808124540376
400,0.4,ILSVRC2012_val_00029063,features.5.15,24,0.15773327548010274
400,0.4,ILSVRC2012_val_00029063,features.5.16,25,0.1541805707067251
400,0.4,ILSVRC2012_val_00029063,features.5.17,26,0.15178910984564573
400,0.4,ILSVRC2012_val_00029063,features.5.18,27,0.15118214118340983
400,0.4,ILSVRC2012_val_00029063,features.5.19,28,0.15215886863926426
400,0.4,ILSVRC2012_val_00029063,features.5.20,29,0.15200624997075646
400,0.4,ILSVRC2012_val_00029063,features.5.21,30,0.1625990528217517
400,0.4,ILSVRC2012_val_00029063,features.5.22,31,0.1677540149614215
400,0.4,ILSVRC2012_val_00029063,features.5.23,32,0.17490314111253247
400,0.4,ILSVRC2012_val_00029063,features.5.24,33,0.1919906056430191
400,0.4,ILSVRC2012_val_00029063,features.5.25,34,0.20764969926141202
400,0.4,ILSVRC2012_val_00029063,features.5.26,35,0.2173690046197735
400,0.4,ILSVRC2012_val_00029063,features.6,36,0.2942286754472879
400,0.4,ILSVRC2012_val_00029063,features.7.0,37,0.29307354149391174
400,0.4,ILSVRC2012_val_00029063,features.7.1,38,0.2998412133504753
400,0.4,ILSVRC2012_val_00029063,features.7.2,39,0.30313189224537923
400,0.4,ILSVRC2012_val_00029063,classifier,40,0.534460718122311
400,0.4,ILSVRC2012_val_00030419,features.0,0,0.0751819095206447
400,0.4,ILSVRC2012_val_00030419,features.1.0,1,0.13693478725396563
400,0.4,ILSVRC2012_val_00030419,features.1.1,2,0.13135926721803842
400,0.4,ILSVRC2012_val_00030419,features.1.2,3,0.10071135604428127
400,0.4,ILSVRC2012_val_00030419,features.2,4,0.10131638470629695
400,0.4,ILSVRC2012_val_00030419,features.3.0,5,0.11047682672087103
400,0.4,ILSVRC2012_val_00030419,features.3.1,6,0.1129063101299107
400,0.4,ILSVRC2012_val_00030419,features.3.2,7,0.10373893351759761
400,0.4,ILSVRC2012_val_00030419,features.4,8,0.1878977825269103
400,0.4,ILSVRC2012_val_00030419,features.5.0,9,0.19006886165961626
400,0.4,ILSVRC2012_val_00030419,features.5.1,10,0.18733023572340607
400,0.4,ILSVRC2012_val_00030419,features.5.2,11,0.19683275366574526
400,0.4,ILSVRC2012_val_00030419,features.5.3,12,0.2069545002877712
400,0.4,ILSVRC2012_val_00030419,features.5.4,13,0.22533576814457776
400,0.4,ILSVRC2012_val_00030419,features.5.5,14,0.23740108337439597
400,0.4,ILSVRC2012_val_00030419,features.5.6,15,0.23790849443338813
400,0.4,ILSVRC2012_val_00030419,features.5.7,16,0.23942436892911792
400,0.4,ILSVRC2012_val_00030419,features.5.8,17,0.23997068172506986
400,0.4,ILSVRC2012_val_00030419,features.5.9,18,0.23959251088090242
400,0.4,ILSVRC2012_val_00030419,features.5.10,19,0.23692069817800077
400,0.4,ILSVRC2012_val_00030419,features.5.11,20,0.22797517982032148
400,0.4,ILSVRC2012_val_00030419,features.5.12,21,0.2205093306787312
400,0.4,ILSVRC2012_val_00030419,features.5.13,22,0.2187782500926405
400,0.4,ILSVRC2012_val_00030419,features.5.14,23,0.2179099792987108
400,0.4,ILSVRC2012_val_00030419,features.5.15,24,0.21329159005824477
400,0.4,ILSVRC2012_val_00030419,features.5.16,25,0.21229700507130475
400,0.4,ILSVRC2012_val_00030419,features.5.17,26,0.2052526658307761
400,0.4,ILSVRC2012_val_00030419,features.5.18,27,0.20721103527303786
400,0.4,ILSVRC2012_val_00030419,features.5.19,28,0.21006520425155759
400,0.4,ILSVRC2012_val_00030419,features.5.20,29,0.20957898527849467
400,0.4,ILSVRC2012_val_00030419,features.5.21,30,0.21377563563827426
400,0.4,ILSVRC2012_val_00030419,features.5.22,31,0.21884525326266888
400,0.4,ILSVRC2012_val_00030419,features.5.23,32,0.22466548953391613
400,0.4,ILSVRC2012_val_00030419,features.5.24,33,0.23832306777313353
400,0.4,ILSVRC2012_val_00030419,features.5.25,34,0.25302988865226506
400,0.4,ILSVRC2012_val_00030419,features.5.26,35,0.2650476875845343
400,0.4,ILSVRC2012_val_00030419,features.6,36,0.31193461921368726
400,0.4,ILSVRC2012_val_00030419,features.7.0,37,0.31514034304954114
400,0.4,ILSVRC2012_val_00030419,features.7.1,38,0.32538049233099453
400,0.4,ILSVRC2012_val_00030419,features.7.2,39,0.33025088203058117
400,0.4,ILSVRC2012_val_00030419,classifier,40,0.5251273193848319
400,0.4,ILSVRC2012_val_00030425,features.0,0,0.24127277956320906
400,0.4,ILSVRC2012_val_00030425,features.1.0,1,0.17293735735351218
400,0.4,ILSVRC2012_val_00030425,features.1.1,2,0.16473990421323104
400,0.4,ILSVRC2012_val_00030425,features.1.2,3,0.14165514702210202
400,0.4,ILSVRC2012_val_00030425,features.2,4,0.11335645060241223
400,0.4,ILSVRC2012_val_00030425,features.3.0,5,0.09922977048624305
400,0.4,ILSVRC2012_val_00030425,features.3.1,6,0.08684274956514128
400,0.4,ILSVRC2012_val_00030425,features.3.2,7,0.07314090020814912
400,0.4,ILSVRC2012_val_00030425,features.4,8,0.11786905868747272
400,0.4,ILSVRC2012_val_00030425,features.5.0,9,0.10884988331946079
400,0.4,ILSVRC2012_val_00030425,features.5.1,10,0.09976007119962013
400,0.4,ILSVRC2012_val_00030425,features.5.2,11,0.09345074556721374
400,0.4,ILSVRC2012_val_00030425,features.5.3,12,0.08830548466020263
400,0.4,ILSVRC2012_val_00030425,features.5.4,13,0.08727783422434005
400,0.4,ILSVRC2012_val_00030425,features.5.5,14,0.0865941312519135
400,0.4,ILSVRC2012_val_00030425,features.5.6,15,0.08351459292753134
400,0.4,ILSVRC2012_val_00030425,features.5.7,16,0.08104675085100463
400,0.4,ILSVRC2012_val_00030425,features.5.8,17,0.08122293122892733
400,0.4,ILSVRC2012_val_00030425,features.5.9,18,0.08030342352727893
400,0.4,ILSVRC2012_val_00030425,features.5.10,19,0.07975412246835185
400,0.4,ILSVRC2012_val_00030425,features.5.11,20,0.07688143681988002
400,0.4,ILSVRC2012_val_00030425,features.5.12,21,0.0750651748153614
400,0.4,ILSVRC2012_val_00030425,features.5.13,22,0.07326500708528329
400,0.4,ILSVRC2012_val_00030425,features.5.14,23,0.07176681248890236
400,0.4,ILSVRC2012_val_00030425,features.5.15,24,0.06927604402622091
400,0.4,ILSVRC2012_val_00030425,features.5.16,25,0.06789901670865947
400,0.4,ILSVRC2012_val_00030425,features.5.17,26,0.06699967519880738
400,0.4,ILSVRC2012_val_00030425,features.5.18,27,0.06714248593989759
400,0.4,ILSVRC2012_val_00030425,features.5.19,28,0.06761126118886751
400,0.4,ILSVRC2012_val_00030425,features.5.20,29,0.06731867733082618
400,0.4,ILSVRC2012_val_00030425,features.5.21,30,0.06775602281611645
400,0.4,ILSVRC2012_val_00030425,features.5.22,31,0.06780108893674332
400,0.4,ILSVRC2012_val_00030425,features.5.23,32,0.06902117467171047
400,0.4,ILSVRC2012_val_00030425,features.5.24,33,0.07115695213555591
400,0.4,ILSVRC2012_val_00030425,features.5.25,34,0.07280297861187138
400,0.4,ILSVRC2012_val_00030425,features.5.26,35,0.07400700526789297
400,0.4,ILSVRC2012_val_00030425,features.6,36,0.06530308654968395
400,0.4,ILSVRC2012_val_00030425,features.7.0,37,0.06357097856566543
400,0.4,ILSVRC2012_val_00030425,features.7.1,38,0.06142530853830976
400,0.4,ILSVRC2012_val_00030425,features.7.2,39,0.06024745084880851
400,0.4,ILSVRC2012_val_00030425,classifier,40,0.16524987034406516
400,0.4,ILSVRC2012_val_00035318,features.0,0,0.20911829440295696
400,0.4,ILSVRC2012_val_00035318,features.1.0,1,0.3386334452927113
400,0.4,ILSVRC2012_val_00035318,features.1.1,2,0.2780297404751182
400,0.4,ILSVRC2012_val_00035318,features.1.2,3,0.23442504393309355
400,0.4,ILSVRC2012_val_00035318,features.2,4,0.23794713991880417
400,0.4,ILSVRC2012_val_00035318,features.3.0,5,0.2211517152749002
400,0.4,ILSVRC2012_val_00035318,features.3.1,6,0.20959812683239576
400,0.4,ILSVRC2012_val_00035318,features.3.2,7,0.2241490708179772
400,0.4,ILSVRC2012_val_00035318,features.4,8,0.26923957880586386
400,0.4,ILSVRC2012_val_00035318,features.5.0,9,0.2625705927684903
400,0.4,ILSVRC2012_val_00035318,features.5.1,10,0.24958599515073
400,0.4,ILSVRC2012_val_00035318,features.5.2,11,0.25063783525116745
400,0.4,ILSVRC2012_val_00035318,features.5.3,12,0.24953956724889576
400,0.4,ILSVRC2012_val_00035318,features.5.4,13,0.2587749800384045
400,0.4,ILSVRC2012_val_00035318,features.5.5,14,0.2636197887863964
400,0.4,ILSVRC2012_val_00035318,features.5.6,15,0.25758727376349266
400,0.4,ILSVRC2012_val_00035318,features.5.7,16,0.25573225783742964
400,0.4,ILSVRC2012_val_00035318,features.5.8,17,0.25712966303899887
400,0.4,ILSVRC2012_val_00035318,features.5.9,18,0.2550677856486291
400,0.4,ILSVRC2012_val_00035318,features.5.10,19,0.2462234365362674
400,0.4,ILSVRC2012_val_00035318,features.5.11,20,0.23352733314968646
400,0.4,ILSVRC2012_val_00035318,features.5.12,21,0.22047367439046503
400,0.4,ILSVRC2012_val_00035318,features.5.13,22,0.21862890250794587
400,0.4,ILSVRC2012_val_00035318,features.5.14,23,0.21533619790710512
400,0.4,ILSVRC2012_val_00035318,features.5.15,24,0.20676414746418598
400,0.4,ILSVRC2012_val_00035318,features.5.16,25,0.20410367036610838
400,0.4,ILSVRC2012_val_00035318,features.5.17,26,0.20109784430172295
400,0.4,ILSVRC2012_val_00035318,features.5.18,27,0.2017084907013923
400,0.4,ILSVRC2012_val_00035318,features.5.19,28,0.20438027285411955
400,0.4,ILSVRC2012_val_00035318,features.5.20,29,0.20471494483947753
400,0.4,ILSVRC2012_val_00035318,features.5.21,30,0.20883002459071576
400,0.4,ILSVRC2012_val_00035318,features.5.22,31,0.20984689429961145
400,0.4,ILSVRC2012_val_00035318,features.5.23,32,0.2128303937204182
400,0.4,ILSVRC2012_val_00035318,features.5.24,33,0.217305278996937
400,0.4,ILSVRC2012_val_00035318,features.5.25,34,0.22740083261951805
400,0.4,ILSVRC2012_val_00035318,features.5.26,35,0.23278796377778055
400,0.4,ILSVRC2012_val_00035318,features.6,36,0.24601497019513047
400,0.4,ILSVRC2012_val_00035318,features.7.0,37,0.24218715019710363
400,0.4,ILSVRC2012_val_00035318,features.7.1,38,0.2385817814389011
400,0.4,ILSVRC2012_val_00035318,features.7.2,39,0.23616526431392412
400,0.4,ILSVRC2012_val_00035318,classifier,40,0.46706303408578975
400,0.4,ILSVRC2012_val_00035574,features.0,0,0.12109854675189127
400,0.4,ILSVRC2012_val_00035574,features.1.0,1,0.12815443871635945
400,0.4,ILSVRC2012_val_00035574,features.1.1,2,0.11697781091649086
400,0.4,ILSVRC2012_val_00035574,features.1.2,3,0.10289433552534319
400,0.4,ILSVRC2012_val_00035574,features.2,4,0.10258787896938155
400,0.4,ILSVRC2012_val_00035574,features.3.0,5,0.09785502010968049
400,0.4,ILSVRC2012_val_00035574,features.3.1,6,0.0972605287526967
400,0.4,ILSVRC2012_val_00035574,features.3.2,7,0.09411420852481386
400,0.4,ILSVRC2012_val_00035574,features.4,8,0.13680141570046545
400,0.4,ILSVRC2012_val_00035574,features.5.0,9,0.13291008670884186
400,0.4,ILSVRC2012_val_00035574,features.5.1,10,0.12673053612187507
400,0.4,ILSVRC2012_val_00035574,features.5.2,11,0.1256273826782126
400,0.4,ILSVRC2012_val_00035574,features.5.3,12,0.12460041619412368
400,0.4,ILSVRC2012_val_00035574,features.5.4,13,0.12658083957683994
400,0.4,ILSVRC2012_val_00035574,features.5.5,14,0.12896083980274853
400,0.4,ILSVRC2012_val_00035574,features.5.6,15,0.12522285135925632
400,0.4,ILSVRC2012_val_00035574,features.5.7,16,0.12578491692396346
400,0.4,ILSVRC2012_val_00035574,features.5.8,17,0.1261493982604006
400,0.4,ILSVRC2012_val_00035574,features.5.9,18,0.12682003440475093
400,0.4,ILSVRC2012_val_00035574,features.5.10,19,0.125257966955076
400,0.4,ILSVRC2012_val_00035574,features.5.11,20,0.12016011127689853
400,0.4,ILSVRC2012_val_00035574,features.5.12,21,0.1157631920904387
400,0.4,ILSVRC2012_val_00035574,features.5.13,22,0.11597869919275398
400,0.4,ILSVRC2012_val_00035574,features.5.14,23,0.11541608478990384
400,0.4,ILSVRC2012_val_00035574,features.5.15,24,0.11427112603373826
400,0.4,ILSVRC2012_val_00035574,features.5.16,25,0.11277585819782689
400,0.4,ILSVRC2012_val_00035574,features.5.17,26,0.11182768356660382
400,0.4,ILSVRC2012_val_00035574,features.5.18,27,0.11263743271189741
400,0.4,ILSVRC2012_val_00035574,features.5.19,28,0.11330776848550886
400,0.4,ILSVRC2012_val_00035574,features.5.20,29,0.11314426653645931
400,0.4,ILSVRC2012_val_00035574,features.5.21,30,0.11560680714086628
400,0.4,ILSVRC2012_val_00035574,features.5.22,31,0.11808614165848119
400,0.4,ILSVRC2012_val_00035574,features.5.23,32,0.12038826774503106
400,0.4,ILSVRC2012_val_00035574,features.5.24,33,0.12414458028459922
400,0.4,ILSVRC2012_val_00035574,features.5.25,34,0.12966188422590494
400,0.4,ILSVRC2012_val_00035574,features.5.26,35,0.13337208981986623
400,0.4,ILSVRC2012_val_00035574,features.6,36,0.1512332159600337
400,0.4,ILSVRC2012_val_00035574,features.7.0,37,0.15220950476668077
400,0.4,ILSVRC2012_val_00035574,features.7.1,38,0.15297167548170548
400,0.4,ILSVRC2012_val_00035574,features.7.2,39,0.15201311417753458
400,0.4,ILSVRC2012_val_00035574,classifier,40,0.2907308468630072
400,0.4,ILSVRC2012_val_00036158,features.0,0,0.0771183657972142
400,0.4,ILSVRC2012_val_00036158,features.1.0,1,0.09998991828947329
400,0.4,ILSVRC2012_val_00036158,features.1.1,2,0.1093087005611742
400,0.4,ILSVRC2012_val_00036158,features.1.2,3,0.08856946823792532
400,0.4,ILSVRC2012_val_00036158,features.2,4,0.07692163870454534
400,0.4,ILSVRC2012_val_00036158,features.3.0,5,0.08449609198584221
400,0.4,ILSVRC2012_val_00036158,features.3.1,6,0.08575535879877862
400,0.4,ILSVRC2012_val_00036158,features.3.2,7,0.07715445299842394
400,0.4,ILSVRC2012_val_00036158,features.4,8,0.13733363636265858
400,0.4,ILSVRC2012_val_00036158,features.5.0,9,0.13482016668739377
400,0.4,ILSVRC2012_val_00036158,features.5.1,10,0.12392641074687709
400,0.4,ILSVRC2012_val_00036158,features.5.2,11,0.12380394669351517
400,0.4,ILSVRC2012_val_00036158,features.5.3,12,0.12810464152065107
400,0.4,ILSVRC2012_val_00036158,features.5.4,13,0.12898395586840342
400,0.4,ILSVRC2012_val_00036158,features.5.5,14,0.13059190715593286
400,0.4,ILSVRC2012_val_00036158,features.5.6,15,0.12990723950212124
400,0.4,ILSVRC2012_val_00036158,features.5.7,16,0.12720016058452893
400,0.4,ILSVRC2012_val_00036158,features.5.8,17,0.1252537075234577
400,0.4,ILSVRC2012_val_00036158,features.5.9,18,0.12272569775761805
400,0.4,ILSVRC2012_val_00036158,features.5.10,19,0.12083659300464206
400,0.4,ILSVRC2012_val_00036158,features.5.11,20,0.11376898901117966
400,0.4,ILSVRC2012_val_00036158,features.5.12,21,0.11144472211733226
400,0.4,ILSVRC2012_val_00036158,features.5.13,22,0.10962921543186531
400,0.4,ILSVRC2012_val_00036158,features.5.14,23,0.10698583312379197
400,0.4,ILSVRC2012_val_00036158,features.5.15,24,0.10541823409544304
400,0.4,ILSVRC2012_val_00036158,features.5.16,25,0.10257693271641619
400,0.4,ILSVRC2012_val_00036158,features.5.17,26,0.10048304842237848
400,0.4,ILSVRC2012_val_00036158,features.5.18,27,0.10031468110682908
400,0.4,ILSVRC2012_val_00036158,features.5.19,28,0.09990441636135802
400,0.4,ILSVRC2012_val_00036158,features.5.20,29,0.09959203906951006
400,0.4,ILSVRC2012_val_00036158,features.5.21,30,0.09921704995224717
400,0.4,ILSVRC2012_val_00036158,features.5.22,31,0.09934504650416784
400,0.4,ILSVRC2012_val_00036158,features.5.23,32,0.09988799569685942
400,0.4,ILSVRC2012_val_00036158,features.5.24,33,0.0985480264951475
400,0.4,ILSVRC2012_val_00036158,features.5.25,34,0.10041209833300672
400,0.4,ILSVRC2012_val_00036158,features.5.26,35,0.10067697446909733
400,0.4,ILSVRC2012_val_00036158,features.6,36,0.07637129859926062
400,0.4,ILSVRC2012_val_00036158,features.7.0,37,0.0753365926599945
400,0.4,ILSVRC2012_val_00036158,features.7.1,38,0.07260672188390163
400,0.4,ILSVRC2012_val_00036158,features.7.2,39,0.06930060801478975
400,0.4,ILSVRC2012_val_00036158,classifier,40,0.1672105792266084
400,0.4,ILSVRC2012_val_00041330,features.0,0,0.04308903010003269
400,0.4,ILSVRC2012_val_00041330,features.1.0,1,0.10281617291131988
400,0.4,ILSVRC2012_val_00041330,features.1.1,2,0.08591485908068716
400,0.4,ILSVRC2012_val_00041330,features.1.2,3,0.0761767264643131
400,0.4,ILSVRC2012_val_00041330,features.2,4,0.08521310280973557
400,0.4,ILSVRC2012_val_00041330,features.3.0,5,0.0831729523499962
400,0.4,ILSVRC2012_val_00041330,features.3.1,6,0.08267449464753734
400,0.4,ILSVRC2012_val_00041330,features.3.2,7,0.07908401334704832
400,0.4,ILSVRC2012_val_00041330,features.4,8,0.13002353555016455
400,0.4,ILSVRC2012_val_00041330,features.5.0,9,0.11602935395485837
400,0.4,ILSVRC2012_val_00041330,features.5.1,10,0.11193289225445187
400,0.4,ILSVRC2012_val_00041330,features.5.2,11,0.11311589732795257
400,0.4,ILSVRC2012_val_00041330,features.5.3,12,0.12206746978079898
400,0.4,ILSVRC2012_val_00041330,features.5.4,13,0.13484102974832057
400,0.4,ILSVRC2012_val_00041330,features.5.5,14,0.13757866506557911
400,0.4,ILSVRC2012_val_00041330,features.5.6,15,0.13527560007711872
400,0.4,ILSVRC2012_val_00041330,features.5.7,16,0.13245224065706135
400,0.4,ILSVRC2012_val_00041330,features.5.8,17,0.1352029512980953
400,0.4,ILSVRC2012_val_00041330,features.5.9,18,0.1339013103381731
400,0.4,ILSVRC2012_val_00041330,features.5.10,19,0.13089339269744232
400,0.4,ILSVRC2012_val_00041330,features.5.11,20,0.1288788238288835
400,0.4,ILSVRC2012_val_00041330,features.5.12,21,0.1256910444027744
400,0.4,ILSVRC2012_val_00041330,features.5.13,22,0.12296345864678733
400,0.4,ILSVRC2012_val_00041330,features.5.14,23,0.12394034226203803
400,0.4,ILSVRC2012_val_00041330,features.5.15,24,0.12034336425818037
400,0.4,ILSVRC2012_val_00041330,features.5.16,25,0.11961737094726416
400,0.4,ILSVRC2012_val_00041330,features.5.17,26,0.11567683039675467
400,0.4,ILSVRC2012_val_00041330,features.5.18,27,0.11938404643698595
400,0.4,ILSVRC2012_val_00041330,features.5.19,28,0.11928885415941476
400,0.4,ILSVRC2012_val_00041330,features.5.20,29,0.11785684774559924
400,0.4,ILSVRC2012_val_00041330,features.5.21,30,0.11854930439009333
400,0.4,ILSVRC2012_val_00041330,features.5.22,31,0.1179983834750019
400,0.4,ILSVRC2012_val_00041330,features.5.23,32,0.12227964428486304
400,0.4,ILSVRC2012_val_00041330,features.5.24,33,0.12159690868854522
400,0.4,ILSVRC2012_val_00041330,features.5.25,34,0.12311743627116085
400,0.4,ILSVRC2012_val_00041330,features.5.26,35,0.12419921143725515
400,0.4,ILSVRC2012_val_00041330,features.6,36,0.0887577709663019
400,0.4,ILSVRC2012_val_00041330,features.7.0,37,0.08991625752177787
400,0.4,ILSVRC2012_val_00041330,features.7.1,38,0.08840157889810508
400,0.4,ILSVRC2012_val_00041330,features.7.2,39,0.08448059301517788
400,0.4,ILSVRC2012_val_00041330,classifier,40,0.2375638358402066
400,0.4,ILSVRC2012_val_00048463,features.0,0,0.07842598257487407
400,0.4,ILSVRC2012_val_00048463,features.1.0,1,0.12634607263142245
400,0.4,ILSVRC2012_val_00048463,features.1.1,2,0.1297032660229597
400,0.4,ILSVRC2012_val_00048463,features.1.2,3,0.11590771153755486
400,0.4,ILSVRC2012_val_00048463,features.2,4,0.10404618581663817
400,0.4,ILSVRC2012_val_00048463,features.3.0,5,0.1089437439609319
400,0.4,ILSVRC2012_val_00048463,features.3.1,6,0.10869776881113649
400,0.4,ILSVRC2012_val_00048463,features.3.2,7,0.1020124735692516
400,0.4,ILSVRC2012_val_00048463,features.4,8,0.16620404562633484
400,0.4,ILSVRC2012_val_00048463,features.5.0,9,0.1648360204687342
400,0.4,ILSVRC2012_val_00048463,features.5.1,10,0.15810609760507943
400,0.4,ILSVRC2012_val_00048463,features.5.2,11,0.15983659932482988
400,0.4,ILSVRC2012_val_00048463,features.5.3,12,0.1624395667128265
400,0.4,ILSVRC2012_val_00048463,features.5.4,13,0.17086224525794388
400,0.4,ILSVRC2012_val_00048463,features.5.5,14,0.1780287395035848
400,0.4,ILSVRC2012_val_00048463,features.5.6,15,0.1806498880200088
400,0.4,ILSVRC2012_val_00048463,features.5.7,16,0.1820150948818773
400,0.4,ILSVRC2012_val_00048463,features.5.8,17,0.18348903144802897
400,0.4,ILSVRC2012_val_00048463,features.5.9,18,0.18403798574395477
400,0.4,ILSVRC2012_val_00048463,features.5.10,19,0.1817321859463118
400,0.4,ILSVRC2012_val_00048463,features.5.11,20,0.17544006552081554
400,0.4,ILSVRC2012_val_00048463,features.5.12,21,0.1734730917722918
400,0.4,ILSVRC2012_val_00048463,features.5.13,22,0.1733534616967663
400,0.4,ILSVRC2012_val_00048463,features.5.14,23,0.1740820177482674
400,0.4,ILSVRC2012_val_00048463,features.5.15,24,0.17374010449741034
400,0.4,ILSVRC2012_val_00048463,features.5.16,25,0.17217292214813643
400,0.4,ILSVRC2012_val_00048463,features.5.17,26,0.1719003143811133
400,0.4,ILSVRC2012_val_00048463,features.5.18,27,0.17369944698153994
400,0.4,ILSVRC2012_val_00048463,features.5.19,28,0.17988059259648434
400,0.4,ILSVRC2012_val_00048463,features.5.20,29,0.18379810954257847
400,0.4,ILSVRC2012_val_00048463,features.5.21,30,0.19136035520024597
400,0.4,ILSVRC2012_val_00048463,features.5.22,31,0.1971755751618184
400,0.4,ILSVRC2012_val_00048463,features.5.23,32,0.20561478972062466
400,0.4,ILSVRC2012_val_00048463,features.5.24,33,0.21706304757716136
400,0.4,ILSVRC2012_val_00048463,features.5.25,34,0.22919480257481337
400,0.4,ILSVRC2012_val_00048463,features.5.26,35,0.23870683203358206
400,0.4,ILSVRC2012_val_00048463,features.6,36,0.30550073478906414
400,0.4,ILSVRC2012_val_00048463,features.7.0,37,0.3074749079588801
400,0.4,ILSVRC2012_val_00048463,features.7.1,38,0.3116042587122647
400,0.4,ILSVRC2012_val_00048463,features.7.2,39,0.31253441885631766
400,0.4,ILSVRC2012_val_00048463,classifier,40,0.4668742907710839
600,0.6,ILSVRC2012_val_00000487,features.0,0,0.022260992062248987
600,0.6,ILSVRC2012_val_00000487,features.1.0,1,0.05280974859732669
600,0.6,ILSVRC2012_val_00000487,features.1.1,2,0.06413489451201167
600,0.6,ILSVRC2012_val_00000487,features.1.2,3,0.055654938020627015
600,0.6,ILSVRC2012_val_00000487,features.2,4,0.05655803249927703
600,0.6,ILSVRC2012_val_00000487,features.3.0,5,0.053282954649650494
600,0.6,ILSVRC2012_val_00000487,features.3.1,6,0.04910973235743586
600,0.6,ILSVRC2012_val_00000487,features.3.2,7,0.043157420428353355
600,0.6,ILSVRC2012_val_00000487,features.4,8,0.06484163097548298
600,0.6,ILSVRC2012_val_00000487,features.5.0,9,0.059466049898648635
600,0.6,ILSVRC2012_val_00000487,features.5.1,10,0.05470571484841639
600,0.6,ILSVRC2012_val_00000487,features.5.2,11,0.05267528614282492
600,0.6,ILSVRC2012_val_00000487,features.5.3,12,0.05130394295716541
600,0.6,ILSVRC2012_val_00000487,features.5.4,13,0.05131303517139167
600,0.6,ILSVRC2012_val_00000487,features.5.5,14,0.050380785108689444
600,0.6,ILSVRC2012_val_00000487,features.5.6,15,0.04933038992993534
600,0.6,ILSVRC2012_val_00000487,features.5.7,16,0.047685395967972
600,0.6,ILSVRC2012_val_00000487,features.5.8,17,0.04489284224022413
600,0.6,ILSVRC2012_val_00000487,features.5.9,18,0.043837344977015164
600,0.6,ILSVRC2012_val_00000487,features.5.10,19,0.041919730683555825
600,0.6,ILSVRC2012_val_00000487,features.5.11,20,0.040840616569330454
600,0.6,ILSVRC2012_val_00000487,features.5.12,21,0.04088425555010326
600,0.6,ILSVRC2012_val_00000487,features.5.13,22,0.040180742678785464
600,0.6,ILSVRC2012_val_00000487,features.5.14,23,0.04067774273350369
600,0.6,ILSVRC2012_val_00000487,features.5.15,24,0.03980540614941856
600,0.6,ILSVRC2012_val_00000487,features.5.16,25,0.04025142899673665
600,0.6,ILSVRC2012_val_00000487,features.5.17,26,0.0392448620761279
600,0.6,ILSVRC2012_val_00000487,features.5.18,27,0.04038882257626392
600,0.6,ILSVRC2012_val_00000487,features.5.19,28,0.04086470277514309
600,0.6,ILSVRC2012_val_00000487,features.5.20,29,0.040742929854197425
600,0.6,ILSVRC2012_val_00000487,features.5.21,30,0.04278563524887431
600,0.6,ILSVRC2012_val_00000487,features.5.22,31,0.0442611467211973
600,0.6,ILSVRC2012_val_00000487,features.5.23,32,0.04649101813556626
600,0.6,ILSVRC2012_val_00000487,features.5.24,33,0.047319215056486424
600,0.6,ILSVRC2012_val_00000487,features.5.25,34,0.04862719140562694
600,0.6,ILSVRC2012_val_00000487,features.5.26,35,0.047611823207524134
600,0.6,ILSVRC2012_val_00000487,features.6,36,0.03848768578039017
600,0.6,ILSVRC2012_val_00000487,features.7.0,37,0.03698645317474438
600,0.6,ILSVRC2012_val_00000487,features.7.1,38,0.03419932601976325
600,0.6,ILSVRC2012_val_00000487,features.7.2,39,0.03055662057956215
600,0.6,ILSVRC2012_val_00000487,classifier,40,0.10311743115715218
600,0.6,ILSVRC2012_val_00000681,features.0,0,0.05518947720922006
600,0.6,ILSVRC2012_val_00000681,features.1.0,1,0.07393887167124194
600,0.6,ILSVRC2012_val_00000681,features.1.1,2,0.06355058105161879
600,0.6,ILSVRC2012_val_00000681,features.1.2,3,0.059909336024313226
600,0.6,ILSVRC2012_val_00000681,features.2,4,0.05138719396316446
600,0.6,ILSVRC2012_val_00000681,features.3.0,5,0.04667652721962076
600,0.6,ILSVRC2012_val_00000681,features.3.1,6,0.04713336313981563
600,0.6,ILSVRC2012_val_00000681,features.3.2,7,0.04534601442632266
600,0.6,ILSVRC2012_val_00000681,features.4,8,0.05822254691168201
600,0.6,ILSVRC2012_val_00000681,features.5.0,9,0.054701668631518256
600,0.6,ILSVRC2012_val_00000681,features.5.1,10,0.05035288070916431
600,0.6,ILSVRC2012_val_00000681,features.5.2,11,0.048976042373542444
600,0.6,ILSVRC2012_val_00000681,features.5.3,12,0.04774302902870113
600,0.6,ILSVRC2012_val_00000681,features.5.4,13,0.050370764450402936
600,0.6,ILSVRC2012_val_00000681,features.5.5,14,0.048887783054204194
600,0.6,ILSVRC2012_val_00000681,features.5.6,15,0.04711391818174161
600,0.6,ILSVRC2012_val_00000681,features.5.7,16,0.0451396762151271
600,0.6,ILSVRC2012_val_00000681,features.5.8,17,0.04471898457698989
600,0.6,ILSVRC2012_val_00000681,features.5.9,18,0.042679059272632
600,0.6,ILSVRC2012_val_00000681,features.5.10,19,0.041336816533934326
600,0.6,ILSVRC2012_val_00000681,features.5.11,20,0.040218632426229306
600,0.6,ILSVRC2012_val_00000681,features.5.12,21,0.03931179446508759
600,0.6,ILSVRC2012_val_00000681,features.5.13,22,0.0385523512440559
600,0.6,ILSVRC2012_val_00000681,features.5.14,23,0.03892749393830309
600,0.6,ILSVRC2012_val_00000681,features.5.15,24,0.0372372344242176
600,0.6,ILSVRC2012_val_00000681,features.5.16,25,0.037125583475921306
600,0.6,ILSVRC2012_val_00000681,features.5.17,26,0.035719145397190004
600,0.6,ILSVRC2012_val_00000681,features.5.18,27,0.03621181429352146
600,0.6,ILSVRC2012_val_00000681,features.5.19,28,0.03600391981826397
600,0.6,ILSVRC2012_val_00000681,features.5.20,29,0.03434598524606554
600,0.6,ILSVRC2012_val_00000681,features.5.21,30,0.03245044586333097
600,0.6,ILSVRC2012_val_00000681,features.5.22,31,0.03019640537728264
600,0.6,ILSVRC2012_val_00000681,features.5.23,32,0.030581458769302114
600,0.6,ILSVRC2012_val_00000681,features.5.24,33,0.0283712436077476
600,0.6,ILSVRC2012_val_00000681,features.5.25,34,0.02643994898835081
600,0.6,ILSVRC2012_val_00000681,features.5.26,35,0.0228916458877211
600,0.6,ILSVRC2012_val_00000681,features.6,36,0.027695575395366177
600,0.6,ILSVRC2012_val_00000681,features.7.0,37,0.02807084202254191
600,0.6,ILSVRC2012_val_00000681,features.7.1,38,0.02739392809337005
600,0.6,ILSVRC2012_val_00000681,features.7.2,39,0.02535001494531753
600,0.6,ILSVRC2012_val_00000681,classifier,40,0.05592783380573382
600,0.6,ILSVRC2012_val_00000729,features.0,0,0.06915954569305177
600,0.6,ILSVRC2012_val_00000729,features.1.0,1,0.07887409075314644
600,0.6,ILSVRC2012_val_00000729,features.1.1,2,0.08803271743771621
600,0.6,ILSVRC2012_val_00000729,features.1.2,3,0.08471147549175657
600,0.6,ILSVRC2012_val_00000729,features.2,4,0.05681810771406163
600,0.6,ILSVRC2012_val_00000729,features.3.0,5,0.05329608198220376
600,0.6,ILSVRC2012_val_00000729,features.3.1,6,0.05351983632496558
600,0.6,ILSVRC2012_val_00000729,features.3.2,7,0.05088745257270057
600,0.6,ILSVRC2012_val_00000729,features.4,8,0.06430045147586498
600,0.6,ILSVRC2012_val_00000729,features.5.0,9,0.05981577564837062
600,0.6,ILSVRC2012_val_00000729,features.5.1,10,0.055017271683143916
600,0.6,ILSVRC2012_val_00000729,features.5.2,11,0.05244260304619093
600,0.6,ILSVRC2012_val_00000729,features.5.3,12,0.05101694098964799
600,0.6,ILSVRC2012_val_00000729,features.5.4,13,0.050899316387542054
600,0.6,ILSVRC2012_val_00000729,features.5.5,14,0.05061533678596607
600,0.6,ILSVRC2012_val_00000729,features.5.6,15,0.050172117596608584
600,0.6,ILSVRC2012_val_00000729,features.5.7,16,0.0487025264945405
600,0.6,ILSVRC2012_val_00000729,features.5.8,17,0.045692110937729014
600,0.6,ILSVRC2012_val_00000729,features.5.9,18,0.043142328813497444
600,0.6,ILSVRC2012_val_00000729,features.5.10,19,0.03999577091343236
600,0.6,ILSVRC2012_val_00000729,features.5.11,20,0.038263627070031364
600,0.6,ILSVRC2012_val_00000729,features.5.12,21,0.037719544766267064
600,0.6,ILSVRC2012_val_00000729,features.5.13,22,0.036053048053639944
600,0.6,ILSVRC2012_val_00000729,features.5.14,23,0.03567537345268647
600,0.6,ILSVRC2012_val_00000729,features.5.15,24,0.03431096190513927
600,0.6,ILSVRC2012_val_00000729,features.5.16,25,0.03413885121972998
600,0.6,ILSVRC2012_val_00000729,features.5.17,26,0.03245612812635955
600,0.6,ILSVRC2012_val_00000729,features.5.18,27,0.03275809405883774
600,0.6,ILSVRC2012_val_00000729,features.5.19,28,0.032510501183511224
600,0.6,ILSVRC2012_val_00000729,features.5.20,29,0.03129525799720431
600,0.6,ILSVRC2012_val_00000729,features.5.21,30,0.03157075191117474
600,0.6,ILSVRC2012_val_00000729,features.5.22,31,0.03177752781106392
600,0.6,ILSVRC2012_val_00000729,features.5.23,32,0.033931713976227906
600,0.6,ILSVRC2012_val_00000729,features.5.24,33,0.03626068303408101
600,0.6,ILSVRC2012_val_00000729,features.5.25,34,0.039015608810470434
600,0.6,ILSVRC2012_val_00000729,features.5.26,35,0.040121019374229946
600,0.6,ILSVRC2012_val_00000729,features.6,36,0.03362644728177111
600,0.6,ILSVRC2012_val_00000729,features.7.0,37,0.03384643069532467
600,0.6,ILSVRC2012_val_00000729,features.7.1,38,0.033688861324830205
600,0.6,ILSVRC2012_val_00000729,features.7.2,39,0.03160646429844201
600,0.6,ILSVRC2012_val_00000729,classifier,40,0.08424117680767085
600,0.6,ILSVRC2012_val_00000974,features.0,0,0.053679827170926724
600,0.6,ILSVRC2012_val_00000974,features.1.0,1,0.07537276290805311
600,0.6,ILSVRC2012_val_00000974,features.1.1,2,0.08280898494645954
600,0.6,ILSVRC2012_val_00000974,features.1.2,3,0.07748582645296118
600,0.6,ILSVRC2012_val_00000974,features.2,4,0.05806444759987062
600,0.6,ILSVRC2012_val_00000974,features.3.0,5,0.05490625553543213
600,0.6,ILSVRC2012_val_00000974,features.3.1,6,0.05498061637883074
600,0.6,ILSVRC2012_val_00000974,features.3.2,7,0.04852882108860649
600,0.6,ILSVRC2012_val_00000974,features.4,8,0.06914083381521051
600,0.6,ILSVRC2012_val_00000974,features.5.0,9,0.0653182312544086
600,0.6,ILSVRC2012_val_00000974,features.5.1,10,0.061288949629932185
600,0.6,ILSVRC2012_val_00000974,features.5.2,11,0.059514796635019594
600,0.6,ILSVRC2012_val_00000974,features.5.3,12,0.05826952874628477
600,0.6,ILSVRC2012_val_00000974,features.5.4,13,0.05826248618087266
600,0.6,ILSVRC2012_val_00000974,features.5.5,14,0.055716379215125934
600,0.6,ILSVRC2012_val_00000974,features.5.6,15,0.053975204947462774
600,0.6,ILSVRC2012_val_00000974,features.5.7,16,0.05187184670084389
600,0.6,ILSVRC2012_val_00000974,features.5.8,17,0.04989131988267764
600,0.6,ILSVRC2012_val_00000974,features.5.9,18,0.04845225897882484
600,0.6,ILSVRC2012_val_00000974,features.5.10,19,0.04646483870988595
600,0.6,ILSVRC2012_val_00000974,features.5.11,20,0.045842174316101596
600,0.6,ILSVRC2012_val_00000974,features.5.12,21,0.04588112639856991
600,0.6,ILSVRC2012_val_00000974,features.5.13,22,0.04529239391611191
600,0.6,ILSVRC2012_val_00000974,features.5.14,23,0.04499442556707073
600,0.6,ILSVRC2012_val_00000974,features.5.15,24,0.043636003932595493
600,0.6,ILSVRC2012_val_00000974,features.5.16,25,0.04392132626760577
600,0.6,ILSVRC2012_val_00000974,features.5.17,26,0.042386413408908995
600,0.6,ILSVRC2012_val_00000974,features.5.18,27,0.04261190873000305
600,0.6,ILSVRC2012_val_00000974,features.5.19,28,0.04230714588947013
600,0.6,ILSVRC2012_val_00000974,features.5.20,29,0.04115034658176592
600,0.6,ILSVRC2012_val_00000974,features.5.21,30,0.03891212712632841
600,0.6,ILSVRC2012_val_00000974,features.5.22,31,0.0372210072108137
600,0.6,ILSVRC2012_val_00000974,features.5.23,32,0.03936575100816844
600,0.6,ILSVRC2012_val_00000974,features.5.24,33,0.040849581283837325
600,0.6,ILSVRC2012_val_00000974,features.5.25,34,0.042809287074254826
600,0.6,ILSVRC2012_val_00000974,features.5.26,35,0.04235188919023494
600,0.6,ILSVRC2012_val_00000974,features.6,36,0.05028982144477777
600,0.6,ILSVRC2012_val_00000974,features.7.0,37,0.050330178276402876
600,0.6,ILSVRC2012_val_00000974,features.7.1,38,0.05061990574616357
600,0.6,ILSVRC2012_val_00000974,features.7.2,39,0.04903294276057568
600,0.6,ILSVRC2012_val_00000974,classifier,40,0.12221899815858343
600,0.6,ILSVRC2012_val_00003449,features.0,0,0.05097338195482734
600,0.6,ILSVRC2012_val_00003449,features.1.0,1,0.06041313182370504
600,0.6,ILSVRC2012_val_00003449,features.1.1,2,0.07337754136172589
600,0.6,ILSVRC2012_val_00003449,features.1.2,3,0.0720677931876853
600,0.6,ILSVRC2012_val_00003449,features.2,4,0.05277982139447704
600,0.6,ILSVRC2012_val_00003449,features.3.0,5,0.04912220774724846
600,0.6,ILSVRC2012_val_00003449,features.3.1,6,0.04873212024228996
600,0.6,ILSVRC2012_val_00003449,features.3.2,7,0.0450713727150578
600,0.6,ILSVRC2012_val_00003449,features.4,8,0.05947595105791697
600,0.6,ILSVRC2012_val_00003449,features.5.0,9,0.05521159229695331
600,0.6,ILSVRC2012_val_00003449,features.5.1,10,0.052637734401461786
600,0.6,ILSVRC2012_val_00003449,features.5.2,11,0.05180519227226614
600,0.6,ILSVRC2012_val_00003449,features.5.3,12,0.050948418336105535
600,0.6,ILSVRC2012_val_00003449,features.5.4,13,0.051760671160038324
600,0.6,ILSVRC2012_val_00003449,features.5.5,14,0.05125665519581525
600,0.6,ILSVRC2012_val_00003449,features.5.6,15,0.0518557197402697
600,0.6,ILSVRC2012_val_00003449,features.5.7,16,0.05200603936990956
600,0.6,ILSVRC2012_val_00003449,features.5.8,17,0.050956163481372635
600,0.6,ILSVRC2012_val_00003449,features.5.9,18,0.05029542420941289
600,0.6,ILSVRC2012_val_00003449,features.5.10,19,0.04932059594799647
600,0.6,ILSVRC2012_val_00003449,features.5.11,20,0.04853373434343667
600,0.6,ILSVRC2012_val_00003449,features.5.12,21,0.04817319233776651
600,0.6,ILSVRC2012_val_00003449,features.5.13,22,0.04714173407581984
600,0.6,ILSVRC2012_val_00003449,features.5.14,23,0.04654289743924164
600,0.6,ILSVRC2012_val_00003449,features.5.15,24,0.04426617921481375
600,0.6,ILSVRC2012_val_00003449,features.5.16,25,0.0445897981468006
600,0.6,ILSVRC2012_val_00003449,features.5.17,26,0.043035396799197774
600,0.6,ILSVRC2012_val_00003449,features.5.18,27,0.043615116711676824
600,0.6,ILSVRC2012_val_00003449,features.5.19,28,0.04304227131222432
600,0.6,ILSVRC2012_val_00003449,features.5.20,29,0.041460773474565935
600,0.6,ILSVRC2012_val_00003449,features.5.21,30,0.041086401972221215
600,0.6,ILSVRC2012_val_00003449,features.5.22,31,0.04118290061768493
600,0.6,ILSVRC2012_val_00003449,features.5.23,32,0.0442552278911462
600,0.6,ILSVRC2012_val_00003449,features.5.24,33,0.04742914931717679
600,0.6,ILSVRC2012_val_00003449,features.5.25,34,0.04966918883656035
600,0.6,ILSVRC2012_val_00003449,features.5.26,35,0.0489083822943503
600,0.6,ILSVRC2012_val_00003449,features.6,36,0.0494001483997854
600,0.6,ILSVRC2012_val_00003449,features.7.0,37,0.04993380471985438
600,0.6,ILSVRC2012_val_00003449,features.7.1,38,0.0508021213185275
600,0.6,ILSVRC2012_val_00003449,features.7.2,39,0.04956337077461649
600,0.6,ILSVRC2012_val_00003449,classifier,40,0.14527016504562928
600,0.6,ILSVRC2012_val_00005130,features.0,0,0.06787561188780819
600,0.6,ILSVRC2012_val_00005130,features.1.0,1,0.0869432003585971
600,0.6,ILSVRC2012_val_00005130,features.1.1,2,0.08708717401488685
600,0.6,ILSVRC2012_val_00005130,features.1.2,3,0.07543517512164544
600,0.6,ILSVRC2012_val_00005130,features.2,4,0.07700745223305422
600,0.6,ILSVRC2012_val_00005130,features.3.0,5,0.0681013763283845
600,0.6,ILSVRC2012_val_00005130,features.3.1,6,0.06519011470011901
600,0.6,ILSVRC2012_val_00005130,features.3.2,7,0.06879111689265119
600,0.6,ILSVRC2012_val_00005130,features.4,8,0.09224664661566202
600,0.6,ILSVRC2012_val_00005130,features.5.0,9,0.09026442375039914
600,0.6,ILSVRC2012_val_00005130,features.5.1,10,0.0867953745323175
600,0.6,ILSVRC2012_val_00005130,features.5.2,11,0.087371051084192
600,0.6,ILSVRC2012_val_00005130,features.5.3,12,0.08784998041574728
600,0.6,ILSVRC2012_val_00005130,features.5.4,13,0.09354249676229665
600,0.6,ILSVRC2012_val_00005130,features.5.5,14,0.09425955133899697
600,0.6,ILSVRC2012_val_00005130,features.5.6,15,0.09267229549383046
600,0.6,ILSVRC2012_val_00005130,features.5.7,16,0.09077369282607106
600,0.6,ILSVRC2012_val_00005130,features.5.8,17,0.09119060573095339
600,0.6,ILSVRC2012_val_00005130,features.5.9,18,0.09026299648176063
600,0.6,ILSVRC2012_val_00005130,features.5.10,19,0.08818842747819144
600,0.6,ILSVRC2012_val_00005130,features.5.11,20,0.08453827293639188
600,0.6,ILSVRC2012_val_00005130,features.5.12,21,0.08054164770501666
600,0.6,ILSVRC2012_val_00005130,features.5.13,22,0.07944276944975719
600,0.6,ILSVRC2012_val_00005130,features.5.14,23,0.07799980868506828
600,0.6,ILSVRC2012_val_00005130,features.5.15,24,0.07538877888629214
600,0.6,ILSVRC2012_val_00005130,features.5.16,25,0.0743728744838154
600,0.6,ILSVRC2012_val_00005130,features.5.17,26,0.072157196544169
600,0.6,ILSVRC2012_val_00005130,features.5.18,27,0.07217572978627868
600,0.6,ILSVRC2012_val_00005130,features.5.19,28,0.0720401002986473
600,0.6,ILSVRC2012_val_00005130,features.5.20,29,0.07130491930962307
600,0.6,ILSVRC2012_val_00005130,features.5.21,30,0.07111147380829788
600,0.6,ILSVRC2012_val_00005130,features.5.22,31,0.07133495387097355
600,0.6,ILSVRC2012_val_00005130,features.5.23,32,0.07295980580925243
600,0.6,ILSVRC2012_val_00005130,features.5.24,33,0.07495403273939155
600,0.6,ILSVRC2012_val_00005130,features.5.25,34,0.07728389341430739
600,0.6,ILSVRC2012_val_00005130,features.5.26,35,0.07856602191839192
600,0.6,ILSVRC2012_val_00005130,features.6,36,0.08177045636996627
600,0.6,ILSVRC2012_val_00005130,features.7.0,37,0.08203099633083913
600,0.6,ILSVRC2012_val_00005130,features.7.1,38,0.08077736363865551
600,0.6,ILSVRC2012_val_00005130,features.7.2,39,0.07882377726113192
600,0.6,ILSVRC2012_val_00005130,classifier,40,0.1544393455889076
600,0.6,ILSVRC2012_val_00006808,features.0,0,0.062267723785480476
600,0.6,ILSVRC2012_val_00006808,features.1.0,1,0.06831937428715174
600,0.6,ILSVRC2012_val_00006808,features.1.1,2,0.08235547500371468
600,0.6,ILSVRC2012_val_00006808,features.1.2,3,0.07715769496397115
600,0.6,ILSVRC2012_val_00006808,features.2,4,0.045038768626342054
600,0.6,ILSVRC2012_val_00006808,features.3.0,5,0.0442139641927497
600,0.6,ILSVRC2012_val_00006808,features.3.1,6,0.04169881037221057
600,0.6,ILSVRC2012_val_00006808,features.3.2,7,0.03696803730155807
600,0.6,ILSVRC2012_val_00006808,features.4,8,0.04851448489542235
600,0.6,ILSVRC2012_val_00006808,features.5.0,9,0.045418086178484376
600,0.6,ILSVRC2012_val_00006808,features.5.1,10,0.04216890367871383
600,0.6,ILSVRC2012_val_00006808,features.5.2,11,0.040494912059919445
600,0.6,ILSVRC2012_val_00006808,features.5.3,12,0.03871530959112715
600,0.6,ILSVRC2012_val_00006808,features.5.4,13,0.03731885662193235
600,0.6,ILSVRC2012_val_00006808,features.5.5,14,0.03568562618528085
600,0.6,ILSVRC2012_val_00006808,features.5.6,15,0.03645713649337995
600,0.6,ILSVRC2012_val_00006808,features.5.7,16,0.03522400957316858
600,0.6,ILSVRC2012_val_00006808,features.5.8,17,0.03460741589027748
600,0.6,ILSVRC2012_val_00006808,features.5.9,18,0.03311799740951392
600,0.6,ILSVRC2012_val_00006808,features.5.10,19,0.03166895480224048
600,0.6,ILSVRC2012_val_00006808,features.5.11,20,0.031403109976468835
600,0.6,ILSVRC2012_val_00006808,features.5.12,21,0.0316181219436985
600,0.6,ILSVRC2012_val_00006808,features.5.13,22,0.03149073410630808
600,0.6,ILSVRC2012_val_00006808,features.5.14,23,0.030863063185941425
600,0.6,ILSVRC2012_val_00006808,features.5.15,24,0.02936165138395154
600,0.6,ILSVRC2012_val_00006808,features.5.16,25,0.029374134879850317
600,0.6,ILSVRC2012_val_00006808,features.5.17,26,0.02889807328612369
600,0.6,ILSVRC2012_val_00006808,features.5.18,27,0.029395849162043304
600,0.6,ILSVRC2012_val_00006808,features.5.19,28,0.030002962912927617
600,0.6,ILSVRC2012_val_00006808,features.5.20,29,0.02969502004046808
600,0.6,ILSVRC2012_val_00006808,features.5.21,30,0.030512126411020288
600,0.6,ILSVRC2012_val_00006808,features.5.22,31,0.03183758976034005
600,0.6,ILSVRC2012_val_00006808,features.5.23,32,0.03276067114964826
600,0.6,ILSVRC2012_val_00006808,features.5.24,33,0.03281471601271187
600,0.6,ILSVRC2012_val_00006808,features.5.25,34,0.033423753590672275
600,0.6,ILSVRC2012_val_00006808,features.5.26,35,0.03306135273480322
600,0.6,ILSVRC2012_val_00006808,features.6,36,0.022935254398093092
600,0.6,ILSVRC2012_val_00006808,features.7.0,37,0.021668322816403816
600,0.6,ILSVRC2012_val_00006808,features.7.1,38,0.019567004260810792
600,0.6,ILSVRC2012_val_00006808,features.7.2,39,0.017987848847027636
600,0.6,ILSVRC2012_val_00006808,classifier,40,0.006637369823409245
600,0.6,ILSVRC2012_val_00010733,features.0,0,0.06928163745685015
600,0.6,ILSVRC2012_val_00010733,features.1.0,1,0.07922022651159204
600,0.6,ILSVRC2012_val_00010733,features.1.1,2,0.07779327044548699
600,0.6,ILSVRC2012_val_00010733,features.1.2,3,0.07281422774720704
600,0.6,ILSVRC2012_val_00010733,features.2,4,0.06422240177099593
600,0.6,ILSVRC2012_val_00010733,features.3.0,5,0.05615703455550829
600,0.6,ILSVRC2012_val_00010733,features.3.1,6,0.05766559110465459
600,0.6,ILSVRC2012_val_00010733,features.3.2,7,0.054907152862288054
600,0.6,ILSVRC2012_val_00010733,features.4,8,0.08400643060141011
600,0.6,ILSVRC2012_val_00010733,features.5.0,9,0.0778456262917607
600,0.6,ILSVRC2012_val_00010733,features.5.1,10,0.07094722785317571
600,0.6,ILSVRC2012_val_00010733,features.5.2,11,0.06766500892397018
600,0.6,ILSVRC2012_val_00010733,features.5.3,12,0.06597616419324186
600,0.6,ILSVRC2012_val_00010733,features.5.4,13,0.06810530547681265
600,0.6,ILSVRC2012_val_00010733,features.5.5,14,0.06781672507699113
600,0.6,ILSVRC2012_val_00010733,features.5.6,15,0.06638689121173229
600,0.6,ILSVRC2012_val_00010733,features.5.7,16,0.06519312751700636
600,0.6,ILSVRC2012_val_00010733,features.5.8,17,0.06435411717527313
600,0.6,ILSVRC2012_val_00010733,features.5.9,18,0.06255937327531864
600,0.6,ILSVRC2012_val_00010733,features.5.10,19,0.06140402619395172
600,0.6,ILSVRC2012_val_00010733,features.5.11,20,0.0592323614723864
600,0.6,ILSVRC2012_val_00010733,features.5.12,21,0.056443621171056294
600,0.6,ILSVRC2012_val_00010733,features.5.13,22,0.055096919738629374
600,0.6,ILSVRC2012_val_00010733,features.5.14,23,0.05396563328220509
600,0.6,ILSVRC2012_val_00010733,features.5.15,24,0.052605082838679665
600,0.6,ILSVRC2012_val_00010733,features.5.16,25,0.05229638473043451
600,0.6,ILSVRC2012_val_00010733,features.5.17,26,0.050541439419379455
600,0.6,ILSVRC2012_val_00010733,features.5.18,27,0.05118693658779376
600,0.6,ILSVRC2012_val_00010733,features.5.19,28,0.05062363866786472
600,0.6,ILSVRC2012_val_00010733,features.5.20,29,0.04954012094321661
600,0.6,ILSVRC2012_val_00010733,features.5.21,30,0.049015222936053766
600,0.6,ILSVRC2012_val_00010733,features.5.22,31,0.048681612988802955
600,0.6,ILSVRC2012_val_00010733,features.5.23,32,0.050180319329767374
600,0.6,ILSVRC2012_val_00010733,features.5.24,33,0.05135621545682079
600,0.6,ILSVRC2012_val_00010733,features.5.25,34,0.05292173000052572
600,0.6,ILSVRC2012_val_00010733,features.5.26,35,0.053014230382279495
600,0.6,ILSVRC2012_val_00010733,features.6,36,0.04050036271827412
600,0.6,ILSVRC2012_val_00010733,features.7.0,37,0.0399648467967636
600,0.6,ILSVRC2012_val_00010733,features.7.1,38,0.03851228687883122
600,0.6,ILSVRC2012_val_00010733,features.7.2,39,0.03538629365815723
600,0.6,ILSVRC2012_val_00010733,classifier,40,0.13356110894563605
600,0.6,ILSVRC2012_val_00014541,features.0,0,0.03661896562392939
600,0.6,ILSVRC2012_val_00014541,features.1.0,1,0.06801067925279493
600,0.6,ILSVRC2012_val_00014541,features.1.1,2,0.06924093305901624
600,0.6,ILSVRC2012_val_00014541,features.1.2,3,0.06440902612335049
600,0.6,ILSVRC2012_val_00014541,features.2,4,0.068211666581803
600,0.6,ILSVRC2012_val_00014541,features.3.0,5,0.06167085137940012
600,0.6,ILSVRC2012_val_00014541,features.3.1,6,0.06038863979210146
600,0.6,ILSVRC2012_val_00014541,features.3.2,7,0.05940297075873241
600,0.6,ILSVRC2012_val_00014541,features.4,8,0.08562698314231237
600,0.6,ILSVRC2012_val_00014541,features.5.0,9,0.08271683984767877
600,0.6,ILSVRC2012_val_00014541,features.5.1,10,0.08080273581517394
600,0.6,ILSVRC2012_val_00014541,features.5.2,11,0.08336551439820324
600,0.6,ILSVRC2012_val_00014541,features.5.3,12,0.085110357436497
600,0.6,ILSVRC2012_val_00014541,features.5.4,13,0.09395538149127969
600,0.6,ILSVRC2012_val_00014541,features.5.5,14,0.09700664529047208
600,0.6,ILSVRC2012_val_00014541,features.5.6,15,0.09595480728536496
600,0.6,ILSVRC2012_val_00014541,features.5.7,16,0.09534497960002046
600,0.6,ILSVRC2012_val_00014541,features.5.8,17,0.09534816009463976
600,0.6,ILSVRC2012_val_00014541,features.5.9,18,0.0954732811426511
600,0.6,ILSVRC2012_val_00014541,features.5.10,19,0.09417926943674684
600,0.6,ILSVRC2012_val_00014541,features.5.11,20,0.09160851874426588
600,0.6,ILSVRC2012_val_00014541,features.5.12,21,0.08756624188361456
600,0.6,ILSVRC2012_val_00014541,features.5.13,22,0.08758376838895494
600,0.6,ILSVRC2012_val_00014541,features.5.14,23,0.086370657396561
600,0.6,ILSVRC2012_val_00014541,features.5.15,24,0.08389170176870539
600,0.6,ILSVRC2012_val_00014541,features.5.16,25,0.08315073202826898
600,0.6,ILSVRC2012_val_00014541,features.5.17,26,0.08129703692157636
600,0.6,ILSVRC2012_val_00014541,features.5.18,27,0.08194278175651562
600,0.6,ILSVRC2012_val_00014541,features.5.19,28,0.08184897328494116
600,0.6,ILSVRC2012_val_00014541,features.5.20,29,0.08167679915169719
600,0.6,ILSVRC2012_val_00014541,features.5.21,30,0.08295884295413271
600,0.6,ILSVRC2012_val_00014541,features.5.22,31,0.08334365294477902
600,0.6,ILSVRC2012_val_00014541,features.5.23,32,0.08538702823943459
600,0.6,ILSVRC2012_val_00014541,features.5.24,33,0.08824000507593155
600,0.6,ILSVRC2012_val_00014541,features.5.25,34,0.09276459774794056
600,0.6,ILSVRC2012_val_00014541,features.5.26,35,0.09577143585868181
600,0.6,ILSVRC2012_val_00014541,features.6,36,0.0910571511174203
600,0.6,ILSVRC2012_val_00014541,features.7.0,37,0.08916974842693891
600,0.6,ILSVRC2012_val_00014541,features.7.1,38,0.08861892236201674
600,0.6,ILSVRC2012_val_00014541,features.7.2,39,0.08742703512037406
600,0.6,ILSVRC2012_val_00014541,classifier,40,0.20906637290411165
600,0.6,ILSVRC2012_val_00018922,features.0,0,0.1663782501165697
600,0.6,ILSVRC2012_val_00018922,features.1.0,1,0.15304490255354902
600,0.6,ILSVRC2012_val_00018922,features.1.1,2,0.14412002199003474
600,0.6,ILSVRC2012_val_00018922,features.1.2,3,0.13245625918585574
600,0.6,ILSVRC2012_val_00018922,features.2,4,0.09916906249438762
600,0.6,ILSVRC2012_val_00018922,features.3.0,5,0.08848524196061772
600,0.6,ILSVRC2012_val_00018922,features.3.1,6,0.09239155016909353
600,0.6,ILSVRC2012_val_00018922,features.3.2,7,0.09362458262825385
600,0.6,ILSVRC2012_val_00018922,features.4,8,0.10910913913993864
600,0.6,ILSVRC2012_val_00018922,features.5.0,9,0.1055368277814996
600,0.6,ILSVRC2012_val_00018922,features.5.1,10,0.09460991757165174
600,0.6,ILSVRC2012_val_00018922,features.5.2,11,0.09003270711383084
600,0.6,ILSVRC2012_val_00018922,features.5.3,12,0.0881646439191536
600,0.6,ILSVRC2012_val_00018922,features.5.4,13,0.09004016951960513
600,0.6,ILSVRC2012_val_00018922,features.5.5,14,0.08733618913620012
600,0.6,ILSVRC2012_val_00018922,features.5.6,15,0.08366340820633922
600,0.6,ILSVRC2012_val_00018922,features.5.7,16,0.08058876776864055
600,0.6,ILSVRC2012_val_00018922,features.5.8,17,0.08111694124373026
600,0.6,ILSVRC2012_val_00018922,features.5.9,18,0.07895954569178866
600,0.6,ILSVRC2012_val_00018922,features.5.10,19,0.07690454200335081
600,0.6,ILSVRC2012_val_00018922,features.5.11,20,0.07397835776643479
600,0.6,ILSVRC2012_val_00018922,features.5.12,21,0.07218601925548865
600,0.6,ILSVRC2012_val_00018922,features.5.13,22,0.07093633658543695
600,0.6,ILSVRC2012_val_00018922,features.5.14,23,0.07083031021273928
600,0.6,ILSVRC2012_val_00018922,features.5.15,24,0.0683591887690127
600,0.6,ILSVRC2012_val_00018922,features.5.16,25,0.06843279002263444
600,0.6,ILSVRC2012_val_00018922,features.5.17,26,0.0656410853380803
600,0.6,ILSVRC2012_val_00018922,features.5.18,27,0.06711293603247032
600,0.6,ILSVRC2012_val_00018922,features.5.19,28,0.06772011912317248
600,0.6,ILSVRC2012_val_00018922,features.5.20,29,0.06748330850334605
600,0.6,ILSVRC2012_val_00018922,features.5.21,30,0.06794517045066459
600,0.6,ILSVRC2012_val_00018922,features.5.22,31,0.06677253690001089
600,0.6,ILSVRC2012_val_00018922,features.5.23,32,0.06990994055516786
600,0.6,ILSVRC2012_val_00018922,features.5.24,33,0.07194757044612198
600,0.6,ILSVRC2012_val_00018922,features.5.25,34,0.0753025917794148
600,0.6,ILSVRC2012_val_00018922,features.5.26,35,0.07614736819479731
600,0.6,ILSVRC2012_val_00018922,features.6,36,0.06102925115867402
600,0.6,ILSVRC2012_val_00018922,features.7.0,37,0.05961821681170841
600,0.6,ILSVRC2012_val_00018922,features.7.1,38,0.05784238847298548
600,0.6,ILSVRC2012_val_00018922,features.7.2,39,0.054842275824397796
600,0.6,ILSVRC2012_val_00018922,classifier,40,0.1901929658896988
600,0.6,ILSVRC2012_val_00025924,features.0,0,0.03967992719879839
600,0.6,ILSVRC2012_val_00025924,features.1.0,1,0.05316623013757635
600,0.6,ILSVRC2012_val_00025924,features.1.1,2,0.0643411962587852
600,0.6,ILSVRC2012_val_00025924,features.1.2,3,0.05452708595211152
600,0.6,ILSVRC2012_val_00025924,features.2,4,0.040520151166419965
600,0.6,ILSVRC2012_val_00025924,features.3.0,5,0.03832097294885898
600,0.6,ILSVRC2012_val_00025924,features.3.1,6,0.04004109512083232
600,0.6,ILSVRC2012_val_00025924,features.3.2,7,0.03374459749169183
600,0.6,ILSVRC2012_val_00025924,features.4,8,0.04718004464516707
600,0.6,ILSVRC2012_val_00025924,features.5.0,9,0.04481580397865037
600,0.6,ILSVRC2012_val_00025924,features.5.1,10,0.04178746063803555
600,0.6,ILSVRC2012_val_00025924,features.5.2,11,0.04150096701356233
600,0.6,ILSVRC2012_val_00025924,features.5.3,12,0.04251817722988198
600,0.6,ILSVRC2012_val_00025924,features.5.4,13,0.044802043203351787
600,0.6,ILSVRC2012_val_00025924,features.5.5,14,0.044829612705769246
600,0.6,ILSVRC2012_val_00025924,features.5.6,15,0.04529567458698876
600,0.6,ILSVRC2012_val_00025924,features.5.7,16,0.04422640376002528
600,0.6,ILSVRC2012_val_00025924,features.5.8,17,0.04441257471378776
600,0.6,ILSVRC2012_val_00025924,features.5.9,18,0.043496433107706255
600,0.6,ILSVRC2012_val_00025924,features.5.10,19,0.04293933473172365
600,0.6,ILSVRC2012_val_00025924,features.5.11,20,0.04196407672646456
600,0.6,ILSVRC2012_val_00025924,features.5.12,21,0.041187500442552843
600,0.6,ILSVRC2012_val_00025924,features.5.13,22,0.040397282392572384
600,0.6,ILSVRC2012_val_00025924,features.5.14,23,0.040509454137703876
600,0.6,ILSVRC2012_val_00025924,features.5.15,24,0.03947404534230009
600,0.6,ILSVRC2012_val_00025924,features.5.16,25,0.03962444695434533
600,0.6,ILSVRC2012_val_00025924,features.5.17,26,0.038525874787184874
600,0.6,ILSVRC2012_val_00025924,features.5.18,27,0.03891914460936095
600,0.6,ILSVRC2012_val_00025924,features.5.19,28,0.038903548871749086
600,0.6,ILSVRC2012_val_00025924,features.5.20,29,0.03859089835127816
600,0.6,ILSVRC2012_val_00025924,features.5.21,30,0.03992685027071275
600,0.6,ILSVRC2012_val_00025924,features.5.22,31,0.04120314224576578
600,0.6,ILSVRC2012_val_00025924,features.5.23,32,0.044280012293485924
600,0.6,ILSVRC2012_val_00025924,features.5.24,33,0.046451694658258935
600,0.6,ILSVRC2012_val_00025924,features.5.25,34,0.04955737131508067
600,0.6,ILSVRC2012_val_00025924,features.5.26,35,0.05048892176733352
600,0.6,ILSVRC2012_val_00025924,features.6,36,0.04410450004378799
600,0.6,ILSVRC2012_val_00025924,features.7.0,37,0.04387386448596954
600,0.6,ILSVRC2012_val_00025924,features.7.1,38,0.042149894532456524
600,0.6,ILSVRC2012_val_00025924,features.7.2,39,0.03940685078405659
600,0.6,ILSVRC2012_val_00025924,classifier,40,0.09576106878835708
600,0.6,ILSVRC2012_val_00027450,features.0,0,0.030608016682643208
600,0.6,ILSVRC2012_val_00027450,features.1.0,1,0.051645507372333664
600,0.6,ILSVRC2012_val_00027450,features.1.1,2,0.058214995143585836
600,0.6,ILSVRC2012_val_00027450,features.1.2,3,0.053907679132011256
600,0.6,ILSVRC2012_val_00027450,features.2,4,0.05695252216095105
600,0.6,ILSVRC2012_val_00027450,features.3.0,5,0.05226674868783447
600,0.6,ILSVRC2012_val_00027450,features.3.1,6,0.05154705572500824
600,0.6,ILSVRC2012_val_00027450,features.3.2,7,0.05041528176655993
600,0.6,ILSVRC2012_val_00027450,features.4,8,0.07474735911833705
600,0.6,ILSVRC2012_val_00027450,features.5.0,9,0.06833389105746755
600,0.6,ILSVRC2012_val_00027450,features.5.1,10,0.06352133892301937
600,0.6,ILSVRC2012_val_00027450,features.5.2,11,0.06369121627794812
600,0.6,ILSVRC2012_val_00027450,features.5.3,12,0.06229570726236853
600,0.6,ILSVRC2012_val_00027450,features.5.4,13,0.06626932355877943
600,0.6,ILSVRC2012_val_00027450,features.5.5,14,0.06606502960203216
600,0.6,ILSVRC2012_val_00027450,features.5.6,15,0.06367029420123435
600,0.6,ILSVRC2012_val_00027450,features.5.7,16,0.06182560101491981
600,0.6,ILSVRC2012_val_00027450,features.5.8,17,0.06116368811298162
600,0.6,ILSVRC2012_val_00027450,features.5.9,18,0.05944605323032011
600,0.6,ILSVRC2012_val_00027450,features.5.10,19,0.05746923197439173
600,0.6,ILSVRC2012_val_00027450,features.5.11,20,0.05502312332950532
600,0.6,ILSVRC2012_val_00027450,features.5.12,21,0.052180279636988416
600,0.6,ILSVRC2012_val_00027450,features.5.13,22,0.05167032914268201
600,0.6,ILSVRC2012_val_00027450,features.5.14,23,0.05127793930482585
600,0.6,ILSVRC2012_val_00027450,features.5.15,24,0.04895529625134077
600,0.6,ILSVRC2012_val_00027450,features.5.16,25,0.048441660893789956
600,0.6,ILSVRC2012_val_00027450,features.5.17,26,0.046444550178537616
600,0.6,ILSVRC2012_val_00027450,features.5.18,27,0.047187512311327735
600,0.6,ILSVRC2012_val_00027450,features.5.19,28,0.04658909094089177
600,0.6,ILSVRC2012_val_00027450,features.5.20,29,0.04654477761243471
600,0.6,ILSVRC2012_val_00027450,features.5.21,30,0.046506149251130405
600,0.6,ILSVRC2012_val_00027450,features.5.22,31,0.04640938056004233
600,0.6,ILSVRC2012_val_00027450,features.5.23,32,0.04851034768228419
600,0.6,ILSVRC2012_val_00027450,features.5.24,33,0.05118889098800719
600,0.6,ILSVRC2012_val_00027450,features.5.25,34,0.054392062165075916
600,0.6,ILSVRC2012_val_00027450,features.5.26,35,0.05722422234842088
600,0.6,ILSVRC2012_val_00027450,features.6,36,0.05309357705968432
600,0.6,ILSVRC2012_val_00027450,features.7.0,37,0.05248235642234794
600,0.6,ILSVRC2012_val_00027450,features.7.1,38,0.051353541292861335
600,0.6,ILSVRC2012_val_00027450,features.7.2,39,0.04938296763395192
600,0.6,ILSVRC2012_val_00027450,classifier,40,0.13271446314966306
600,0.6,ILSVRC2012_val_00029063,features.0,0,0.021647313738023515
600,0.6,ILSVRC2012_val_00029063,features.1.0,1,0.052649212608084785
600,0.6,ILSVRC2012_val_00029063,features.1.1,2,0.061426863646425765
600,0.6,ILSVRC2012_val_00029063,features.1.2,3,0.06085310834459961
600,0.6,ILSVRC2012_val_00029063,features.2,4,0.054167091369861746
600,0.6,ILSVRC2012_val_00029063,features.3.0,5,0.05117693148739636
600,0.6,ILSVRC2012_val_00029063,features.3.1,6,0.050711447927984404
600,0.6,ILSVRC2012_val_00029063,features.3.2,7,0.04669619376538321
600,0.6,ILSVRC2012_val_00029063,features.4,8,0.0691863919859752
600,0.6,ILSVRC2012_val_00029063,features.5.0,9,0.06392767896081204
600,0.6,ILSVRC2012_val_00029063,features.5.1,10,0.06056449209956918
600,0.6,ILSVRC2012_val_00029063,features.5.2,11,0.061147724720241964
600,0.6,ILSVRC2012_val_00029063,features.5.3,12,0.06253775008523371
600,0.6,ILSVRC2012_val_00029063,features.5.4,13,0.06381478326523211
600,0.6,ILSVRC2012_val_00029063,features.5.5,14,0.06355160042259377
600,0.6,ILSVRC2012_val_00029063,features.5.6,15,0.06307678224355914
600,0.6,ILSVRC2012_val_00029063,features.5.7,16,0.06117619301995728
600,0.6,ILSVRC2012_val_00029063,features.5.8,17,0.05731800762866624
600,0.6,ILSVRC2012_val_00029063,features.5.9,18,0.05588818539772182
600,0.6,ILSVRC2012_val_00029063,features.5.10,19,0.053850123935844756
600,0.6,ILSVRC2012_val_00029063,features.5.11,20,0.05127201454399619
600,0.6,ILSVRC2012_val_00029063,features.5.12,21,0.049548999325081236
600,0.6,ILSVRC2012_val_00029063,features.5.13,22,0.04944644833542407
600,0.6,ILSVRC2012_val_00029063,features.5.14,23,0.04925795330628171
600,0.6,ILSVRC2012_val_00029063,features.5.15,24,0.04713405693616368
600,0.6,ILSVRC2012_val_00029063,features.5.16,25,0.04696958700660617
600,0.6,ILSVRC2012_val_00029063,features.5.17,26,0.04555678633443313
600,0.6,ILSVRC2012_val_00029063,features.5.18,27,0.046109150864765976
600,0.6,ILSVRC2012_val_00029063,features.5.19,28,0.04653609368752222
600,0.6,ILSVRC2012_val_00029063,features.5.20,29,0.04614187618542928
600,0.6,ILSVRC2012_val_00029063,features.5.21,30,0.04672760177307646
600,0.6,ILSVRC2012_val_00029063,features.5.22,31,0.04607355378457578
600,0.6,ILSVRC2012_val_00029063,features.5.23,32,0.04799813607579563
600,0.6,ILSVRC2012_val_00029063,features.5.24,33,0.04955122527229833
600,0.6,ILSVRC2012_val_00029063,features.5.25,34,0.05153456059482415
600,0.6,ILSVRC2012_val_00029063,features.5.26,35,0.05070620634223451
600,0.6,ILSVRC2012_val_00029063,features.6,36,0.056890956766583255
600,0.6,ILSVRC2012_val_00029063,features.7.0,37,0.056917507354693954
600,0.6,ILSVRC2012_val_00029063,features.7.1,38,0.055065253239707096
600,0.6,ILSVRC2012_val_00029063,features.7.2,39,0.05240583269592026
600,0.6,ILSVRC2012_val_00029063,classifier,40,0.15009325224393977
600,0.6,ILSVRC2012_val_00030419,features.0,0,0.04455011285204091
600,0.6,ILSVRC2012_val_00030419,features.1.0,1,0.0776140860383166
600,0.6,ILSVRC2012_val_00030419,features.1.1,2,0.08424651034490671
600,0.6,ILSVRC2012_val_00030419,features.1.2,3,0.06714194431033683
600,0.6,ILSVRC2012_val_00030419,features.2,4,0.057256526457029396
600,0.6,ILSVRC2012_val_00030419,features.3.0,5,0.0626960411868058
600,0.6,ILSVRC2012_val_00030419,features.3.1,6,0.06421383830439299
600,0.6,ILSVRC2012_val_00030419,features.3.2,7,0.05752207122283289
600,0.6,ILSVRC2012_val_00030419,features.4,8,0.09785359105296083
600,0.6,ILSVRC2012_val_00030419,features.5.0,9,0.09453172488074052
600,0.6,ILSVRC2012_val_00030419,features.5.1,10,0.08954293046353268
600,0.6,ILSVRC2012_val_00030419,features.5.2,11,0.08965399863000492
600,0.6,ILSVRC2012_val_00030419,features.5.3,12,0.09125363012598245
600,0.6,ILSVRC2012_val_00030419,features.5.4,13,0.09689359628688544
600,0.6,ILSVRC2012_val_00030419,features.5.5,14,0.09869392498786328
600,0.6,ILSVRC2012_val_00030419,features.5.6,15,0.09832256807797239
600,0.6,ILSVRC2012_val_00030419,features.5.7,16,0.09711199302395107
600,0.6,ILSVRC2012_val_00030419,features.5.8,17,0.09377102319759432
600,0.6,ILSVRC2012_val_00030419,features.5.9,18,0.09200349988898962
600,0.6,ILSVRC2012_val_00030419,features.5.10,19,0.08925601639080559
600,0.6,ILSVRC2012_val_00030419,features.5.11,20,0.08533770468883448
600,0.6,ILSVRC2012_val_00030419,features.5.12,21,0.08297559709765483
600,0.6,ILSVRC2012_val_00030419,features.5.13,22,0.08132820119068492
600,0.6,ILSVRC2012_val_00030419,features.5.14,23,0.07990094160073204
600,0.6,ILSVRC2012_val_00030419,features.5.15,24,0.07717191079567419
600,0.6,ILSVRC2012_val_00030419,features.5.16,25,0.07524404103448615
600,0.6,ILSVRC2012_val_00030419,features.5.17,26,0.07192570211197016
600,0.6,ILSVRC2012_val_00030419,features.5.18,27,0.07237035765155451
600,0.6,ILSVRC2012_val_00030419,features.5.19,28,0.07347743318314315
600,0.6,ILSVRC2012_val_00030419,features.5.20,29,0.07348829381493852
600,0.6,ILSVRC2012_val_00030419,features.5.21,30,0.07563713209109847
600,0.6,ILSVRC2012_val_00030419,features.5.22,31,0.07758395583667152
600,0.6,ILSVRC2012_val_00030419,features.5.23,32,0.08111530673207017
600,0.6,ILSVRC2012_val_00030419,features.5.24,33,0.08477378252078778
600,0.6,ILSVRC2012_val_00030419,features.5.25,34,0.089372516234871
600,0.6,ILSVRC2012_val_00030419,features.5.26,35,0.0913669127661269
600,0.6,ILSVRC2012_val_00030419,features.6,36,0.07837352011428447
600,0.6,ILSVRC2012_val_00030419,features.7.0,37,0.07802528610246373
600,0.6,ILSVRC2012_val_00030419,features.7.1,38,0.07717671567387879
600,0.6,ILSVRC2012_val_00030419,features.7.2,39,0.07507412450562696
600,0.6,ILSVRC2012_val_00030419,classifier,40,0.16343728644913064
600,0.6,ILSVRC2012_val_00030425,features.0,0,0.06044314151426079
600,0.6,ILSVRC2012_val_00030425,features.1.0,1,0.05480663570424077
600,0.6,ILSVRC2012_val_00030425,features.1.1,2,0.07265088943505543
600,0.6,ILSVRC2012_val_00030425,features.1.2,3,0.06731640571489697
600,0.6,ILSVRC2012_val_00030425,features.2,4,0.05286228907544864
600,0.6,ILSVRC2012_val_00030425,features.3.0,5,0.04771027871628758
600,0.6,ILSVRC2012_val_00030425,features.3.1,6,0.04260652092925739
600,0.6,ILSVRC2012_val_00030425,features.3.2,7,0.037180688350694255
600,0.6,ILSVRC2012_val_00030425,features.4,8,0.053758416605036476
600,0.6,ILSVRC2012_val_00030425,features.5.0,9,0.04822140846293769
600,0.6,ILSVRC2012_val_00030425,features.5.1,10,0.04427670195300015
600,0.6,ILSVRC2012_val_00030425,features.5.2,11,0.04190876578450843
600,0.6,ILSVRC2012_val_00030425,features.5.3,12,0.040115340681382804
600,0.6,ILSVRC2012_val_00030425,features.5.4,13,0.0391268090058511
600,0.6,ILSVRC2012_val_00030425,features.5.5,14,0.03930321590816311
600,0.6,ILSVRC2012_val_00030425,features.5.6,15,0.03782562090702413
600,0.6,ILSVRC2012_val_00030425,features.5.7,16,0.03662986173476383
600,0.6,ILSVRC2012_val_00030425,features.5.8,17,0.03728698011006054
600,0.6,ILSVRC2012_val_00030425,features.5.9,18,0.03715661635043216
600,0.6,ILSVRC2012_val_00030425,features.5.10,19,0.03708306635868211
600,0.6,ILSVRC2012_val_00030425,features.5.11,20,0.03644929474242963
600,0.6,ILSVRC2012_val_00030425,features.5.12,21,0.036768396394421865
600,0.6,ILSVRC2012_val_00030425,features.5.13,22,0.03566442239747266
600,0.6,ILSVRC2012_val_00030425,features.5.14,23,0.03550933747351519
600,0.6,ILSVRC2012_val_00030425,features.5.15,24,0.03430375107600412
600,0.6,ILSVRC2012_val_00030425,features.5.16,25,0.0340457574671018
600,0.6,ILSVRC2012_val_00030425,features.5.17,26,0.033617853466508675
600,0.6,ILSVRC2012_val_00030425,features.5.18,27,0.034258034974394835
600,0.6,ILSVRC2012_val_00030425,features.5.19,28,0.03443962054591975
600,0.6,ILSVRC2012_val_00030425,features.5.20,29,0.03453416976868175
600,0.6,ILSVRC2012_val_00030425,features.5.21,30,0.03516096609961823
600,0.6,ILSVRC2012_val_00030425,features.5.22,31,0.0355546380004962
600,0.6,ILSVRC2012_val_00030425,features.5.23,32,0.03724179434991674
600,0.6,ILSVRC2012_val_00030425,features.5.24,33,0.039556582266290205
600,0.6,ILSVRC2012_val_00030425,features.5.25,34,0.04105467215101817
600,0.6,ILSVRC2012_val_00030425,features.5.26,35,0.042201200583425816
600,0.6,ILSVRC2012_val_00030425,features.6,36,0.03318292641738663
600,0.6,ILSVRC2012_val_00030425,features.7.0,37,0.031406041595648276
600,0.6,ILSVRC2012_val_00030425,features.7.1,38,0.029055572790064616
600,0.6,ILSVRC2012_val_00030425,features.7.2,39,0.02756869525651564
600,0.6,ILSVRC2012_val_00030425,classifier,40,0.06480350691149941
600,0.6,ILSVRC2012_val_00035318,features.0,0,0.11664612369786483
600,0.6,ILSVRC2012_val_00035318,features.1.0,1,0.18768282073352022
600,0.6,ILSVRC2012_val_00035318,features.1.1,2,0.1543108507930301
600,0.6,ILSVRC2012_val_00035318,features.1.2,3,0.12932782898051665
600,0.6,ILSVRC2012_val_00035318,features.2,4,0.12423041019984522
600,0.6,ILSVRC2012_val_00035318,features.3.0,5,0.11035123759193811
600,0.6,ILSVRC2012_val_00035318,features.3.1,6,0.10342833144427277
600,0.6,ILSVRC2012_val_00035318,features.3.2,7,0.11083634842466564
600,0.6,ILSVRC2012_val_00035318,features.4,8,0.13273449374802293
600,0.6,ILSVRC2012_val_00035318,features.5.0,9,0.12471304240223252
600,0.6,ILSVRC2012_val_00035318,features.5.1,10,0.11418541175400607
600,0.6,ILSVRC2012_val_00035318,features.5.2,11,0.11334514628828038
600,0.6,ILSVRC2012_val_00035318,features.5.3,12,0.11202382700960152
600,0.6,ILSVRC2012_val_00035318,features.5.4,13,0.11825191533204633
600,0.6,ILSVRC2012_val_00035318,features.5.5,14,0.11921463979710825
600,0.6,ILSVRC2012_val_00035318,features.5.6,15,0.11643914370553103
600,0.6,ILSVRC2012_val_00035318,features.5.7,16,0.11202067215525312
600,0.6,ILSVRC2012_val_00035318,features.5.8,17,0.11078664341324475
600,0.6,ILSVRC2012_val_00035318,features.5.9,18,0.10928829889392364
600,0.6,ILSVRC2012_val_00035318,features.5.10,19,0.10133755643252515
600,0.6,ILSVRC2012_val_00035318,features.5.11,20,0.09469464349810733
600,0.6,ILSVRC2012_val_00035318,features.5.12,21,0.08856034844985697
600,0.6,ILSVRC2012_val_00035318,features.5.13,22,0.08713830035366119
600,0.6,ILSVRC2012_val_00035318,features.5.14,23,0.08509708421153483
600,0.6,ILSVRC2012_val_00035318,features.5.15,24,0.07840911628701724
600,0.6,ILSVRC2012_val_00035318,features.5.16,25,0.07694375954120188
600,0.6,ILSVRC2012_val_00035318,features.5.17,26,0.07311188590642996
600,0.6,ILSVRC2012_val_00035318,features.5.18,27,0.07258124004595447
600,0.6,ILSVRC2012_val_00035318,features.5.19,28,0.07175963073398453
600,0.6,ILSVRC2012_val_00035318,features.5.20,29,0.0699692655383842
600,0.6,ILSVRC2012_val_00035318,features.5.21,30,0.06947396472049877
600,0.6,ILSVRC2012_val_00035318,features.5.22,31,0.06805674003978493
600,0.6,ILSVRC2012_val_00035318,features.5.23,32,0.06859423438843805
600,0.6,ILSVRC2012_val_00035318,features.5.24,33,0.06898770947556478
600,0.6,ILSVRC2012_val_00035318,features.5.25,34,0.07174577007628977
600,0.6,ILSVRC2012_val_00035318,features.5.26,35,0.07400631612841972
600,0.6,ILSVRC2012_val_00035318,features.6,36,0.05457457825062738
600,0.6,ILSVRC2012_val_00035318,features.7.0,37,0.05376959707628703
600,0.6,ILSVRC2012_val_00035318,features.7.1,38,0.0518510509939806
600,0.6,ILSVRC2012_val_00035318,features.7.2,39,0.04999095558663248
600,0.6,ILSVRC2012_val_00035318,classifier,40,0.15385649112728425
600,0.6,ILSVRC2012_val_00035574,features.0,0,0.045377396004652834
600,0.6,ILSVRC2012_val_00035574,features.1.0,1,0.05015195738594047
600,0.6,ILSVRC2012_val_00035574,features.1.1,2,0.0586589872733457
600,0.6,ILSVRC2012_val_00035574,features.1.2,3,0.05413198935810942
600,0.6,ILSVRC2012_val_00035574,features.2,4,0.047652986435103226
600,0.6,ILSVRC2012_val_00035574,features.3.0,5,0.04070542604936054
600,0.6,ILSVRC2012_val_00035574,features.3.1,6,0.04209460176673019
600,0.6,ILSVRC2012_val_00035574,features.3.2,7,0.041467045732773836
600,0.6,ILSVRC2012_val_00035574,features.4,8,0.05705502914427779
600,0.6,ILSVRC2012_val_00035574,features.5.0,9,0.05378290111941169
600,0.6,ILSVRC2012_val_00035574,features.5.1,10,0.04770275429985486
600,0.6,ILSVRC2012_val_00035574,features.5.2,11,0.04628785089924349
600,0.6,ILSVRC2012_val_00035574,features.5.3,12,0.04393865772086428
600,0.6,ILSVRC2012_val_00035574,features.5.4,13,0.04495120206527645
600,0.6,ILSVRC2012_val_00035574,features.5.5,14,0.045244108008278994
600,0.6,ILSVRC2012_val_00035574,features.5.6,15,0.044003626795281886
600,0.6,ILSVRC2012_val_00035574,features.5.7,16,0.043509024382976345
600,0.6,ILSVRC2012_val_00035574,features.5.8,17,0.042506039462998156
600,0.6,ILSVRC2012_val_00035574,features.5.9,18,0.04204756153945346
600,0.6,ILSVRC2012_val_00035574,features.5.10,19,0.04044979473907733
600,0.6,ILSVRC2012_val_00035574,features.5.11,20,0.03873628545034444
600,0.6,ILSVRC2012_val_00035574,features.5.12,21,0.037620535710695555
600,0.6,ILSVRC2012_val_00035574,features.5.13,22,0.03713698793164803
600,0.6,ILSVRC2012_val_00035574,features.5.14,23,0.0379349345821247
600,0.6,ILSVRC2012_val_00035574,features.5.15,24,0.0371020431642246
600,0.6,ILSVRC2012_val_00035574,features.5.16,25,0.036695725985744505
600,0.6,ILSVRC2012_val_00035574,features.5.17,26,0.0354419638794061
600,0.6,ILSVRC2012_val_00035574,features.5.18,27,0.0361376001239405
600,0.6,ILSVRC2012_val_00035574,features.5.19,28,0.03648333206976531
600,0.6,ILSVRC2012_val_00035574,features.5.20,29,0.03531912829561043
600,0.6,ILSVRC2012_val_00035574,features.5.21,30,0.036062992501712875
600,0.6,ILSVRC2012_val_00035574,features.5.22,31,0.03601502622035332
600,0.6,ILSVRC2012_val_00035574,features.5.23,32,0.03699394371535163
600,0.6,ILSVRC2012_val_00035574,features.5.24,33,0.03800505554821575
600,0.6,ILSVRC2012_val_00035574,features.5.25,34,0.039708411603001884
600,0.6,ILSVRC2012_val_00035574,features.5.26,35,0.039643744122702634
600,0.6,ILSVRC2012_val_00035574,features.6,36,0.034692408230388536
600,0.6,ILSVRC2012_val_00035574,features.7.0,37,0.03461441822021152
600,0.6,ILSVRC2012_val_00035574,features.7.1,38,0.03328445239720168
600,0.6,ILSVRC2012_val_00035574,features.7.2,39,0.030439289880916476
600,0.6,ILSVRC2012_val_00035574,classifier,40,0.07313859970134218
600,0.6,ILSVRC2012_val_00036158,features.0,0,0.06028176485447329
600,0.6,ILSVRC2012_val_00036158,features.1.0,1,0.05559836544969585
600,0.6,ILSVRC2012_val_00036158,features.1.1,2,0.07190040169312852
600,0.6,ILSVRC2012_val_00036158,features.1.2,3,0.05978679668798577
600,0.6,ILSVRC2012_val_00036158,features.2,4,0.03555881088023306
600,0.6,ILSVRC2012_val_00036158,features.3.0,5,0.045335628797998656
600,0.6,ILSVRC2012_val_00036158,features.3.1,6,0.051768526381405534
600,0.6,ILSVRC2012_val_00036158,features.3.2,7,0.04802290195110254
600,0.6,ILSVRC2012_val_00036158,features.4,8,0.07327867564419284
600,0.6,ILSVRC2012_val_00036158,features.5.0,9,0.07288343351166986
600,0.6,ILSVRC2012_val_00036158,features.5.1,10,0.06748947124517872
600,0.6,ILSVRC2012_val_00036158,features.5.2,11,0.0662427765429602
600,0.6,ILSVRC2012_val_00036158,features.5.3,12,0.06770953770457709
600,0.6,ILSVRC2012_val_00036158,features.5.4,13,0.06582995340006892
600,0.6,ILSVRC2012_val_00036158,features.5.5,14,0.06426671646250179
600,0.6,ILSVRC2012_val_00036158,features.5.6,15,0.06411927686014679
600,0.6,ILSVRC2012_val_00036158,features.5.7,16,0.06302980039533577
600,0.6,ILSVRC2012_val_00036158,features.5.8,17,0.06096850927860941
600,0.6,ILSVRC2012_val_00036158,features.5.9,18,0.05849840152577962
600,0.6,ILSVRC2012_val_00036158,features.5.10,19,0.05667407301531057
600,0.6,ILSVRC2012_val_00036158,features.5.11,20,0.05285669989700546
600,0.6,ILSVRC2012_val_00036158,features.5.12,21,0.052378771304414845
600,0.6,ILSVRC2012_val_00036158,features.5.13,22,0.05102522284552106
600,0.6,ILSVRC2012_val_00036158,features.5.14,23,0.05018995010736399
600,0.6,ILSVRC2012_val_00036158,features.5.15,24,0.04935420539684128
600,0.6,ILSVRC2012_val_00036158,features.5.16,25,0.04736864644874004
600,0.6,ILSVRC2012_val_00036158,features.5.17,26,0.046284112119581555
600,0.6,ILSVRC2012_val_00036158,features.5.18,27,0.04669301082228776
600,0.6,ILSVRC2012_val_00036158,features.5.19,28,0.0459580166102387
600,0.6,ILSVRC2012_val_00036158,features.5.20,29,0.04538914286397631
600,0.6,ILSVRC2012_val_00036158,features.5.21,30,0.045311229527316754
600,0.6,ILSVRC2012_val_00036158,features.5.22,31,0.045984357608685966
600,0.6,ILSVRC2012_val_00036158,features.5.23,32,0.04722639373707352
600,0.6,ILSVRC2012_val_00036158,features.5.24,33,0.047155701081617735
600,0.6,ILSVRC2012_val_00036158,features.5.25,34,0.0492859064709046
600,0.6,ILSVRC2012_val_00036158,features.5.26,35,0.04966119798910222
600,0.6,ILSVRC2012_val_00036158,features.6,36,0.02737592091373517
600,0.6,ILSVRC2012_val_00036158,features.7.0,37,0.02775959675814374
600,0.6,ILSVRC2012_val_00036158,features.7.1,38,0.02577874092952697
600,0.6,ILSVRC2012_val_00036158,features.7.2,39,0.02304016753629548
600,0.6,ILSVRC2012_val_00036158,classifier,40,0.04673508965212386
600,0.6,ILSVRC2012_val_00041330,features.0,0,-0.009403016842145007
600,0.6,ILSVRC2012_val_00041330,features.1.0,1,0.016971606928767872
600,0.6,ILSVRC2012_val_00041330,features.1.1,2,0.02525988275470445
600,0.6,ILSVRC2012_val_00041330,features.1.2,3,0.02242324257583823
600,0.6,ILSVRC2012_val_00041330,features.2,4,0.03595901805683388
600,0.6,ILSVRC2012_val_00041330,features.3.0,5,0.03466274061033619
600,0.6,ILSVRC2012_val_00041330,features.3.1,6,0.036886538610444414
600,0.6,ILSVRC2012_val_00041330,features.3.2,7,0.03137310915082344
600,0.6,ILSVRC2012_val_00041330,features.4,8,0.048458957186987395
600,0.6,ILSVRC2012_val_00041330,features.5.0,9,0.04394900835079898
600,0.6,ILSVRC2012_val_00041330,features.5.1,10,0.04345349101064494
600,0.6,ILSVRC2012_val_00041330,features.5.2,11,0.044664474452365543
600,0.6,ILSVRC2012_val_00041330,features.5.3,12,0.04846938022211543
600,0.6,ILSVRC2012_val_00041330,features.5.4,13,0.0549626742292603
600,0.6,ILSVRC2012_val_00041330,features.5.5,14,0.05599088472366566
600,0.6,ILSVRC2012_val_00041330,features.5.6,15,0.056636090335392505
600,0.6,ILSVRC2012_val_00041330,features.5.7,16,0.05419427433864621
600,0.6,ILSVRC2012_val_00041330,features.5.8,17,0.05301256188668776
600,0.6,ILSVRC2012_val_00041330,features.5.9,18,0.05260224987348193
600,0.6,ILSVRC2012_val_00041330,features.5.10,19,0.05056322288748925
600,0.6,ILSVRC2012_val_00041330,features.5.11,20,0.050196257893432635
600,0.6,ILSVRC2012_val_00041330,features.5.12,21,0.04956863110751146
600,0.6,ILSVRC2012_val_00041330,features.5.13,22,0.04851594397056033
600,0.6,ILSVRC2012_val_00041330,features.5.14,23,0.04773031009381521
600,0.6,ILSVRC2012_val_00041330,features.5.15,24,0.045926351265210545
600,0.6,ILSVRC2012_val_00041330,features.5.16,25,0.046243299160443715
600,0.6,ILSVRC2012_val_00041330,features.5.17,26,0.04507355736805766
600,0.6,ILSVRC2012_val_00041330,features.5.18,27,0.04822176965634571
600,0.6,ILSVRC2012_val_00041330,features.5.19,28,0.048520193399977866
600,0.6,ILSVRC2012_val_00041330,features.5.20,29,0.04809979776310501
600,0.6,ILSVRC2012_val_00041330,features.5.21,30,0.04977215233055176
600,0.6,ILSVRC2012_val_00041330,features.5.22,31,0.04985932060261257
600,0.6,ILSVRC2012_val_00041330,features.5.23,32,0.053105791622016105
600,0.6,ILSVRC2012_val_00041330,features.5.24,33,0.05346597387710063
600,0.6,ILSVRC2012_val_00041330,features.5.25,34,0.05407236197817838
600,0.6,ILSVRC2012_val_00041330,features.5.26,35,0.05393393496927456
600,0.6,ILSVRC2012_val_00041330,features.6,36,0.02984208713530097
600,0.6,ILSVRC2012_val_00041330,features.7.0,37,0.03131072023841261
600,0.6,ILSVRC2012_val_00041330,features.7.1,38,0.030870646251627477
600,0.6,ILSVRC2012_val_00041330,features.7.2,39,0.029030722465016878
600,0.6,ILSVRC2012_val_00041330,classifier,40,0.10206778947554995
600,0.6,ILSVRC2012_val_00048463,features.0,0,0.04583334986685077
600,0.6,ILSVRC2012_val_00048463,features.1.0,1,0.06928881280537463
600,0.6,ILSVRC2012_val_00048463,features.1.1,2,0.08265386110031978
600,0.6,ILSVRC2012_val_00048463,features.1.2,3,0.07788102023373358
600,0.6,ILSVRC2012_val_00048463,features.2,4,0.060102693692431784
600,0.6,ILSVRC2012_val_00048463,features.3.0,5,0.0600441653628368
600,0.6,ILSVRC2012_val_00048463,features.3.1,6,0.060137373487465076
600,0.6,ILSVRC2012_val_00048463,features.3.2,7,0.055673087715636935
600,0.6,ILSVRC2012_val_00048463,features.4,8,0.08214834590084502
600,0.6,ILSVRC2012_val_00048463,features.5.0,9,0.07735825096134794
600,0.6,ILSVRC2012_val_00048463,features.5.1,10,0.06962735976080876
600,0.6,ILSVRC2012_val_00048463,features.5.2,11,0.06701601204948383
600,0.6,ILSVRC2012_val_00048463,features.5.3,12,0.06548650442177315
600,0.6,ILSVRC2012_val_00048463,features.5.4,13,0.06664701577462256
600,0.6,ILSVRC2012_val_00048463,features.5.5,14,0.06630352109496016
600,0.6,ILSVRC2012_val_00048463,features.5.6,15,0.06560920889378757
600,0.6,ILSVRC2012_val_00048463,features.5.7,16,0.06356565473930095
600,0.6,ILSVRC2012_val_00048463,features.5.8,17,0.061248791131045435
600,0.6,ILSVRC2012_val_00048463,features.5.9,18,0.05949080470242188
600,0.6,ILSVRC2012_val_00048463,features.5.10,19,0.05708490413834806
600,0.6,ILSVRC2012_val_00048463,features.5.11,20,0.05455716723404475
600,0.6,ILSVRC2012_val_00048463,features.5.12,21,0.05408477788549498
600,0.6,ILSVRC2012_val_00048463,features.5.13,22,0.053332271288294576
600,0.6,ILSVRC2012_val_00048463,features.5.14,23,0.052282963393081444
600,0.6,ILSVRC2012_val_00048463,features.5.15,24,0.05125301569892326
600,0.6,ILSVRC2012_val_00048463,features.5.16,25,0.05082938157836907
600,0.6,ILSVRC2012_val_00048463,features.5.17,26,0.04948242362111341
600,0.6,ILSVRC2012_val_00048463,features.5.18,27,0.05092416134814266
600,0.6,ILSVRC2012_val_00048463,features.5.19,28,0.05153827560436911
600,0.6,ILSVRC2012_val_00048463,features.5.20,29,0.05152889236528426
600,0.6,ILSVRC2012_val_00048463,features.5.21,30,0.05248621502911555
600,0.6,ILSVRC2012_val_00048463,features.5.22,31,0.05341104087006533
600,0.6,ILSVRC2012_val_00048463,features.5.23,32,0.056820614892523734
600,0.6,ILSVRC2012_val_00048463,features.5.24,33,0.05991098628292092
600,0.6,ILSVRC2012_val_00048463,features.5.25,34,0.06179143979615764
600,0.6,ILSVRC2012_val_00048463,features.5.26,35,0.06086682792955253
600,0.6,ILSVRC2012_val_00048463,features.6,36,0.043091050563700266
600,0.6,ILSVRC2012_val_00048463,features.7.0,37,0.04382268358682631
600,0.6,ILSVRC2012_val_00048463,features.7.1,38,0.04148408188011672
600,0.6,ILSVRC2012_val_00048463,features.7.2,39,0.037093251868413064
600,0.6,ILSVRC2012_val_00048463,classifier,40,0.11068121368798894
800,0.8,ILSVRC2012_val_00000487,features.0,0,0.006683772325952304
800,0.8,ILSVRC2012_val_00000487,features.1.0,1,0.017248813192767554
800,0.8,ILSVRC2012_val_00000487,features.1.1,2,0.04333673496515257
800,0.8,ILSVRC2012_val_00000487,features.1.2,3,0.039686602952657274
800,0.8,ILSVRC2012_val_00000487,features.2,4,0.036251054209365974
800,0.8,ILSVRC2012_val_00000487,features.3.0,5,0.03596229709556792
800,0.8,ILSVRC2012_val_00000487,features.3.1,6,0.03653486727969721
800,0.8,ILSVRC2012_val_00000487,features.3.2,7,0.03321449668251444
800,0.8,ILSVRC2012_val_00000487,features.4,8,0.0450484593755973
800,0.8,ILSVRC2012_val_00000487,features.5.0,9,0.0420101492179383
800,0.8,ILSVRC2012_val_00000487,features.5.1,10,0.03885131448524771
800,0.8,ILSVRC2012_val_00000487,features.5.2,11,0.037687933464883826
800,0.8,ILSVRC2012_val_00000487,features.5.3,12,0.037283760240301486
800,0.8,ILSVRC2012_val_00000487,features.5.4,13,0.03704381529329112
800,0.8,ILSVRC2012_val_00000487,features.5.5,14,0.035951026320806705
800,0.8,ILSVRC2012_val_00000487,features.5.6,15,0.035457360164204144
800,0.8,ILSVRC2012_val_00000487,features.5.7,16,0.03406129219109425
800,0.8,ILSVRC2012_val_00000487,features.5.8,17,0.031797838135244096
800,0.8,ILSVRC2012_val_00000487,features.5.9,18,0.03099350357406365
800,0.8,ILSVRC2012_val_00000487,features.5.10,19,0.02931794351618737
800,0.8,ILSVRC2012_val_00000487,features.5.11,20,0.029171322606067404
800,0.8,ILSVRC2012_val_00000487,features.5.12,21,0.029604766402568202
800,0.8,ILSVRC2012_val_00000487,features.5.13,22,0.02916578512929846
800,0.8,ILSVRC2012_val_00000487,features.5.14,23,0.02979893841512967
800,0.8,ILSVRC2012_val_00000487,features.5.15,24,0.029284841731714552
800,0.8,ILSVRC2012_val_00000487,features.5.16,25,0.030012444572057574
800,0.8,ILSVRC2012_val_00000487,features.5.17,26,0.0293475326175394
800,0.8,ILSVRC2012_val_00000487,features.5.18,27,0.03063055560784414
800,0.8,ILSVRC2012_val_00000487,features.5.19,28,0.03116280959342839
800,0.8,ILSVRC2012_val_00000487,features.5.20,29,0.03126791960652917
800,0.8,ILSVRC2012_val_00000487,features.5.21,30,0.03303273099934449
800,0.8,ILSVRC2012_val_00000487,features.5.22,31,0.03439991762244608
800,0.8,ILSVRC2012_val_00000487,features.5.23,32,0.036354283104185016
800,0.8,ILSVRC2012_val_00000487,features.5.24,33,0.037241790042491625
800,0.8,ILSVRC2012_val_00000487,features.5.25,34,0.038363935762608894
800,0.8,ILSVRC2012_val_00000487,features.5.26,35,0.03698634981218493
800,0.8,ILSVRC2012_val_00000487,features.6,36,0.029499528454936804
800,0.8,ILSVRC2012_val_00000487,features.7.0,37,0.02819052218730212
800,0.8,ILSVRC2012_val_00000487,features.7.1,38,0.02594228582229698
800,0.8,ILSVRC2012_val_00000487,features.7.2,39,0.02299801831204968
800,0.8,ILSVRC2012_val_00000487,classifier,40,0.060924605404143226
800,0.8,ILSVRC2012_val_00000681,features.0,0,0.009590038425638344
800,0.8,ILSVRC2012_val_00000681,features.1.0,1,0.03429370906672557
800,0.8,ILSVRC2012_val_00000681,features.1.1,2,0.043032841256354
800,0.8,ILSVRC2012_val_00000681,features.1.2,3,0.04396074602945009
800,0.8,ILSVRC2012_val_00000681,features.2,4,0.03877620166662382
800,0.8,ILSVRC2012_val_00000681,features.3.0,5,0.0351435616563249
800,0.8,ILSVRC2012_val_00000681,features.3.1,6,0.03721953881869559
800,0.8,ILSVRC2012_val_00000681,features.3.2,7,0.036799561074352824
800,0.8,ILSVRC2012_val_00000681,features.4,8,0.043680282853805694
800,0.8,ILSVRC2012_val_00000681,features.5.0,9,0.041707568823941985
800,0.8,ILSVRC2012_val_00000681,features.5.1,10,0.03828445215347165
800,0.8,ILSVRC2012_val_00000681,features.5.2,11,0.03811790304197348
800,0.8,ILSVRC2012_val_00000681,features.5.3,12,0.037779612512371386
800,0.8,ILSVRC2012_val_00000681,features.5.4,13,0.04030715617522947
800,0.8,ILSVRC2012_val_00000681,features.5.5,14,0.039351551220781406
800,0.8,ILSVRC2012_val_00000681,features.5.6,15,0.03788422061511665
800,0.8,ILSVRC2012_val_00000681,features.5.7,16,0.03598790081511834
800,0.8,ILSVRC2012_val_00000681,features.5.8,17,0.03535297337154043
800,0.8,ILSVRC2012_val_00000681,features.5.9,18,0.03363159811421064
800,0.8,ILSVRC2012_val_00000681,features.5.10,19,0.03258090243280458
800,0.8,ILSVRC2012_val_00000681,features.5.11,20,0.031952101950650104
800,0.8,ILSVRC2012_val_00000681,features.5.12,21,0.03139871938814759
800,0.8,ILSVRC2012_val_00000681,features.5.13,22,0.03079768346552737
800,0.8,ILSVRC2012_val_00000681,features.5.14,23,0.03121815539798991
800,0.8,ILSVRC2012_val_00000681,features.5.15,24,0.02981922097070492
800,0.8,ILSVRC2012_val_00000681,features.5.16,25,0.029769213392341044
800,0.8,ILSVRC2012_val_00000681,features.5.17,26,0.028522344856581186
800,0.8,ILSVRC2012_val_00000681,features.5.18,27,0.02910999647865538
800,0.8,ILSVRC2012_val_00000681,features.5.19,28,0.028795457499014444
800,0.8,ILSVRC2012_val_00000681,features.5.20,29,0.027348549405054656
800,0.8,ILSVRC2012_val_00000681,features.5.21,30,0.025595665367116452
800,0.8,ILSVRC2012_val_00000681,features.5.22,31,0.023472867400792893
800,0.8,ILSVRC2012_val_00000681,features.5.23,32,0.023858593118304273
800,0.8,ILSVRC2012_val_00000681,features.5.24,33,0.022041723429050763
800,0.8,ILSVRC2012_val_00000681,features.5.25,34,0.020364146414023707
800,0.8,ILSVRC2012_val_00000681,features.5.26,35,0.01681960345196421
800,0.8,ILSVRC2012_val_00000681,features.6,36,0.022743717494857263
800,0.8,ILSVRC2012_val_00000681,features.7.0,37,0.023320465484837766
800,0.8,ILSVRC2012_val_00000681,features.7.1,38,0.02293072495271917
800,0.8,ILSVRC2012_val_00000681,features.7.2,39,0.021141113325196782
800,0.8,ILSVRC2012_val_00000681,classifier,40,0.04624474270490464
800,0.8,ILSVRC2012_val_00000729,features.0,0,0.02511521414597519
800,0.8,ILSVRC2012_val_00000729,features.1.0,1,0.04986873328080401
800,0.8,ILSVRC2012_val_00000729,features.1.1,2,0.06314816755964421
800,0.8,ILSVRC2012_val_00000729,features.1.2,3,0.06403426076972392
800,0.8,ILSVRC2012_val_00000729,features.2,4,0.04630240453884472
800,0.8,ILSVRC2012_val_00000729,features.3.0,5,0.04288430679091834
800,0.8,ILSVRC2012_val_00000729,features.3.1,6,0.04509134840627667
800,0.8,ILSVRC2012_val_00000729,features.3.2,7,0.045120876072673136
800,0.8,ILSVRC2012_val_00000729,features.4,8,0.05158046065404778
800,0.8,ILSVRC2012_val_00000729,features.5.0,9,0.04798789995818516
800,0.8,ILSVRC2012_val_00000729,features.5.1,10,0.044425563913653605
800,0.8,ILSVRC2012_val_00000729,features.5.2,11,0.0427239142455801
800,0.8,ILSVRC2012_val_00000729,features.5.3,12,0.0414186130760645
800,0.8,ILSVRC2012_val_00000729,features.5.4,13,0.04157810463651549
800,0.8,ILSVRC2012_val_00000729,features.5.5,14,0.0413948046721489
800,0.8,ILSVRC2012_val_00000729,features.5.6,15,0.04100368616328342
800,0.8,ILSVRC2012_val_00000729,features.5.7,16,0.03940916547525558
800,0.8,ILSVRC2012_val_00000729,features.5.8,17,0.03656428052662522
800,0.8,ILSVRC2012_val_00000729,features.5.9,18,0.0343844837298675
800,0.8,ILSVRC2012_val_00000729,features.5.10,19,0.03168465828883927
800,0.8,ILSVRC2012_val_00000729,features.5.11,20,0.030566657136107095
800,0.8,ILSVRC2012_val_00000729,features.5.12,21,0.03051335994893452
800,0.8,ILSVRC2012_val_00000729,features.5.13,22,0.029289921151619637
800,0.8,ILSVRC2012_val_00000729,features.5.14,23,0.029299505808739922
800,0.8,ILSVRC2012_val_00000729,features.5.15,24,0.028050863842858237
800,0.8,ILSVRC2012_val_00000729,features.5.16,25,0.028214665632927793
800,0.8,ILSVRC2012_val_00000729,features.5.17,26,0.026732816711300986
800,0.8,ILSVRC2012_val_00000729,features.5.18,27,0.027212176360786544
800,0.8,ILSVRC2012_val_00000729,features.5.19,28,0.02671244978849427
800,0.8,ILSVRC2012_val_00000729,features.5.20,29,0.025829339706659085
800,0.8,ILSVRC2012_val_00000729,features.5.21,30,0.02607453823793912
800,0.8,ILSVRC2012_val_00000729,features.5.22,31,0.02637106370573747
800,0.8,ILSVRC2012_val_00000729,features.5.23,32,0.02825430150295142
800,0.8,ILSVRC2012_val_00000729,features.5.24,33,0.0303536000942986
800,0.8,ILSVRC2012_val_00000729,features.5.25,34,0.033047090283420406
800,0.8,ILSVRC2012_val_00000729,features.5.26,35,0.034006077177939006
800,0.8,ILSVRC2012_val_00000729,features.6,36,0.02623838633892592
800,0.8,ILSVRC2012_val_00000729,features.7.0,37,0.02625553425989347
800,0.8,ILSVRC2012_val_00000729,features.7.1,38,0.026104446537705373
800,0.8,ILSVRC2012_val_00000729,features.7.2,39,0.02419171379238833
800,0.8,ILSVRC2012_val_00000729,classifier,40,0.06311230536818038
800,0.8,ILSVRC2012_val_00000974,features.0,0,0.01777201933840115
800,0.8,ILSVRC2012_val_00000974,features.1.0,1,0.04212988125768606
800,0.8,ILSVRC2012_val_00000974,features.1.1,2,0.05923287475900725
800,0.8,ILSVRC2012_val_00000974,features.1.2,3,0.057095355366414885
800,0.8,ILSVRC2012_val_00000974,features.2,4,0.04312417799883406
800,0.8,ILSVRC2012_val_00000974,features.3.0,5,0.04152420623859507
800,0.8,ILSVRC2012_val_00000974,features.3.1,6,0.04241710167058045
800,0.8,ILSVRC2012_val_00000974,features.3.2,7,0.03821572830929654
800,0.8,ILSVRC2012_val_00000974,features.4,8,0.05032197595044272
800,0.8,ILSVRC2012_val_00000974,features.5.0,9,0.047849859815556554
800,0.8,ILSVRC2012_val_00000974,features.5.1,10,0.04501354390947381
800,0.8,ILSVRC2012_val_00000974,features.5.2,11,0.04370158730458934
800,0.8,ILSVRC2012_val_00000974,features.5.3,12,0.04317306051123887
800,0.8,ILSVRC2012_val_00000974,features.5.4,13,0.04339040502446005
800,0.8,ILSVRC2012_val_00000974,features.5.5,14,0.04112339617684484
800,0.8,ILSVRC2012_val_00000974,features.5.6,15,0.04009628834974137
800,0.8,ILSVRC2012_val_00000974,features.5.7,16,0.038089004596229645
800,0.8,ILSVRC2012_val_00000974,features.5.8,17,0.036219904011959445
800,0.8,ILSVRC2012_val_00000974,features.5.9,18,0.035020714576268805
800,0.8,ILSVRC2012_val_00000974,features.5.10,19,0.03367342071802704
800,0.8,ILSVRC2012_val_00000974,features.5.11,20,0.033379279798886274
800,0.8,ILSVRC2012_val_00000974,features.5.12,21,0.033781277113477705
800,0.8,ILSVRC2012_val_00000974,features.5.13,22,0.033096422250790056
800,0.8,ILSVRC2012_val_00000974,features.5.14,23,0.033075951190578046
800,0.8,ILSVRC2012_val_00000974,features.5.15,24,0.03151337955612689
800,0.8,ILSVRC2012_val_00000974,features.5.16,25,0.032030702791904335
800,0.8,ILSVRC2012_val_00000974,features.5.17,26,0.030493035677005537
800,0.8,ILSVRC2012_val_00000974,features.5.18,27,0.03090466149052372
800,0.8,ILSVRC2012_val_00000974,features.5.19,28,0.030310204492590857
800,0.8,ILSVRC2012_val_00000974,features.5.20,29,0.02916422978779883
800,0.8,ILSVRC2012_val_00000974,features.5.21,30,0.026657500666537087
800,0.8,ILSVRC2012_val_00000974,features.5.22,31,0.024875505788615554
800,0.8,ILSVRC2012_val_00000974,features.5.23,32,0.026748839609223068
800,0.8,ILSVRC2012_val_00000974,features.5.24,33,0.027852187922690064
800,0.8,ILSVRC2012_val_00000974,features.5.25,34,0.02907795205805451
800,0.8,ILSVRC2012_val_00000974,features.5.26,35,0.028218519567657495
800,0.8,ILSVRC2012_val_00000974,features.6,36,0.03370626055842149
800,0.8,ILSVRC2012_val_00000974,features.7.0,37,0.033015556141297565
800,0.8,ILSVRC2012_val_00000974,features.7.1,38,0.032587633756469586
800,0.8,ILSVRC2012_val_00000974,features.7.2,39,0.030414307043538428
800,0.8,ILSVRC2012_val_00000974,classifier,40,0.08633191471442114
800,0.8,ILSVRC2012_val_00003449,features.0,0,0.0188339260709472
800,0.8,ILSVRC2012_val_00003449,features.1.0,1,0.03598419963530614
800,0.8,ILSVRC2012_val_00003449,features.1.1,2,0.05388200706650969
800,0.8,ILSVRC2012_val_00003449,features.1.2,3,0.05532931846450083
800,0.8,ILSVRC2012_val_00003449,features.2,4,0.04072498245135647
800,0.8,ILSVRC2012_val_00003449,features.3.0,5,0.03669557438681659
800,0.8,ILSVRC2012_val_00003449,features.3.1,6,0.03712661772282445
800,0.8,ILSVRC2012_val_00003449,features.3.2,7,0.03533059189899359
800,0.8,ILSVRC2012_val_00003449,features.4,8,0.04189881390273513
800,0.8,ILSVRC2012_val_00003449,features.5.0,9,0.039776578798017
800,0.8,ILSVRC2012_val_00003449,features.5.1,10,0.03718504007768934
800,0.8,ILSVRC2012_val_00003449,features.5.2,11,0.036602156881359406
800,0.8,ILSVRC2012_val_00003449,features.5.3,12,0.036329572960792575
800,0.8,ILSVRC2012_val_00003449,features.5.4,13,0.03723275170204579
800,0.8,ILSVRC2012_val_00003449,features.5.5,14,0.03632093869595701
800,0.8,ILSVRC2012_val_00003449,features.5.6,15,0.03638412329129642
800,0.8,ILSVRC2012_val_00003449,features.5.7,16,0.03554676364455372
800,0.8,ILSVRC2012_val_00003449,features.5.8,17,0.03401567878267088
800,0.8,ILSVRC2012_val_00003449,features.5.9,18,0.03260870922567847
800,0.8,ILSVRC2012_val_00003449,features.5.10,19,0.031327829476183976
800,0.8,ILSVRC2012_val_00003449,features.5.11,20,0.03073042332760815
800,0.8,ILSVRC2012_val_00003449,features.5.12,21,0.03097160923911724
800,0.8,ILSVRC2012_val_00003449,features.5.13,22,0.029576522289426067
800,0.8,ILSVRC2012_val_00003449,features.5.14,23,0.02935392363775463
800,0.8,ILSVRC2012_val_00003449,features.5.15,24,0.02702247593892389
800,0.8,ILSVRC2012_val_00003449,features.5.16,25,0.027341421011456986
800,0.8,ILSVRC2012_val_00003449,features.5.17,26,0.025984025422891133
800,0.8,ILSVRC2012_val_00003449,features.5.18,27,0.02648845461796736
800,0.8,ILSVRC2012_val_00003449,features.5.19,28,0.025636104797216827
800,0.8,ILSVRC2012_val_00003449,features.5.20,29,0.02420327333777095
800,0.8,ILSVRC2012_val_00003449,features.5.21,30,0.023263035140829738
800,0.8,ILSVRC2012_val_00003449,features.5.22,31,0.023268281617696628
800,0.8,ILSVRC2012_val_00003449,features.5.23,32,0.02630379588890355
800,0.8,ILSVRC2012_val_00003449,features.5.24,33,0.02876367087344988
800,0.8,ILSVRC2012_val_00003449,features.5.25,34,0.03029888425333774
800,0.8,ILSVRC2012_val_00003449,features.5.26,35,0.02877293975345674
800,0.8,ILSVRC2012_val_00003449,features.6,36,0.023804134031990536
800,0.8,ILSVRC2012_val_00003449,features.7.0,37,0.024412358024710555
800,0.8,ILSVRC2012_val_00003449,features.7.1,38,0.025067415785219052
800,0.8,ILSVRC2012_val_00003449,features.7.2,39,0.023644988735410148
800,0.8,ILSVRC2012_val_00003449,classifier,40,0.07486277705128302
800,0.8,ILSVRC2012_val_00005130,features.0,0,0.007638042954728007
800,0.8,ILSVRC2012_val_00005130,features.1.0,1,0.02319745541142765
800,0.8,ILSVRC2012_val_00005130,features.1.1,2,0.04222434953635093
800,0.8,ILSVRC2012_val_00005130,features.1.2,3,0.04037633301474852
800,0.8,ILSVRC2012_val_00005130,features.2,4,0.04096520719211549
800,0.8,ILSVRC2012_val_00005130,features.3.0,5,0.034712269005249256
800,0.8,ILSVRC2012_val_00005130,features.3.1,6,0.035471697321685494
800,0.8,ILSVRC2012_val_00005130,features.3.2,7,0.03897698998154374
800,0.8,ILSVRC2012_val_00005130,features.4,8,0.04708582476637093
800,0.8,ILSVRC2012_val_00005130,features.5.0,9,0.04563889319277951
800,0.8,ILSVRC2012_val_00005130,features.5.1,10,0.04336023547014338
800,0.8,ILSVRC2012_val_00005130,features.5.2,11,0.04379401323074125
800,0.8,ILSVRC2012_val_00005130,features.5.3,12,0.04411629690200789
800,0.8,ILSVRC2012_val_00005130,features.5.4,13,0.047299273887038
800,0.8,ILSVRC2012_val_00005130,features.5.5,14,0.04603173326479737
800,0.8,ILSVRC2012_val_00005130,features.5.6,15,0.04522478479967685
800,0.8,ILSVRC2012_val_00005130,features.5.7,16,0.04285449859357322
800,0.8,ILSVRC2012_val_00005130,features.5.8,17,0.04180404503227328
800,0.8,ILSVRC2012_val_00005130,features.5.9,18,0.04057071539238677
800,0.8,ILSVRC2012_val_00005130,features.5.10,19,0.03912889347615418
800,0.8,ILSVRC2012_val_00005130,features.5.11,20,0.03742164757040155
800,0.8,ILSVRC2012_val_00005130,features.5.12,21,0.03595939706577338
800,0.8,ILSVRC2012_val_00005130,features.5.13,22,0.035314469385528346
800,0.8,ILSVRC2012_val_00005130,features.5.14,23,0.035047936414484865
800,0.8,ILSVRC2012_val_00005130,features.5.15,24,0.033015946557803544
800,0.8,ILSVRC2012_val_00005130,features.5.16,25,0.03301457065797877
800,0.8,ILSVRC2012_val_00005130,features.5.17,26,0.03167156335755135
800,0.8,ILSVRC2012_val_00005130,features.5.18,27,0.03237687932373956
800,0.8,ILSVRC2012_val_00005130,features.5.19,28,0.031973517226055265
800,0.8,ILSVRC2012_val_00005130,features.5.20,29,0.03123084902274422
800,0.8,ILSVRC2012_val_00005130,features.5.21,30,0.030246094061381883
800,0.8,ILSVRC2012_val_00005130,features.5.22,31,0.030442458410514517
800,0.8,ILSVRC2012_val_00005130,features.5.23,32,0.03214024333818816
800,0.8,ILSVRC2012_val_00005130,features.5.24,33,0.032593362165091094
800,0.8,ILSVRC2012_val_00005130,features.5.25,34,0.03319485987193184
800,0.8,ILSVRC2012_val_00005130,features.5.26,35,0.033059741392557046
800,0.8,ILSVRC2012_val_00005130,features.6,36,0.025089705196616706
800,0.8,ILSVRC2012_val_00005130,features.7.0,37,0.026312213781260654
800,0.8,ILSVRC2012_val_00005130,features.7.1,38,0.025155184445073246
800,0.8,ILSVRC2012_val_00005130,features.7.2,39,0.023203689165879043
800,0.8,ILSVRC2012_val_00005130,classifier,40,0.04401465525571257
800,0.8,ILSVRC2012_val_00006808,features.0,0,0.022407819824729815
800,0.8,ILSVRC2012_val_00006808,features.1.0,1,0.0530469744456932
800,0.8,ILSVRC2012_val_00006808,features.1.1,2,0.06658725080313162
800,0.8,ILSVRC2012_val_00006808,features.1.2,3,0.0634885801075725
800,0.8,ILSVRC2012_val_00006808,features.2,4,0.04759556759428233
800,0.8,ILSVRC2012_val_00006808,features.3.0,5,0.04366851309587946
800,0.8,ILSVRC2012_val_00006808,features.3.1,6,0.039323081345879474
800,0.8,ILSVRC2012_val_00006808,features.3.2,7,0.03540825491788565
800,0.8,ILSVRC2012_val_00006808,features.4,8,0.04837771252245876
800,0.8,ILSVRC2012_val_00006808,features.5.0,9,0.04459613574561082
800,0.8,ILSVRC2012_val_00006808,features.5.1,10,0.04086940070940182
800,0.8,ILSVRC2012_val_00006808,features.5.2,11,0.03866066719472293
800,0.8,ILSVRC2012_val_00006808,features.5.3,12,0.037252090040041375
800,0.8,ILSVRC2012_val_00006808,features.5.4,13,0.03495796376126237
800,0.8,ILSVRC2012_val_00006808,features.5.5,14,0.03273978446325055
800,0.8,ILSVRC2012_val_00006808,features.5.6,15,0.03367882144369651
800,0.8,ILSVRC2012_val_00006808,features.5.7,16,0.03265448735567043
800,0.8,ILSVRC2012_val_00006808,features.5.8,17,0.0319880203530629
800,0.8,ILSVRC2012_val_00006808,features.5.9,18,0.030527894400496736
800,0.8,ILSVRC2012_val_00006808,features.5.10,19,0.02915893708050135
800,0.8,ILSVRC2012_val_00006808,features.5.11,20,0.02897419059663662
800,0.8,ILSVRC2012_val_00006808,features.5.12,21,0.02905218476204027
800,0.8,ILSVRC2012_val_00006808,features.5.13,22,0.028963136645179473
800,0.8,ILSVRC2012_val_00006808,features.5.14,23,0.028458001615712422
800,0.8,ILSVRC2012_val_00006808,features.5.15,24,0.02707766417435778
800,0.8,ILSVRC2012_val_00006808,features.5.16,25,0.02705768840867677
800,0.8,ILSVRC2012_val_00006808,features.5.17,26,0.02702175368560711
800,0.8,ILSVRC2012_val_00006808,features.5.18,27,0.0275880699265108
800,0.8,ILSVRC2012_val_00006808,features.5.19,28,0.028274139139539328
800,0.8,ILSVRC2012_val_00006808,features.5.20,29,0.02812603324056545
800,0.8,ILSVRC2012_val_00006808,features.5.21,30,0.029199024964880665
800,0.8,ILSVRC2012_val_00006808,features.5.22,31,0.030544422608800234
800,0.8,ILSVRC2012_val_00006808,features.5.23,32,0.03157866055401974
800,0.8,ILSVRC2012_val_00006808,features.5.24,33,0.03167136276719976
800,0.8,ILSVRC2012_val_00006808,features.5.25,34,0.032464182658644855
800,0.8,ILSVRC2012_val_00006808,features.5.26,35,0.03231846876590862
800,0.8,ILSVRC2012_val_00006808,features.6,36,0.0218695938247547
800,0.8,ILSVRC2012_val_00006808,features.7.0,37,0.0209933999805653
800,0.8,ILSVRC2012_val_00006808,features.7.1,38,0.019129132515809034
800,0.8,ILSVRC2012_val_00006808,features.7.2,39,0.017481340023325173
800,0.8,ILSVRC2012_val_00006808,classifier,40,0.0210664458166575
800,0.8,ILSVRC2012_val_00010733,features.0,0,0.017086476355092597
800,0.8,ILSVRC2012_val_00010733,features.1.0,1,0.02964231025218032
800,0.8,ILSVRC2012_val_00010733,features.1.1,2,0.044438026691845156
800,0.8,ILSVRC2012_val_00010733,features.1.2,3,0.044922255208250134
800,0.8,ILSVRC2012_val_00010733,features.2,4,0.03843809357236023
800,0.8,ILSVRC2012_val_00010733,features.3.0,5,0.03391527261864394
800,0.8,ILSVRC2012_val_00010733,features.3.1,6,0.0384691768977209
800,0.8,ILSVRC2012_val_00010733,features.3.2,7,0.038482831204601095
800,0.8,ILSVRC2012_val_00010733,features.4,8,0.0499515690310509
800,0.8,ILSVRC2012_val_00010733,features.5.0,9,0.04776940069205011
800,0.8,ILSVRC2012_val_00010733,features.5.1,10,0.043947733729641184
800,0.8,ILSVRC2012_val_00010733,features.5.2,11,0.04324924141346127
800,0.8,ILSVRC2012_val_00010733,features.5.3,12,0.043327027569059276
800,0.8,ILSVRC2012_val_00010733,features.5.4,13,0.04513912635610905
800,0.8,ILSVRC2012_val_00010733,features.5.5,14,0.04534221134037944
800,0.8,ILSVRC2012_val_00010733,features.5.6,15,0.044744849191163664
800,0.8,ILSVRC2012_val_00010733,features.5.7,16,0.04398208746264572
800,0.8,ILSVRC2012_val_00010733,features.5.8,17,0.04323995921516326
800,0.8,ILSVRC2012_val_00010733,features.5.9,18,0.04188353210588684
800,0.8,ILSVRC2012_val_00010733,features.5.10,19,0.04128345292812446
800,0.8,ILSVRC2012_val_00010733,features.5.11,20,0.039873024497763254
800,0.8,ILSVRC2012_val_00010733,features.5.12,21,0.038710697581642306
800,0.8,ILSVRC2012_val_00010733,features.5.13,22,0.03753618087252835
800,0.8,ILSVRC2012_val_00010733,features.5.14,23,0.03726435485598631
800,0.8,ILSVRC2012_val_00010733,features.5.15,24,0.036100609229499245
800,0.8,ILSVRC2012_val_00010733,features.5.16,25,0.03606792094325646
800,0.8,ILSVRC2012_val_00010733,features.5.17,26,0.034775723617349284
800,0.8,ILSVRC2012_val_00010733,features.5.18,27,0.03523569286614656
800,0.8,ILSVRC2012_val_00010733,features.5.19,28,0.03463011313934112
800,0.8,ILSVRC2012_val_00010733,features.5.20,29,0.033781528163759504
800,0.8,ILSVRC2012_val_00010733,features.5.21,30,0.03317749414744321
800,0.8,ILSVRC2012_val_00010733,features.5.22,31,0.03284756705354084
800,0.8,ILSVRC2012_val_00010733,features.5.23,32,0.0343576289206394
800,0.8,ILSVRC2012_val_00010733,features.5.24,33,0.035582567409262994
800,0.8,ILSVRC2012_val_00010733,features.5.25,34,0.03743226880417205
800,0.8,ILSVRC2012_val_00010733,features.5.26,35,0.037068895788805095
800,0.8,ILSVRC2012_val_00010733,features.6,36,0.026486504911154042
800,0.8,ILSVRC2012_val_00010733,features.7.0,37,0.026558454945625268
800,0.8,ILSVRC2012_val_00010733,features.7.1,38,0.025272410820616643
800,0.8,ILSVRC2012_val_00010733,features.7.2,39,0.022500014288525563
800,0.8,ILSVRC2012_val_00010733,classifier,40,0.061425647718715476
800,0.8,ILSVRC2012_val_00014541,features.0,0,0.007122163744279531
800,0.8,ILSVRC2012_val_00014541,features.1.0,1,0.021754425602033736
800,0.8,ILSVRC2012_val_00014541,features.1.1,2,0.03931635313131847
800,0.8,ILSVRC2012_val_00014541,features.1.2,3,0.03926609131786973
800,0.8,ILSVRC2012_val_00014541,features.2,4,0.03451838308919104
800,0.8,ILSVRC2012_val_00014541,features.3.0,5,0.030203846805554345
800,0.8,ILSVRC2012_val_00014541,features.3.1,6,0.032087538585939906
800,0.8,ILSVRC2012_val_00014541,features.3.2,7,0.032920614156697406
800,0.8,ILSVRC2012_val_00014541,features.4,8,0.04285611763916677
800,0.8,ILSVRC2012_val_00014541,features.5.0,9,0.04099501898721791
800,0.8,ILSVRC2012_val_00014541,features.5.1,10,0.038657194267172595
800,0.8,ILSVRC2012_val_00014541,features.5.2,11,0.04047376758343307
800,0.8,ILSVRC2012_val_00014541,features.5.3,12,0.041934323141322234
800,0.8,ILSVRC2012_val_00014541,features.5.4,13,0.04736565789155429
800,0.8,ILSVRC2012_val_00014541,features.5.5,14,0.04739503937604604
800,0.8,ILSVRC2012_val_00014541,features.5.6,15,0.04632100700680166
800,0.8,ILSVRC2012_val_00014541,features.5.7,16,0.044859133089776154
800,0.8,ILSVRC2012_val_00014541,features.5.8,17,0.04431231818284141
800,0.8,ILSVRC2012_val_00014541,features.5.9,18,0.0430141521190817
800,0.8,ILSVRC2012_val_00014541,features.5.10,19,0.04184562473697588
800,0.8,ILSVRC2012_val_00014541,features.5.11,20,0.04087324590014759
800,0.8,ILSVRC2012_val_00014541,features.5.12,21,0.039494150801911015
800,0.8,ILSVRC2012_val_00014541,features.5.13,22,0.039151006935338954
800,0.8,ILSVRC2012_val_00014541,features.5.14,23,0.03960588009151979
800,0.8,ILSVRC2012_val_00014541,features.5.15,24,0.03723468662583036
800,0.8,ILSVRC2012_val_00014541,features.5.16,25,0.03717449848519755
800,0.8,ILSVRC2012_val_00014541,features.5.17,26,0.03603970737490454
800,0.8,ILSVRC2012_val_00014541,features.5.18,27,0.03762294043134898
800,0.8,ILSVRC2012_val_00014541,features.5.19,28,0.03741939769839518
800,0.8,ILSVRC2012_val_00014541,features.5.20,29,0.03705434732267167
800,0.8,ILSVRC2012_val_00014541,features.5.21,30,0.038428647176013325
800,0.8,ILSVRC2012_val_00014541,features.5.22,31,0.03954810412158258
800,0.8,ILSVRC2012_val_00014541,features.5.23,32,0.04224011267349123
800,0.8,ILSVRC2012_val_00014541,features.5.24,33,0.04541667301289271
800,0.8,ILSVRC2012_val_00014541,features.5.25,34,0.0494344838897232
800,0.8,ILSVRC2012_val_00014541,features.5.26,35,0.05167898611305281
800,0.8,ILSVRC2012_val_00014541,features.6,36,0.04192640690936241
800,0.8,ILSVRC2012_val_00014541,features.7.0,37,0.040417427162901726
800,0.8,ILSVRC2012_val_00014541,features.7.1,38,0.03870238218418672
800,0.8,ILSVRC2012_val_00014541,features.7.2,39,0.035335715165012514
800,0.8,ILSVRC2012_val_00014541,classifier,40,0.06638922305055894
800,0.8,ILSVRC2012_val_00018922,features.0,0,0.028170304014114664
800,0.8,ILSVRC2012_val_00018922,features.1.0,1,0.05056452611088752
800,0.8,ILSVRC2012_val_00018922,features.1.1,2,0.06086214747471967
800,0.8,ILSVRC2012_val_00018922,features.1.2,3,0.06837330954230855
800,0.8,ILSVRC2012_val_00018922,features.2,4,0.04909269850014243
800,0.8,ILSVRC2012_val_00018922,features.3.0,5,0.04543243310193066
800,0.8,ILSVRC2012_val_00018922,features.3.1,6,0.05394344996364088
800,0.8,ILSVRC2012_val_00018922,features.3.2,7,0.057546760766650544
800,0.8,ILSVRC2012_val_00018922,features.4,8,0.05714565128850518
800,0.8,ILSVRC2012_val_00018922,features.5.0,9,0.0567466578448948
800,0.8,ILSVRC2012_val_00018922,features.5.1,10,0.051477941596182054
800,0.8,ILSVRC2012_val_00018922,features.5.2,11,0.050694294928223825
800,0.8,ILSVRC2012_val_00018922,features.5.3,12,0.049975605206709586
800,0.8,ILSVRC2012_val_00018922,features.5.4,13,0.05282845214067493
800,0.8,ILSVRC2012_val_00018922,features.5.5,14,0.050924902525759534
800,0.8,ILSVRC2012_val_00018922,features.5.6,15,0.04939851981009997
800,0.8,ILSVRC2012_val_00018922,features.5.7,16,0.0475639346963726
800,0.8,ILSVRC2012_val_00018922,features.5.8,17,0.04732403196587984
800,0.8,ILSVRC2012_val_00018922,features.5.9,18,0.04608703378689825
800,0.8,ILSVRC2012_val_00018922,features.5.10,19,0.04458574939650134
800,0.8,ILSVRC2012_val_00018922,features.5.11,20,0.043164777172904
800,0.8,ILSVRC2012_val_00018922,features.5.12,21,0.04308576418602024
800,0.8,ILSVRC2012_val_00018922,features.5.13,22,0.04247649125062161
800,0.8,ILSVRC2012_val_00018922,features.5.14,23,0.04268871144944569
800,0.8,ILSVRC2012_val_00018922,features.5.15,24,0.04118665840750327
800,0.8,ILSVRC2012_val_00018922,features.5.16,25,0.04103773020434892
800,0.8,ILSVRC2012_val_00018922,features.5.17,26,0.03954726906237192
800,0.8,ILSVRC2012_val_00018922,features.5.18,27,0.04078557364532026
800,0.8,ILSVRC2012_val_00018922,features.5.19,28,0.0404146821021568
800,0.8,ILSVRC2012_val_00018922,features.5.20,29,0.03961740052123787
800,0.8,ILSVRC2012_val_00018922,features.5.21,30,0.038976227824634405
800,0.8,ILSVRC2012_val_00018922,features.5.22,31,0.0381739125206368
800,0.8,ILSVRC2012_val_00018922,features.5.23,32,0.0396637661770219
800,0.8,ILSVRC2012_val_00018922,features.5.24,33,0.040685259153455264
800,0.8,ILSVRC2012_val_00018922,features.5.25,34,0.04225264107581461
800,0.8,ILSVRC2012_val_00018922,features.5.26,35,0.04151420075152418
800,0.8,ILSVRC2012_val_00018922,features.6,36,0.03416523748554755
800,0.8,ILSVRC2012_val_00018922,features.7.0,37,0.03383567085114191
800,0.8,ILSVRC2012_val_00018922,features.7.1,38,0.03265718786497018
800,0.8,ILSVRC2012_val_00018922,features.7.2,39,0.030055151099484652
800,0.8,ILSVRC2012_val_00018922,classifier,40,0.08462596963020041
800,0.8,ILSVRC2012_val_00025924,features.0,0,0.01466041076183319
800,0.8,ILSVRC2012_val_00025924,features.1.0,1,0.03151031708531082
800,0.8,ILSVRC2012_val_00025924,features.1.1,2,0.04598517616459867
800,0.8,ILSVRC2012_val_00025924,features.1.2,3,0.04146257266437169
800,0.8,ILSVRC2012_val_00025924,features.2,4,0.031925449059170205
800,0.8,ILSVRC2012_val_00025924,features.3.0,5,0.030565980849030894
800,0.8,ILSVRC2012_val_00025924,features.3.1,6,0.032583444663905545
800,0.8,ILSVRC2012_val_00025924,features.3.2,7,0.028086515068891458
800,0.8,ILSVRC2012_val_00025924,features.4,8,0.0355948042794189
800,0.8,ILSVRC2012_val_00025924,features.5.0,9,0.033741938061808474
800,0.8,ILSVRC2012_val_00025924,features.5.1,10,0.031661897525802486
800,0.8,ILSVRC2012_val_00025924,features.5.2,11,0.03134525375689554
800,0.8,ILSVRC2012_val_00025924,features.5.3,12,0.03205632447895186
800,0.8,ILSVRC2012_val_00025924,features.5.4,13,0.03374032386337057
800,0.8,ILSVRC2012_val_00025924,features.5.5,14,0.03359885890511213
800,0.8,ILSVRC2012_val_00025924,features.5.6,15,0.03451186113854055
800,0.8,ILSVRC2012_val_00025924,features.5.7,16,0.03374634132987558
800,0.8,ILSVRC2012_val_00025924,features.5.8,17,0.03330198935835506
800,0.8,ILSVRC2012_val_00025924,features.5.9,18,0.0323242225942231
800,0.8,ILSVRC2012_val_00025924,features.5.10,19,0.03212034412007779
800,0.8,ILSVRC2012_val_00025924,features.5.11,20,0.03185992922267178
800,0.8,ILSVRC2012_val_00025924,features.5.12,21,0.03128022207308095
800,0.8,ILSVRC2012_val_00025924,features.5.13,22,0.030782647094572894
800,0.8,ILSVRC2012_val_00025924,features.5.14,23,0.031289430793665814
800,0.8,ILSVRC2012_val_00025924,features.5.15,24,0.030439194882113954
800,0.8,ILSVRC2012_val_00025924,features.5.16,25,0.030840651347403762
800,0.8,ILSVRC2012_val_00025924,features.5.17,26,0.030061834757332685
800,0.8,ILSVRC2012_val_00025924,features.5.18,27,0.030574951509450332
800,0.8,ILSVRC2012_val_00025924,features.5.19,28,0.030528367845603494
800,0.8,ILSVRC2012_val_00025924,features.5.20,29,0.030459953201410827
800,0.8,ILSVRC2012_val_00025924,features.5.21,30,0.03183199349456117
800,0.8,ILSVRC2012_val_00025924,features.5.22,31,0.033081440082023614
800,0.8,ILSVRC2012_val_00025924,features.5.23,32,0.03590242076758295
800,0.8,ILSVRC2012_val_00025924,features.5.24,33,0.03813155905494932
800,0.8,ILSVRC2012_val_00025924,features.5.25,34,0.04055896617873805
800,0.8,ILSVRC2012_val_00025924,features.5.26,35,0.041361509315203875
800,0.8,ILSVRC2012_val_00025924,features.6,36,0.033587220378336495
800,0.8,ILSVRC2012_val_00025924,features.7.0,37,0.03367836105066817
800,0.8,ILSVRC2012_val_00025924,features.7.1,38,0.03227381892708946
800,0.8,ILSVRC2012_val_00025924,features.7.2,39,0.030104105690901634
800,0.8,ILSVRC2012_val_00025924,classifier,40,0.06656984234589619
800,0.8,ILSVRC2012_val_00027450,features.0,0,0.010824019417297676
800,0.8,ILSVRC2012_val_00027450,features.1.0,1,0.01955637862050207
800,0.8,ILSVRC2012_val_00027450,features.1.1,2,0.04294061152712675
800,0.8,ILSVRC2012_val_00027450,features.1.2,3,0.04168037147558062
800,0.8,ILSVRC2012_val_00027450,features.2,4,0.04063279757986311
800,0.8,ILSVRC2012_val_00027450,features.3.0,5,0.03808557345205918
800,0.8,ILSVRC2012_val_00027450,features.3.1,6,0.039418915374088107
800,0.8,ILSVRC2012_val_00027450,features.3.2,7,0.03971757797320606
800,0.8,ILSVRC2012_val_00027450,features.4,8,0.054536448626284255
800,0.8,ILSVRC2012_val_00027450,features.5.0,9,0.050054190647962966
800,0.8,ILSVRC2012_val_00027450,features.5.1,10,0.0456719830945367
800,0.8,ILSVRC2012_val_00027450,features.5.2,11,0.04627331410191255
800,0.8,ILSVRC2012_val_00027450,features.5.3,12,0.04633083075567265
800,0.8,ILSVRC2012_val_00027450,features.5.4,13,0.050211812288645886
800,0.8,ILSVRC2012_val_00027450,features.5.5,14,0.0500051768955891
800,0.8,ILSVRC2012_val_00027450,features.5.6,15,0.04825937637354946
800,0.8,ILSVRC2012_val_00027450,features.5.7,16,0.046522213041083886
800,0.8,ILSVRC2012_val_00027450,features.5.8,17,0.046360187141079215
800,0.8,ILSVRC2012_val_00027450,features.5.9,18,0.04491473924412276
800,0.8,ILSVRC2012_val_00027450,features.5.10,19,0.043729029746275044
800,0.8,ILSVRC2012_val_00027450,features.5.11,20,0.04211842241477279
800,0.8,ILSVRC2012_val_00027450,features.5.12,21,0.040306083048053554
800,0.8,ILSVRC2012_val_00027450,features.5.13,22,0.03994906905584503
800,0.8,ILSVRC2012_val_00027450,features.5.14,23,0.039835893727140505
800,0.8,ILSVRC2012_val_00027450,features.5.15,24,0.038178756810608325
800,0.8,ILSVRC2012_val_00027450,features.5.16,25,0.037688576545187966
800,0.8,ILSVRC2012_val_00027450,features.5.17,26,0.036221318636089565
800,0.8,ILSVRC2012_val_00027450,features.5.18,27,0.03698904489469715
800,0.8,ILSVRC2012_val_00027450,features.5.19,28,0.03652991335687693
800,0.8,ILSVRC2012_val_00027450,features.5.20,29,0.036536297709390056
800,0.8,ILSVRC2012_val_00027450,features.5.21,30,0.03665624013356864
800,0.8,ILSVRC2012_val_00027450,features.5.22,31,0.03661963484802982
800,0.8,ILSVRC2012_val_00027450,features.5.23,32,0.03865494296193355
800,0.8,ILSVRC2012_val_00027450,features.5.24,33,0.04124222301266854
800,0.8,ILSVRC2012_val_00027450,features.5.25,34,0.04403298924176488
800,0.8,ILSVRC2012_val_00027450,features.5.26,35,0.04612721911736298
800,0.8,ILSVRC2012_val_00027450,features.6,36,0.04111014442227315
800,0.8,ILSVRC2012_val_00027450,features.7.0,37,0.04063640045846114
800,0.8,ILSVRC2012_val_00027450,features.7.1,38,0.03913471804180881
800,0.8,ILSVRC2012_val_00027450,features.7.2,39,0.03688106884912122
800,0.8,ILSVRC2012_val_00027450,classifier,40,0.09281021188222802
800,0.8,ILSVRC2012_val_00029063,features.0,0,0.011263051861475106
800,0.8,ILSVRC2012_val_00029063,features.1.0,1,0.028372916625492507
800,0.8,ILSVRC2012_val_00029063,features.1.1,2,0.047251161624677476
800,0.8,ILSVRC2012_val_00029063,features.1.2,3,0.048795366070349705
800,0.8,ILSVRC2012_val_00029063,features.2,4,0.04132102426787605
800,0.8,ILSVRC2012_val_00029063,features.3.0,5,0.039146691395668315
800,0.8,ILSVRC2012_val_00029063,features.3.1,6,0.03958846042212099
800,0.8,ILSVRC2012_val_00029063,features.3.2,7,0.037191454170329964
800,0.8,ILSVRC2012_val_00029063,features.4,8,0.05199175790837035
800,0.8,ILSVRC2012_val_00029063,features.5.0,9,0.04753273991576862
800,0.8,ILSVRC2012_val_00029063,features.5.1,10,0.04469735791752464
800,0.8,ILSVRC2012_val_00029063,features.5.2,11,0.04484785616738372
800,0.8,ILSVRC2012_val_00029063,features.5.3,12,0.04554300479756784
800,0.8,ILSVRC2012_val_00029063,features.5.4,13,0.0463058832930692
800,0.8,ILSVRC2012_val_00029063,features.5.5,14,0.045055956914438866
800,0.8,ILSVRC2012_val_00029063,features.5.6,15,0.04430562621972058
800,0.8,ILSVRC2012_val_00029063,features.5.7,16,0.042094606476515764
800,0.8,ILSVRC2012_val_00029063,features.5.8,17,0.03910844123747666
800,0.8,ILSVRC2012_val_00029063,features.5.9,18,0.03756518172915094
800,0.8,ILSVRC2012_val_00029063,features.5.10,19,0.03628067601873772
800,0.8,ILSVRC2012_val_00029063,features.5.11,20,0.03506335350041627
800,0.8,ILSVRC2012_val_00029063,features.5.12,21,0.03423572745345883
800,0.8,ILSVRC2012_val_00029063,features.5.13,22,0.034163007589871994
800,0.8,ILSVRC2012_val_00029063,features.5.14,23,0.03410783341611387
800,0.8,ILSVRC2012_val_00029063,features.5.15,24,0.03226391222514212
800,0.8,ILSVRC2012_val_00029063,features.5.16,25,0.03265117819834268
800,0.8,ILSVRC2012_val_00029063,features.5.17,26,0.03154177193512442
800,0.8,ILSVRC2012_val_00029063,features.5.18,27,0.032085211661004
800,0.8,ILSVRC2012_val_00029063,features.5.19,28,0.03241470568609657
800,0.8,ILSVRC2012_val_00029063,features.5.20,29,0.03212523275899003
800,0.8,ILSVRC2012_val_00029063,features.5.21,30,0.03213540189209743
800,0.8,ILSVRC2012_val_00029063,features.5.22,31,0.030946647134551312
800,0.8,ILSVRC2012_val_00029063,features.5.23,32,0.03204018300017924
800,0.8,ILSVRC2012_val_00029063,features.5.24,33,0.03240170590163325
800,0.8,ILSVRC2012_val_00029063,features.5.25,34,0.03300593038115767
800,0.8,ILSVRC2012_val_00029063,features.5.26,35,0.030934098774363518
800,0.8,ILSVRC2012_val_00029063,features.6,36,0.03390372283116449
800,0.8,ILSVRC2012_val_00029063,features.7.0,37,0.0340159356626682
800,0.8,ILSVRC2012_val_00029063,features.7.1,38,0.03173421790014254
800,0.8,ILSVRC2012_val_00029063,features.7.2,39,0.029176782969152562
800,0.8,ILSVRC2012_val_00029063,classifier,40,0.09191631443728693
800,0.8,ILSVRC2012_val_00030419,features.0,0,0.014394375582247449
800,0.8,ILSVRC2012_val_00030419,features.1.0,1,0.030697931495029473
800,0.8,ILSVRC2012_val_00030419,features.1.1,2,0.04943693428183906
800,0.8,ILSVRC2012_val_00030419,features.1.2,3,0.040596152759273536
800,0.8,ILSVRC2012_val_00030419,features.2,4,0.03307569603295996
800,0.8,ILSVRC2012_val_00030419,features.3.0,5,0.03628383384941844
800,0.8,ILSVRC2012_val_00030419,features.3.1,6,0.03888313534983899
800,0.8,ILSVRC2012_val_00030419,features.3.2,7,0.035675029947480646
800,0.8,ILSVRC2012_val_00030419,features.4,8,0.05195582499168813
800,0.8,ILSVRC2012_val_00030419,features.5.0,9,0.04835342663823394
800,0.8,ILSVRC2012_val_00030419,features.5.1,10,0.04558880522634717
800,0.8,ILSVRC2012_val_00030419,features.5.2,11,0.04465772104165808
800,0.8,ILSVRC2012_val_00030419,features.5.3,12,0.04440641366888303
800,0.8,ILSVRC2012_val_00030419,features.5.4,13,0.046512103118904635
800,0.8,ILSVRC2012_val_00030419,features.5.5,14,0.04604203900849098
800,0.8,ILSVRC2012_val_00030419,features.5.6,15,0.04579871108543011
800,0.8,ILSVRC2012_val_00030419,features.5.7,16,0.04518315684338449
800,0.8,ILSVRC2012_val_00030419,features.5.8,17,0.04244620483904146
800,0.8,ILSVRC2012_val_00030419,features.5.9,18,0.04123502813160303
800,0.8,ILSVRC2012_val_00030419,features.5.10,19,0.03996710768505
800,0.8,ILSVRC2012_val_00030419,features.5.11,20,0.0391577736203908
800,0.8,ILSVRC2012_val_00030419,features.5.12,21,0.039492867920198474
800,0.8,ILSVRC2012_val_00030419,features.5.13,22,0.03860034847640782
800,0.8,ILSVRC2012_val_00030419,features.5.14,23,0.038071935131651115
800,0.8,ILSVRC2012_val_00030419,features.5.15,24,0.03685834658454405
800,0.8,ILSVRC2012_val_00030419,features.5.16,25,0.03628835493669612
800,0.8,ILSVRC2012_val_00030419,features.5.17,26,0.03501788984736777
800,0.8,ILSVRC2012_val_00030419,features.5.18,27,0.03576348785974551
800,0.8,ILSVRC2012_val_00030419,features.5.19,28,0.036208763560833176
800,0.8,ILSVRC2012_val_00030419,features.5.20,29,0.03669441258726874
800,0.8,ILSVRC2012_val_00030419,features.5.21,30,0.038399402733513846
800,0.8,ILSVRC2012_val_00030419,features.5.22,31,0.04029628234636039
800,0.8,ILSVRC2012_val_00030419,features.5.23,32,0.04347680066246539
800,0.8,ILSVRC2012_val_00030419,features.5.24,33,0.04596877943584696
800,0.8,ILSVRC2012_val_00030419,features.5.25,34,0.04875473049352877
800,0.8,ILSVRC2012_val_00030419,features.5.26,35,0.048994297420038496
800,0.8,ILSVRC2012_val_00030419,features.6,36,0.036074673074355815
800,0.8,ILSVRC2012_val_00030419,features.7.0,37,0.03605244425233104
800,0.8,ILSVRC2012_val_00030419,features.7.1,38,0.03443571444528061
800,0.8,ILSVRC2012_val_00030419,features.7.2,39,0.03213435764028691
800,0.8,ILSVRC2012_val_00030419,classifier,40,0.0743600283752894
800,0.8,ILSVRC2012_val_00030425,features.0,0,0.02776681057538371
800,0.8,ILSVRC2012_val_00030425,features.1.0,1,0.035823695185768875
800,0.8,ILSVRC2012_val_00030425,features.1.1,2,0.05198242655140348
800,0.8,ILSVRC2012_val_00030425,features.1.2,3,0.049787681042682386
800,0.8,ILSVRC2012_val_00030425,features.2,4,0.04250133480934892
800,0.8,ILSVRC2012_val_00030425,features.3.0,5,0.03809523382422049
800,0.8,ILSVRC2012_val_00030425,features.3.1,6,0.03411177068646065
800,0.8,ILSVRC2012_val_00030425,features.3.2,7,0.03130965479509905
800,0.8,ILSVRC2012_val_00030425,features.4,8,0.04027043033714289
800,0.8,ILSVRC2012_val_00030425,features.5.0,9,0.035931914091488576
800,0.8,ILSVRC2012_val_00030425,features.5.1,10,0.03340946656436426
800,0.8,ILSVRC2012_val_00030425,features.5.2,11,0.032142665818741076
800,0.8,ILSVRC2012_val_00030425,features.5.3,12,0.031179161308449693
800,0.8,ILSVRC2012_val_00030425,features.5.4,13,0.03032085314275173
800,0.8,ILSVRC2012_val_00030425,features.5.5,14,0.030912282204371873
800,0.8,ILSVRC2012_val_00030425,features.5.6,15,0.030381208027480167
800,0.8,ILSVRC2012_val_00030425,features.5.7,16,0.030084997135098088
800,0.8,ILSVRC2012_val_00030425,features.5.8,17,0.031113177398598056
800,0.8,ILSVRC2012_val_00030425,features.5.9,18,0.03112936810904648
800,0.8,ILSVRC2012_val_00030425,features.5.10,19,0.031072650040063307
800,0.8,ILSVRC2012_val_00030425,features.5.11,20,0.030715227410139052
800,0.8,ILSVRC2012_val_00030425,features.5.12,21,0.031199681291094745
800,0.8,ILSVRC2012_val_00030425,features.5.13,22,0.03032635101667256
800,0.8,ILSVRC2012_val_00030425,features.5.14,23,0.030737187942984745
800,0.8,ILSVRC2012_val_00030425,features.5.15,24,0.029734912830317626
800,0.8,ILSVRC2012_val_00030425,features.5.16,25,0.029521552759062614
800,0.8,ILSVRC2012_val_00030425,features.5.17,26,0.02923397897163522
800,0.8,ILSVRC2012_val_00030425,features.5.18,27,0.029967299670854118
800,0.8,ILSVRC2012_val_00030425,features.5.19,28,0.03019449254113715
800,0.8,ILSVRC2012_val_00030425,features.5.20,29,0.03042762046366988
800,0.8,ILSVRC2012_val_00030425,features.5.21,30,0.03105082142568426
800,0.8,ILSVRC2012_val_00030425,features.5.22,31,0.03132172075720155
800,0.8,ILSVRC2012_val_00030425,features.5.23,32,0.03280348967664759
800,0.8,ILSVRC2012_val_00030425,features.5.24,33,0.034975139667803884
800,0.8,ILSVRC2012_val_00030425,features.5.25,34,0.03644208270899253
800,0.8,ILSVRC2012_val_00030425,features.5.26,35,0.03748737977433485
800,0.8,ILSVRC2012_val_00030425,features.6,36,0.029876242836035086
800,0.8,ILSVRC2012_val_00030425,features.7.0,37,0.02812232915358618
800,0.8,ILSVRC2012_val_00030425,features.7.1,38,0.025831787392235128
800,0.8,ILSVRC2012_val_00030425,features.7.2,39,0.024244286690111038
800,0.8,ILSVRC2012_val_00030425,classifier,40,0.048015286806854414
800,0.8,ILSVRC2012_val_00035318,features.0,0,0.012851953765784855
800,0.8,ILSVRC2012_val_00035318,features.1.0,1,0.043862400846148376
800,0.8,ILSVRC2012_val_00035318,features.1.1,2,0.05143250415974762
800,0.8,ILSVRC2012_val_00035318,features.1.2,3,0.05013414595072391
800,0.8,ILSVRC2012_val_00035318,features.2,4,0.04760732441046275
800,0.8,ILSVRC2012_val_00035318,features.3.0,5,0.042206209639552975
800,0.8,ILSVRC2012_val_00035318,features.3.1,6,0.04212921069073491
800,0.8,ILSVRC2012_val_00035318,features.3.2,7,0.04507195163419237
800,0.8,ILSVRC2012_val_00035318,features.4,8,0.052135440563084556
800,0.8,ILSVRC2012_val_00035318,features.5.0,9,0.048748363703038186
800,0.8,ILSVRC2012_val_00035318,features.5.1,10,0.04475055039985454
800,0.8,ILSVRC2012_val_00035318,features.5.2,11,0.0449534051308292
800,0.8,ILSVRC2012_val_00035318,features.5.3,12,0.04409210194120533
800,0.8,ILSVRC2012_val_00035318,features.5.4,13,0.046635157038865144
800,0.8,ILSVRC2012_val_00035318,features.5.5,14,0.045425703633285595
800,0.8,ILSVRC2012_val_00035318,features.5.6,15,0.04542080006437026
800,0.8,ILSVRC2012_val_00035318,features.5.7,16,0.04204769160295836
800,0.8,ILSVRC2012_val_00035318,features.5.8,17,0.040550310524646194
800,0.8,ILSVRC2012_val_00035318,features.5.9,18,0.03988008205617371
800,0.8,ILSVRC2012_val_00035318,features.5.10,19,0.037958979760151126
800,0.8,ILSVRC2012_val_00035318,features.5.11,20,0.03697031199053162
800,0.8,ILSVRC2012_val_00035318,features.5.12,21,0.03564026202168315
800,0.8,ILSVRC2012_val_00035318,features.5.13,22,0.035422720502334415
800,0.8,ILSVRC2012_val_00035318,features.5.14,23,0.035206521441286893
800,0.8,ILSVRC2012_val_00035318,features.5.15,24,0.033051898054836784
800,0.8,ILSVRC2012_val_00035318,features.5.16,25,0.03321405919035896
800,0.8,ILSVRC2012_val_00035318,features.5.17,26,0.0319711585729965
800,0.8,ILSVRC2012_val_00035318,features.5.18,27,0.032650884127418976
800,0.8,ILSVRC2012_val_00035318,features.5.19,28,0.032399356428533796
800,0.8,ILSVRC2012_val_00035318,features.5.20,29,0.03142593830818077
800,0.8,ILSVRC2012_val_00035318,features.5.21,30,0.03138565585101605
800,0.8,ILSVRC2012_val_00035318,features.5.22,31,0.030647218845871974
800,0.8,ILSVRC2012_val_00035318,features.5.23,32,0.032123940098827006
800,0.8,ILSVRC2012_val_00035318,features.5.24,33,0.03295592791523086
800,0.8,ILSVRC2012_val_00035318,features.5.25,34,0.03399893444351619
800,0.8,ILSVRC2012_val_00035318,features.5.26,35,0.034849162339553
800,0.8,ILSVRC2012_val_00035318,features.6,36,0.023801161091192628
800,0.8,ILSVRC2012_val_00035318,features.7.0,37,0.023957604453724343
800,0.8,ILSVRC2012_val_00035318,features.7.1,38,0.022630310831562382
800,0.8,ILSVRC2012_val_00035318,features.7.2,39,0.021618707213201558
800,0.8,ILSVRC2012_val_00035318,classifier,40,0.05249867232376709
800,0.8,ILSVRC2012_val_00035574,features.0,0,0.0033652608340780732
800,0.8,ILSVRC2012_val_00035574,features.1.0,1,0.014518251342815345
800,0.8,ILSVRC2012_val_00035574,features.1.1,2,0.03697986148338532
800,0.8,ILSVRC2012_val_00035574,features.1.2,3,0.03860963927803096
800,0.8,ILSVRC2012_val_00035574,features.2,4,0.034320845500275025
800,0.8,ILSVRC2012_val_00035574,features.3.0,5,0.029926197536173274
800,0.8,ILSVRC2012_val_00035574,features.3.1,6,0.03317944056121633
800,0.8,ILSVRC2012_val_00035574,features.3.2,7,0.0347600162687595
800,0.8,ILSVRC2012_val_00035574,features.4,8,0.042293012564448874
800,0.8,ILSVRC2012_val_00035574,features.5.0,9,0.039937962373194746
800,0.8,ILSVRC2012_val_00035574,features.5.1,10,0.035930271913792236
800,0.8,ILSVRC2012_val_00035574,features.5.2,11,0.03595633609575453
800,0.8,ILSVRC2012_val_00035574,features.5.3,12,0.03465395363626885
800,0.8,ILSVRC2012_val_00035574,features.5.4,13,0.03559907343344821
800,0.8,ILSVRC2012_val_00035574,features.5.5,14,0.03535717937373556
800,0.8,ILSVRC2012_val_00035574,features.5.6,15,0.03468842780019622
800,0.8,ILSVRC2012_val_00035574,features.5.7,16,0.033901773907185996
800,0.8,ILSVRC2012_val_00035574,features.5.8,17,0.03273454945511185
800,0.8,ILSVRC2012_val_00035574,features.5.9,18,0.0324303566696326
800,0.8,ILSVRC2012_val_00035574,features.5.10,19,0.031233732461056207
800,0.8,ILSVRC2012_val_00035574,features.5.11,20,0.030367692865111165
800,0.8,ILSVRC2012_val_00035574,features.5.12,21,0.02990813621360576
800,0.8,ILSVRC2012_val_00035574,features.5.13,22,0.02979651439488225
800,0.8,ILSVRC2012_val_00035574,features.5.14,23,0.03044366982622887
800,0.8,ILSVRC2012_val_00035574,features.5.15,24,0.029885618774307655
800,0.8,ILSVRC2012_val_00035574,features.5.16,25,0.02992815294145839
800,0.8,ILSVRC2012_val_00035574,features.5.17,26,0.02899874332411855
800,0.8,ILSVRC2012_val_00035574,features.5.18,27,0.02967586422947352
800,0.8,ILSVRC2012_val_00035574,features.5.19,28,0.029792932648269925
800,0.8,ILSVRC2012_val_00035574,features.5.20,29,0.02872985977306962
800,0.8,ILSVRC2012_val_00035574,features.5.21,30,0.029382956489716887
800,0.8,ILSVRC2012_val_00035574,features.5.22,31,0.02930290605913615
800,0.8,ILSVRC2012_val_00035574,features.5.23,32,0.030124168423353696
800,0.8,ILSVRC2012_val_00035574,features.5.24,33,0.030905189492739734
800,0.8,ILSVRC2012_val_00035574,features.5.25,34,0.03234750491488376
800,0.8,ILSVRC2012_val_00035574,features.5.26,35,0.03181708437847555
800,0.8,ILSVRC2012_val_00035574,features.6,36,0.029075819678779227
800,0.8,ILSVRC2012_val_00035574,features.7.0,37,0.029468599251558772
800,0.8,ILSVRC2012_val_00035574,features.7.1,38,0.028309110169968336
800,0.8,ILSVRC2012_val_00035574,features.7.2,39,0.02606364925316302
800,0.8,ILSVRC2012_val_00035574,classifier,40,0.061362993227608964
800,0.8,ILSVRC2012_val_00036158,features.0,0,0.020354443823278414
800,0.8,ILSVRC2012_val_00036158,features.1.0,1,0.02880594162928173
800,0.8,ILSVRC2012_val_00036158,features.1.1,2,0.05132417689787689
800,0.8,ILSVRC2012_val_00036158,features.1.2,3,0.04241862330824369
800,0.8,ILSVRC2012_val_00036158,features.2,4,0.030248774633859284
800,0.8,ILSVRC2012_val_00036158,features.3.0,5,0.03413871254312107
800,0.8,ILSVRC2012_val_00036158,features.3.1,6,0.03588386282476131
800,0.8,ILSVRC2012_val_00036158,features.3.2,7,0.03361141221638536
800,0.8,ILSVRC2012_val_00036158,features.4,8,0.04416940067379619
800,0.8,ILSVRC2012_val_00036158,features.5.0,9,0.041343483892705986
800,0.8,ILSVRC2012_val_00036158,features.5.1,10,0.03862335948861437
800,0.8,ILSVRC2012_val_00036158,features.5.2,11,0.038048235239606584
800,0.8,ILSVRC2012_val_00036158,features.5.3,12,0.037859691628385914
800,0.8,ILSVRC2012_val_00036158,features.5.4,13,0.03753233910226845
800,0.8,ILSVRC2012_val_00036158,features.5.5,14,0.03603984562575351
800,0.8,ILSVRC2012_val_00036158,features.5.6,15,0.03626718455052469
800,0.8,ILSVRC2012_val_00036158,features.5.7,16,0.035896500861883396
800,0.8,ILSVRC2012_val_00036158,features.5.8,17,0.03389537570092943
800,0.8,ILSVRC2012_val_00036158,features.5.9,18,0.03235670191067038
800,0.8,ILSVRC2012_val_00036158,features.5.10,19,0.03250151156079664
800,0.8,ILSVRC2012_val_00036158,features.5.11,20,0.03141227003661333
800,0.8,ILSVRC2012_val_00036158,features.5.12,21,0.03228438911307603
800,0.8,ILSVRC2012_val_00036158,features.5.13,22,0.031336967693234324
800,0.8,ILSVRC2012_val_00036158,features.5.14,23,0.031519379503763045
800,0.8,ILSVRC2012_val_00036158,features.5.15,24,0.031461593772051856
800,0.8,ILSVRC2012_val_00036158,features.5.16,25,0.03074142399027187
800,0.8,ILSVRC2012_val_00036158,features.5.17,26,0.030332087457732995
800,0.8,ILSVRC2012_val_00036158,features.5.18,27,0.031006607896328205
800,0.8,ILSVRC2012_val_00036158,features.5.19,28,0.03105889876151923
800,0.8,ILSVRC2012_val_00036158,features.5.20,29,0.030927548161009327
800,0.8,ILSVRC2012_val_00036158,features.5.21,30,0.03154718654614408
800,0.8,ILSVRC2012_val_00036158,features.5.22,31,0.032594318374554856
800,0.8,ILSVRC2012_val_00036158,features.5.23,32,0.034065098700579256
800,0.8,ILSVRC2012_val_00036158,features.5.24,33,0.03463101462763734
800,0.8,ILSVRC2012_val_00036158,features.5.25,34,0.03618361141646165
800,0.8,ILSVRC2012_val_00036158,features.5.26,35,0.03611994130664971
800,0.8,ILSVRC2012_val_00036158,features.6,36,0.020342802460509124
800,0.8,ILSVRC2012_val_00036158,features.7.0,37,0.021026435097039213
800,0.8,ILSVRC2012_val_00036158,features.7.1,38,0.019689956927701133
800,0.8,ILSVRC2012_val_00036158,features.7.2,39,0.017428650601345
800,0.8,ILSVRC2012_val_00036158,classifier,40,0.02220963260659483
800,0.8,ILSVRC2012_val_00041330,features.0,0,-0.0021432516531349395
800,0.8,ILSVRC2012_val_00041330,features.1.0,1,0.00026511324103921765
800,0.8,ILSVRC2012_val_00041330,features.1.1,2,0.018209002691903155
800,0.8,ILSVRC2012_val_00041330,features.1.2,3,0.014974722850733087
800,0.8,ILSVRC2012_val_00041330,features.2,4,0.021835557367856383
800,0.8,ILSVRC2012_val_00041330,features.3.0,5,0.021514086256240263
800,0.8,ILSVRC2012_val_00041330,features.3.1,6,0.024528800501488153
800,0.8,ILSVRC2012_val_00041330,features.3.2,7,0.019492048433894522
800,0.8,ILSVRC2012_val_00041330,features.4,8,0.027852613091061358
800,0.8,ILSVRC2012_val_00041330,features.5.0,9,0.025373218365260984
800,0.8,ILSVRC2012_val_00041330,features.5.1,10,0.02555191333120456
800,0.8,ILSVRC2012_val_00041330,features.5.2,11,0.026266277621660263
800,0.8,ILSVRC2012_val_00041330,features.5.3,12,0.028637654076272157
800,0.8,ILSVRC2012_val_00041330,features.5.4,13,0.033621856582991314
800,0.8,ILSVRC2012_val_00041330,features.5.5,14,0.033788901830790564
800,0.8,ILSVRC2012_val_00041330,features.5.6,15,0.0352235085843131
800,0.8,ILSVRC2012_val_00041330,features.5.7,16,0.03374788492915104
800,0.8,ILSVRC2012_val_00041330,features.5.8,17,0.03226759361472795
800,0.8,ILSVRC2012_val_00041330,features.5.9,18,0.03201402348569536
800,0.8,ILSVRC2012_val_00041330,features.5.10,19,0.030774280344761793
800,0.8,ILSVRC2012_val_00041330,features.5.11,20,0.031023778592221787
800,0.8,ILSVRC2012_val_00041330,features.5.12,21,0.03130481679836521
800,0.8,ILSVRC2012_val_00041330,features.5.13,22,0.03101528327653068
800,0.8,ILSVRC2012_val_00041330,features.5.14,23,0.03076966916723177
800,0.8,ILSVRC2012_val_00041330,features.5.15,24,0.029722496719798073
800,0.8,ILSVRC2012_val_00041330,features.5.16,25,0.030270414614351468
800,0.8,ILSVRC2012_val_00041330,features.5.17,26,0.02993459843529854
800,0.8,ILSVRC2012_val_00041330,features.5.18,27,0.03261412070775986
800,0.8,ILSVRC2012_val_00041330,features.5.19,28,0.032829855576215775
800,0.8,ILSVRC2012_val_00041330,features.5.20,29,0.032659064600418786
800,0.8,ILSVRC2012_val_00041330,features.5.21,30,0.03426498196090688
800,0.8,ILSVRC2012_val_00041330,features.5.22,31,0.034644668006687425
800,0.8,ILSVRC2012_val_00041330,features.5.23,32,0.037142052750801666
800,0.8,ILSVRC2012_val_00041330,features.5.24,33,0.037771903986867986
800,0.8,ILSVRC2012_val_00041330,features.5.25,34,0.03835943182196934
800,0.8,ILSVRC2012_val_00041330,features.5.26,35,0.037764498467295196
800,0.8,ILSVRC2012_val_00041330,features.6,36,0.018212709595798512
800,0.8,ILSVRC2012_val_00041330,features.7.0,37,0.019878018067480296
800,0.8,ILSVRC2012_val_00041330,features.7.1,38,0.01960118679064908
800,0.8,ILSVRC2012_val_00041330,features.7.2,39,0.018724178570875664
800,0.8,ILSVRC2012_val_00041330,classifier,40,0.056282413182547314
800,0.8,ILSVRC2012_val_00048463,features.0,0,0.013141562177552258
800,0.8,ILSVRC2012_val_00048463,features.1.0,1,0.026744157417735552
800,0.8,ILSVRC2012_val_00048463,features.1.1,2,0.05209198051202111
800,0.8,ILSVRC2012_val_00048463,features.1.2,3,0.0518222460601246
800,0.8,ILSVRC2012_val_00048463,features.2,4,0.04002142159600044
800,0.8,ILSVRC2012_val_00048463,features.3.0,5,0.03994603425893001
800,0.8,ILSVRC2012_val_00048463,features.3.1,6,0.04272883110318798
800,0.8,ILSVRC2012_val_00048463,features.3.2,7,0.04152096025540959
800,0.8,ILSVRC2012_val_00048463,features.4,8,0.054462296626268655
800,0.8,ILSVRC2012_val_00048463,features.5.0,9,0.051518999787687786
800,0.8,ILSVRC2012_val_00048463,features.5.1,10,0.046851410449540706
800,0.8,ILSVRC2012_val_00048463,features.5.2,11,0.045887251347478016
800,0.8,ILSVRC2012_val_00048463,features.5.3,12,0.04528941169317113
800,0.8,ILSVRC2012_val_00048463,features.5.4,13,0.04663903859254788
800,0.8,ILSVRC2012_val_00048463,features.5.5,14,0.04650364675940364
800,0.8,ILSVRC2012_val_00048463,features.5.6,15,0.04622292128726258
800,0.8,ILSVRC2012_val_00048463,features.5.7,16,0.04491518840406206
800,0.8,ILSVRC2012_val_00048463,features.5.8,17,0.04335784160456388
800,0.8,ILSVRC2012_val_00048463,features.5.9,18,0.04178157857057522
800,0.8,ILSVRC2012_val_00048463,features.5.10,19,0.04047855297237402
800,0.8,ILSVRC2012_val_00048463,features.5.11,20,0.039133437353099
800,0.8,ILSVRC2012_val_00048463,features.5.12,21,0.039053522276750297
800,0.8,ILSVRC2012_val_00048463,features.5.13,22,0.0385178344261658
800,0.8,ILSVRC2012_val_00048463,features.5.14,23,0.03823104504321236
800,0.8,ILSVRC2012_val_00048463,features.5.15,24,0.037477998156187825
800,0.8,ILSVRC2012_val_00048463,features.5.16,25,0.0371817788000626
800,0.8,ILSVRC2012_val_00048463,features.5.17,26,0.036233211535232845
800,0.8,ILSVRC2012_val_00048463,features.5.18,27,0.03738976686698152
800,0.8,ILSVRC2012_val_00048463,features.5.19,28,0.03764921324007446
800,0.8,ILSVRC2012_val_00048463,features.5.20,29,0.037285158518992834
800,0.8,ILSVRC2012_val_00048463,features.5.21,30,0.03798452477826504
800,0.8,ILSVRC2012_val_00048463,features.5.22,31,0.03881715281367361
800,0.8,ILSVRC2012_val_00048463,features.5.23,32,0.04144835892473929
800,0.8,ILSVRC2012_val_00048463,features.5.24,33,0.04375001795508433
800,0.8,ILSVRC2012_val_00048463,features.5.25,34,0.04467775352604804
800,0.8,ILSVRC2012_val_00048463,features.5.26,35,0.04310974136390723
800,0.8,ILSVRC2012_val_00048463,features.6,36,0.02942002496527857
800,0.8,ILSVRC2012_val_00048463,features.7.0,37,0.03014063588302815
800,0.8,ILSVRC2012_val_00048463,features.7.1,38,0.0281648061821179
800,0.8,ILSVRC2012_val_00048463,features.7.2,39,0.024747286460144093
800,0.8,ILSVRC2012_val_00048463,classifier,40,0.06486685832892544
999,0.999,ILSVRC2012_val_00000487,features.0,0,0.0033002513429673855
999,0.999,ILSVRC2012_val_00000487,features.1.0,1,0.005381204157951291
999,0.999,ILSVRC2012_val_00000487,features.1.1,2,0.035940948049305005
999,0.999,ILSVRC2012_val_00000487,features.1.2,3,0.03405572343047243
999,0.999,ILSVRC2012_val_00000487,features.2,4,0.027603659541113306
999,0.999,ILSVRC2012_val_00000487,features.3.0,5,0.028948604598408565
999,0.999,ILSVRC2012_val_00000487,features.3.1,6,0.0315140530501958
999,0.999,ILSVRC2012_val_00000487,features.3.2,7,0.02936434859596193
999,0.999,ILSVRC2012_val_00000487,features.4,8,0.03705882050521905
999,0.999,ILSVRC2012_val_00000487,features.5.0,9,0.03535210032440955
999,0.999,ILSVRC2012_val_00000487,features.5.1,10,0.032834900066023694
999,0.999,ILSVRC2012_val_00000487,features.5.2,11,0.03225062507146504
999,0.999,ILSVRC2012_val_00000487,features.5.3,12,0.032264626062067696
999,0.999,ILSVRC2012_val_00000487,features.5.4,13,0.032426984373771124
999,0.999,ILSVRC2012_val_00000487,features.5.5,14,0.0315264348157798
999,0.999,ILSVRC2012_val_00000487,features.5.6,15,0.031466779188078366
999,0.999,ILSVRC2012_val_00000487,features.5.7,16,0.03022441459755646
999,0.999,ILSVRC2012_val_00000487,features.5.8,17,0.028242468112963257
999,0.999,ILSVRC2012_val_00000487,features.5.9,18,0.027608663676219294
999,0.999,ILSVRC2012_val_00000487,features.5.10,19,0.026249643621908035
999,0.999,ILSVRC2012_val_00000487,features.5.11,20,0.026346509281836916
999,0.999,ILSVRC2012_val_00000487,features.5.12,21,0.02702764056448359
999,0.999,ILSVRC2012_val_00000487,features.5.13,22,0.02665144075904391
999,0.999,ILSVRC2012_val_00000487,features.5.14,23,0.027416762667824515
999,0.999,ILSVRC2012_val_00000487,features.5.15,24,0.026985684140236117
999,0.999,ILSVRC2012_val_00000487,features.5.16,25,0.027744285381166266
999,0.999,ILSVRC2012_val_00000487,features.5.17,26,0.027159570462419652
999,0.999,ILSVRC2012_val_00000487,features.5.18,27,0.028438615678111092
999,0.999,ILSVRC2012_val_00000487,features.5.19,28,0.028890795512881595
999,0.999,ILSVRC2012_val_00000487,features.5.20,29,0.029053843062196393
999,0.999,ILSVRC2012_val_00000487,features.5.21,30,0.030779541142634117
999,0.999,ILSVRC2012_val_00000487,features.5.22,31,0.032208725148229866
999,0.999,ILSVRC2012_val_00000487,features.5.23,32,0.034258857289329175
999,0.999,ILSVRC2012_val_00000487,features.5.24,33,0.035310627633181865
999,0.999,ILSVRC2012_val_00000487,features.5.25,34,0.03649066331033828
999,0.999,ILSVRC2012_val_00000487,features.5.26,35,0.03535712782770861
999,0.999,ILSVRC2012_val_00000487,features.6,36,0.02893504046899034
999,0.999,ILSVRC2012_val_00000487,features.7.0,37,0.027803134115238208
999,0.999,ILSVRC2012_val_00000487,features.7.1,38,0.025749905306030996
999,0.999,ILSVRC2012_val_00000487,features.7.2,39,0.02292044107566471
999,0.999,ILSVRC2012_val_00000487,classifier,40,0.05433022358460585
999,0.999,ILSVRC2012_val_00000681,features.0,0,0.004506847966171337
999,0.999,ILSVRC2012_val_00000681,features.1.0,1,0.029999013197259047
999,0.999,ILSVRC2012_val_00000681,features.1.1,2,0.041145302280318
999,0.999,ILSVRC2012_val_00000681,features.1.2,3,0.042498724152683284
999,0.999,ILSVRC2012_val_00000681,features.2,4,0.03759912060457282
999,0.999,ILSVRC2012_val_00000681,features.3.0,5,0.03445841730339453
999,0.999,ILSVRC2012_val_00000681,features.3.1,6,0.03698300511564594
999,0.999,ILSVRC2012_val_00000681,features.3.2,7,0.03677483668923378
999,0.999,ILSVRC2012_val_00000681,features.4,8,0.042764556484995414
999,0.999,ILSVRC2012_val_00000681,features.5.0,9,0.04110418455622857
999,0.999,ILSVRC2012_val_00000681,features.5.1,10,0.037675898683955884
999,0.999,ILSVRC2012_val_00000681,features.5.2,11,0.037590085446776354
999,0.999,ILSVRC2012_val_00000681,features.5.3,12,0.037252907561021856
999,0.999,ILSVRC2012_val_00000681,features.5.4,13,0.03977003829355817
999,0.999,ILSVRC2012_val_00000681,features.5.5,14,0.03879956786561525
999,0.999,ILSVRC2012_val_00000681,features.5.6,15,0.037411362474900664
999,0.999,ILSVRC2012_val_00000681,features.5.7,16,0.03547739589039702
999,0.999,ILSVRC2012_val_00000681,features.5.8,17,0.03471317618706962
999,0.999,ILSVRC2012_val_00000681,features.5.9,18,0.03305532310908893
999,0.999,ILSVRC2012_val_00000681,features.5.10,19,0.03196660026314203
999,0.999,ILSVRC2012_val_00000681,features.5.11,20,0.031393491748138325
999,0.999,ILSVRC2012_val_00000681,features.5.12,21,0.03078764033160405
999,0.999,ILSVRC2012_val_00000681,features.5.13,22,0.030205540583410764
999,0.999,ILSVRC2012_val_00000681,features.5.14,23,0.03056810996506829
999,0.999,ILSVRC2012_val_00000681,features.5.15,24,0.02935065628006123
999,0.999,ILSVRC2012_val_00000681,features.5.16,25,0.029234352685802153
999,0.999,ILSVRC2012_val_00000681,features.5.17,26,0.028099620799534025
999,0.999,ILSVRC2012_val_00000681,features.5.18,27,0.02877250824199291
999,0.999,ILSVRC2012_val_00000681,features.5.19,28,0.028215329640894196
999,0.999,ILSVRC2012_val_00000681,features.5.20,29,0.026740655244793743
999,0.999,ILSVRC2012_val_00000681,features.5.21,30,0.024808859986776954
999,0.999,ILSVRC2012_val_00000681,features.5.22,31,0.022611296896182468
999,0.999,ILSVRC2012_val_00000681,features.5.23,32,0.02289209936821135
999,0.999,ILSVRC2012_val_00000681,features.5.24,33,0.02094267625926295
999,0.999,ILSVRC2012_val_00000681,features.5.25,34,0.019228755562624426
999,0.999,ILSVRC2012_val_00000681,features.5.26,35,0.015509935652924465
999,0.999,ILSVRC2012_val_00000681,features.6,36,0.021310160288383485
999,0.999,ILSVRC2012_val_00000681,features.7.0,37,0.021976010142592713
999,0.999,ILSVRC2012_val_00000681,features.7.1,38,0.02166117751895217
999,0.999,ILSVRC2012_val_00000681,features.7.2,39,0.020021784899814522
999,0.999,ILSVRC2012_val_00000681,classifier,40,0.04421155798132531
999,0.999,ILSVRC2012_val_00000729,features.0,0,0.016241614849364854
999,0.999,ILSVRC2012_val_00000729,features.1.0,1,0.04506160871032625
999,0.999,ILSVRC2012_val_00000729,features.1.1,2,0.05787134968535975
999,0.999,ILSVRC2012_val_00000729,features.1.2,3,0.06046420173463412
999,0.999,ILSVRC2012_val_00000729,features.2,4,0.0445935584527906
999,0.999,ILSVRC2012_val_00000729,features.3.0,5,0.041279622113099323
999,0.999,ILSVRC2012_val_00000729,features.3.1,6,0.04378292346652597
999,0.999,ILSVRC2012_val_00000729,features.3.2,7,0.04462141027720645
999,0.999,ILSVRC2012_val_00000729,features.4,8,0.049621951972541864
999,0.999,ILSVRC2012_val_00000729,features.5.0,9,0.04632517504965654
999,0.999,ILSVRC2012_val_00000729,features.5.1,10,0.043195892087067485
999,0.999,ILSVRC2012_val_00000729,features.5.2,11,0.04169178887465387
999,0.999,ILSVRC2012_val_00000729,features.5.3,12,0.0405947857570718
999,0.999,ILSVRC2012_val_00000729,features.5.4,13,0.040827423993207046
999,0.999,ILSVRC2012_val_00000729,features.5.5,14,0.04083707030687947
999,0.999,ILSVRC2012_val_00000729,features.5.6,15,0.040498019868537086
999,0.999,ILSVRC2012_val_00000729,features.5.7,16,0.038700818738434464
999,0.999,ILSVRC2012_val_00000729,features.5.8,17,0.035982745609129785
999,0.999,ILSVRC2012_val_00000729,features.5.9,18,0.033811632816388736
999,0.999,ILSVRC2012_val_00000729,features.5.10,19,0.03108628273138311
999,0.999,ILSVRC2012_val_00000729,features.5.11,20,0.030039458213141187
999,0.999,ILSVRC2012_val_00000729,features.5.12,21,0.03022347782884026
999,0.999,ILSVRC2012_val_00000729,features.5.13,22,0.029080132759700065
999,0.999,ILSVRC2012_val_00000729,features.5.14,23,0.02925561621086672
999,0.999,ILSVRC2012_val_00000729,features.5.15,24,0.02797164798335871
999,0.999,ILSVRC2012_val_00000729,features.5.16,25,0.028153735210857123
999,0.999,ILSVRC2012_val_00000729,features.5.17,26,0.026765030720620413
999,0.999,ILSVRC2012_val_00000729,features.5.18,27,0.027372371280915103
999,0.999,ILSVRC2012_val_00000729,features.5.19,28,0.02699138705607038
999,0.999,ILSVRC2012_val_00000729,features.5.20,29,0.0261936330946628
999,0.999,ILSVRC2012_val_00000729,features.5.21,30,0.02640196111158002
999,0.999,ILSVRC2012_val_00000729,features.5.22,31,0.02669687092723325
999,0.999,ILSVRC2012_val_00000729,features.5.23,32,0.028506852913938927
999,0.999,ILSVRC2012_val_00000729,features.5.24,33,0.030374441685213242
999,0.999,ILSVRC2012_val_00000729,features.5.25,34,0.032915621160180306
999,0.999,ILSVRC2012_val_00000729,features.5.26,35,0.033746230926481074
999,0.999,ILSVRC2012_val_00000729,features.6,36,0.025394855844730047
999,0.999,ILSVRC2012_val_00000729,features.7.0,37,0.025252511556900573
999,0.999,ILSVRC2012_val_00000729,features.7.1,38,0.024865718051965816
999,0.999,ILSVRC2012_val_00000729,features.7.2,39,0.022871720075432672
999,0.999,ILSVRC2012_val_00000729,classifier,40,0.058824944170657534
999,0.999,ILSVRC2012_val_00000974,features.0,0,0.015178920419362843
999,0.999,ILSVRC2012_val_00000974,features.1.0,1,0.039060327841201795
999,0.999,ILSVRC2012_val_00000974,features.1.1,2,0.05691783482837491
999,0.999,ILSVRC2012_val_00000974,features.1.2,3,0.05500441851234064
999,0.999,ILSVRC2012_val_00000974,features.2,4,0.04140267422806937
999,0.999,ILSVRC2012_val_00000974,features.3.0,5,0.04020896080834791
999,0.999,ILSVRC2012_val_00000974,features.3.1,6,0.041102776950690895
999,0.999,ILSVRC2012_val_00000974,features.3.2,7,0.037018662220682015
999,0.999,ILSVRC2012_val_00000974,features.4,8,0.048043360134761307
999,0.999,ILSVRC2012_val_00000974,features.5.0,9,0.04586128370498773
999,0.999,ILSVRC2012_val_00000974,features.5.1,10,0.04344902800914133
999,0.999,ILSVRC2012_val_00000974,features.5.2,11,0.04231133691954892
999,0.999,ILSVRC2012_val_00000974,features.5.3,12,0.04200084962463006
999,0.999,ILSVRC2012_val_00000974,features.5.4,13,0.04226611165475333
999,0.999,ILSVRC2012_val_00000974,features.5.5,14,0.040219520905171516
999,0.999,ILSVRC2012_val_00000974,features.5.6,15,0.0393465661474038
999,0.999,ILSVRC2012_val_00000974,features.5.7,16,0.0375192288167309
999,0.999,ILSVRC2012_val_00000974,features.5.8,17,0.03583290133142145
999,0.999,ILSVRC2012_val_00000974,features.5.9,18,0.03469565013522515
999,0.999,ILSVRC2012_val_00000974,features.5.10,19,0.03342952580226119
999,0.999,ILSVRC2012_val_00000974,features.5.11,20,0.033068006448622324
999,0.999,ILSVRC2012_val_00000974,features.5.12,21,0.03357869027653942
999,0.999,ILSVRC2012_val_00000974,features.5.13,22,0.03290726527315564
999,0.999,ILSVRC2012_val_00000974,features.5.14,23,0.03282096255803481
999,0.999,ILSVRC2012_val_00000974,features.5.15,24,0.03118960174964741
999,0.999,ILSVRC2012_val_00000974,features.5.16,25,0.031774604209116666
999,0.999,ILSVRC2012_val_00000974,features.5.17,26,0.030314794814243214
999,0.999,ILSVRC2012_val_00000974,features.5.18,27,0.030789025974168906
999,0.999,ILSVRC2012_val_00000974,features.5.19,28,0.030178124991711228
999,0.999,ILSVRC2012_val_00000974,features.5.20,29,0.02907391362218186
999,0.999,ILSVRC2012_val_00000974,features.5.21,30,0.026610959833225936
999,0.999,ILSVRC2012_val_00000974,features.5.22,31,0.02471622754546115
999,0.999,ILSVRC2012_val_00000974,features.5.23,32,0.026718932417454197
999,0.999,ILSVRC2012_val_00000974,features.5.24,33,0.02795638763508759
999,0.999,ILSVRC2012_val_00000974,features.5.25,34,0.029276442985050374
999,0.999,ILSVRC2012_val_00000974,features.5.26,35,0.028544595901796126
999,0.999,ILSVRC2012_val_00000974,features.6,36,0.033976204347156445
999,0.999,ILSVRC2012_val_00000974,features.7.0,37,0.03343204581132158
999,0.999,ILSVRC2012_val_00000974,features.7.1,38,0.0332376848666463
999,0.999,ILSVRC2012_val_00000974,features.7.2,39,0.031221034166985184
999,0.999,ILSVRC2012_val_00000974,classifier,40,0.08320374491647817
999,0.999,ILSVRC2012_val_00003449,features.0,0,0.008078117405471857
999,0.999,ILSVRC2012_val_00003449,features.1.0,1,0.028837150006904264
999,0.999,ILSVRC2012_val_00003449,features.1.1,2,0.049969737790059296
999,0.999,ILSVRC2012_val_00003449,features.1.2,3,0.052061666973400866
999,0.999,ILSVRC2012_val_00003449,features.2,4,0.039728573422413316
999,0.999,ILSVRC2012_val_00003449,features.3.0,5,0.03551146686694119
999,0.999,ILSVRC2012_val_00003449,features.3.1,6,0.0358229839829728
999,0.999,ILSVRC2012_val_00003449,features.3.2,7,0.03369469672616106
999,0.999,ILSVRC2012_val_00003449,features.4,8,0.04057712165010162
999,0.999,ILSVRC2012_val_00003449,features.5.0,9,0.03866035488073248
999,0.999,ILSVRC2012_val_00003449,features.5.1,10,0.035976073546160475
999,0.999,ILSVRC2012_val_00003449,features.5.2,11,0.03541001698799663
999,0.999,ILSVRC2012_val_00003449,features.5.3,12,0.03529909487720578
999,0.999,ILSVRC2012_val_00003449,features.5.4,13,0.03573138738845591
999,0.999,ILSVRC2012_val_00003449,features.5.5,14,0.03448622557002818
999,0.999,ILSVRC2012_val_00003449,features.5.6,15,0.034284106228966264
999,0.999,ILSVRC2012_val_00003449,features.5.7,16,0.03335297746118158
999,0.999,ILSVRC2012_val_00003449,features.5.8,17,0.03182011692615924
999,0.999,ILSVRC2012_val_00003449,features.5.9,18,0.030290555895189752
999,0.999,ILSVRC2012_val_00003449,features.5.10,19,0.029135803726851
999,0.999,ILSVRC2012_val_00003449,features.5.11,20,0.028699745777616043
999,0.999,ILSVRC2012_val_00003449,features.5.12,21,0.029109616249974348
999,0.999,ILSVRC2012_val_00003449,features.5.13,22,0.02780405373766552
999,0.999,ILSVRC2012_val_00003449,features.5.14,23,0.027781906945863737
999,0.999,ILSVRC2012_val_00003449,features.5.15,24,0.025569551612396026
999,0.999,ILSVRC2012_val_00003449,features.5.16,25,0.025970009465061592
999,0.999,ILSVRC2012_val_00003449,features.5.17,26,0.024741200108663177
999,0.999,ILSVRC2012_val_00003449,features.5.18,27,0.025291129802470093
999,0.999,ILSVRC2012_val_00003449,features.5.19,28,0.02456354263128014
999,0.999,ILSVRC2012_val_00003449,features.5.20,29,0.02340648917783983
999,0.999,ILSVRC2012_val_00003449,features.5.21,30,0.022719866288709454
999,0.999,ILSVRC2012_val_00003449,features.5.22,31,0.022824427340878167
999,0.999,ILSVRC2012_val_00003449,features.5.23,32,0.02591514489581459
999,0.999,ILSVRC2012_val_00003449,features.5.24,33,0.028515178539324552
999,0.999,ILSVRC2012_val_00003449,features.5.25,34,0.03010976515844232
999,0.999,ILSVRC2012_val_00003449,features.5.26,35,0.0286048210709705
999,0.999,ILSVRC2012_val_00003449,features.6,36,0.024082158956123752
999,0.999,ILSVRC2012_val_00003449,features.7.0,37,0.02462734228250338
999,0.999,ILSVRC2012_val_00003449,features.7.1,38,0.025202427287498722
999,0.999,ILSVRC2012_val_00003449,features.7.2,39,0.02389027207589243
999,0.999,ILSVRC2012_val_00003449,classifier,40,0.07154690874158404
999,0.999,ILSVRC2012_val_00005130,features.0,0,0.011975093793240367
999,0.999,ILSVRC2012_val_00005130,features.1.0,1,0.029314240893931122
999,0.999,ILSVRC2012_val_00005130,features.1.1,2,0.0453578834462678
999,0.999,ILSVRC2012_val_00005130,features.1.2,3,0.042634907559026027
999,0.999,ILSVRC2012_val_00005130,features.2,4,0.04305829835846088
999,0.999,ILSVRC2012_val_00005130,features.3.0,5,0.036437157043721524
999,0.999,ILSVRC2012_val_00005130,features.3.1,6,0.03666933831968344
999,0.999,ILSVRC2012_val_00005130,features.3.2,7,0.040966988717555074
999,0.999,ILSVRC2012_val_00005130,features.4,8,0.04777232841012301
999,0.999,ILSVRC2012_val_00005130,features.5.0,9,0.0462526147502358
999,0.999,ILSVRC2012_val_00005130,features.5.1,10,0.04380341323377797
999,0.999,ILSVRC2012_val_00005130,features.5.2,11,0.04416518046939745
999,0.999,ILSVRC2012_val_00005130,features.5.3,12,0.04437684762664139
999,0.999,ILSVRC2012_val_00005130,features.5.4,13,0.04747079505724833
999,0.999,ILSVRC2012_val_00005130,features.5.5,14,0.04609515909664333
999,0.999,ILSVRC2012_val_00005130,features.5.6,15,0.04510194898740155
999,0.999,ILSVRC2012_val_00005130,features.5.7,16,0.04258100214699516
999,0.999,ILSVRC2012_val_00005130,features.5.8,17,0.04117737374064746
999,0.999,ILSVRC2012_val_00005130,features.5.9,18,0.03983897593326401
999,0.999,ILSVRC2012_val_00005130,features.5.10,19,0.03831457785476232
999,0.999,ILSVRC2012_val_00005130,features.5.11,20,0.03664342444005888
999,0.999,ILSVRC2012_val_00005130,features.5.12,21,0.03515036640426843
999,0.999,ILSVRC2012_val_00005130,features.5.13,22,0.034492456039937676
999,0.999,ILSVRC2012_val_00005130,features.5.14,23,0.03412235605000751
999,0.999,ILSVRC2012_val_00005130,features.5.15,24,0.03200517630501417
999,0.999,ILSVRC2012_val_00005130,features.5.16,25,0.03204323133034632
999,0.999,ILSVRC2012_val_00005130,features.5.17,26,0.03079283039859729
999,0.999,ILSVRC2012_val_00005130,features.5.18,27,0.03151654032734223
999,0.999,ILSVRC2012_val_00005130,features.5.19,28,0.031003483231994325
999,0.999,ILSVRC2012_val_00005130,features.5.20,29,0.030279106532223522
999,0.999,ILSVRC2012_val_00005130,features.5.21,30,0.029276357011753136
999,0.999,ILSVRC2012_val_00005130,features.5.22,31,0.029506147721316666
999,0.999,ILSVRC2012_val_00005130,features.5.23,32,0.03123252521827817
999,0.999,ILSVRC2012_val_00005130,features.5.24,33,0.031650361122679896
999,0.999,ILSVRC2012_val_00005130,features.5.25,34,0.03230715242598672
999,0.999,ILSVRC2012_val_00005130,features.5.26,35,0.03213773491012398
999,0.999,ILSVRC2012_val_00005130,features.6,36,0.023569898785091935
999,0.999,ILSVRC2012_val_00005130,features.7.0,37,0.024910033605701758
999,0.999,ILSVRC2012_val_00005130,features.7.1,38,0.02389054237288656
999,0.999,ILSVRC2012_val_00005130,features.7.2,39,0.02214834668888943
999,0.999,ILSVRC2012_val_00005130,classifier,40,0.0437588784827385
999,0.999,ILSVRC2012_val_00006808,features.0,0,0.009481731676904021
999,0.999,ILSVRC2012_val_00006808,features.1.0,1,0.0470276077161543
999,0.999,ILSVRC2012_val_00006808,features.1.1,2,0.06016991177457384
999,0.999,ILSVRC2012_val_00006808,features.1.2,3,0.05718941671377979
999,0.999,ILSVRC2012_val_00006808,features.2,4,0.045904736920492725
999,0.999,ILSVRC2012_val_00006808,features.3.0,5,0.04182636329752859
999,0.999,ILSVRC2012_val_00006808,features.3.1,6,0.03754831493739039
999,0.999,ILSVRC2012_val_00006808,features.3.2,7,0.03334131526597775
999,0.999,ILSVRC2012_val_00006808,features.4,8,0.04477294856868684
999,0.999,ILSVRC2012_val_00006808,features.5.0,9,0.041452625554171396
999,0.999,ILSVRC2012_val_00006808,features.5.1,10,0.03834141823719256
999,0.999,ILSVRC2012_val_00006808,features.5.2,11,0.03660935787740163
999,0.999,ILSVRC2012_val_00006808,features.5.3,12,0.0353845319901593
999,0.999,ILSVRC2012_val_00006808,features.5.4,13,0.033348505190224385
999,0.999,ILSVRC2012_val_00006808,features.5.5,14,0.03151085326389875
999,0.999,ILSVRC2012_val_00006808,features.5.6,15,0.03262712210736936
999,0.999,ILSVRC2012_val_00006808,features.5.7,16,0.03182872837153264
999,0.999,ILSVRC2012_val_00006808,features.5.8,17,0.031474588690849487
999,0.999,ILSVRC2012_val_00006808,features.5.9,18,0.030152659553481495
999,0.999,ILSVRC2012_val_00006808,features.5.10,19,0.02895946429623291
999,0.999,ILSVRC2012_val_00006808,features.5.11,20,0.02885337747639278
999,0.999,ILSVRC2012_val_00006808,features.5.12,21,0.02887713445187546
999,0.999,ILSVRC2012_val_00006808,features.5.13,22,0.028824367221590368
999,0.999,ILSVRC2012_val_00006808,features.5.14,23,0.028398257121851202
999,0.999,ILSVRC2012_val_00006808,features.5.15,24,0.02706719983892981
999,0.999,ILSVRC2012_val_00006808,features.5.16,25,0.027053256556973795
999,0.999,ILSVRC2012_val_00006808,features.5.17,26,0.026994804941059554
999,0.999,ILSVRC2012_val_00006808,features.5.18,27,0.027570658083306623
999,0.999,ILSVRC2012_val_00006808,features.5.19,28,0.028327854168775958
999,0.999,ILSVRC2012_val_00006808,features.5.20,29,0.028196491369511932
999,0.999,ILSVRC2012_val_00006808,features.5.21,30,0.029338166109402666
999,0.999,ILSVRC2012_val_00006808,features.5.22,31,0.030835489541408606
999,0.999,ILSVRC2012_val_00006808,features.5.23,32,0.031976869041245665
999,0.999,ILSVRC2012_val_00006808,features.5.24,33,0.032220390077156484
999,0.999,ILSVRC2012_val_00006808,features.5.25,34,0.033159774896106685
999,0.999,ILSVRC2012_val_00006808,features.5.26,35,0.03319027450116119
999,0.999,ILSVRC2012_val_00006808,features.6,36,0.022627332522301
999,0.999,ILSVRC2012_val_00006808,features.7.0,37,0.021710994426859545
999,0.999,ILSVRC2012_val_00006808,features.7.1,38,0.019746311260329094
999,0.999,ILSVRC2012_val_00006808,features.7.2,39,0.017995297394169024
999,0.999,ILSVRC2012_val_00006808,classifier,40,0.01856601637438871
999,0.999,ILSVRC2012_val_00010733,features.0,0,0.004565637951134699
999,0.999,ILSVRC2012_val_00010733,features.1.0,1,0.019090138048108198
999,0.999,ILSVRC2012_val_00010733,features.1.1,2,0.03812992532690987
999,0.999,ILSVRC2012_val_00010733,features.1.2,3,0.03992664204922039
999,0.999,ILSVRC2012_val_00010733,features.2,4,0.034367267598165205
999,0.999,ILSVRC2012_val_00010733,features.3.0,5,0.030580029072938487
999,0.999,ILSVRC2012_val_00010733,features.3.1,6,0.03529988489462994
999,0.999,ILSVRC2012_val_00010733,features.3.2,7,0.03561494349653367
999,0.999,ILSVRC2012_val_00010733,features.4,8,0.04420560057112016
999,0.999,ILSVRC2012_val_00010733,features.5.0,9,0.04287409941168153
999,0.999,ILSVRC2012_val_00010733,features.5.1,10,0.03949206745432457
999,0.999,ILSVRC2012_val_00010733,features.5.2,11,0.039311894750222565
999,0.999,ILSVRC2012_val_00010733,features.5.3,12,0.03970832194713876
999,0.999,ILSVRC2012_val_00010733,features.5.4,13,0.04169587637315272
999,0.999,ILSVRC2012_val_00010733,features.5.5,14,0.04181410699000117
999,0.999,ILSVRC2012_val_00010733,features.5.6,15,0.0413219768498675
999,0.999,ILSVRC2012_val_00010733,features.5.7,16,0.04055163584748516
999,0.999,ILSVRC2012_val_00010733,features.5.8,17,0.03987581384938676
999,0.999,ILSVRC2012_val_00010733,features.5.9,18,0.038392792704165915
999,0.999,ILSVRC2012_val_00010733,features.5.10,19,0.03801282732206164
999,0.999,ILSVRC2012_val_00010733,features.5.11,20,0.03674144205008634
999,0.999,ILSVRC2012_val_00010733,features.5.12,21,0.03579199602780864
999,0.999,ILSVRC2012_val_00010733,features.5.13,22,0.0345620037689805
999,0.999,ILSVRC2012_val_00010733,features.5.14,23,0.034487963894614955
999,0.999,ILSVRC2012_val_00010733,features.5.15,24,0.0334165235622786
999,0.999,ILSVRC2012_val_00010733,features.5.16,25,0.03348365335771814
999,0.999,ILSVRC2012_val_00010733,features.5.17,26,0.03230533357104287
999,0.999,ILSVRC2012_val_00010733,features.5.18,27,0.03278935101954266
999,0.999,ILSVRC2012_val_00010733,features.5.19,28,0.032159006623551256
999,0.999,ILSVRC2012_val_00010733,features.5.20,29,0.03136470359226223
999,0.999,ILSVRC2012_val_00010733,features.5.21,30,0.030677535071852616
999,0.999,ILSVRC2012_val_00010733,features.5.22,31,0.030280702559161
999,0.999,ILSVRC2012_val_00010733,features.5.23,32,0.03179268463922199
999,0.999,ILSVRC2012_val_00010733,features.5.24,33,0.033067406155983914
999,0.999,ILSVRC2012_val_00010733,features.5.25,34,0.03493804687960073
999,0.999,ILSVRC2012_val_00010733,features.5.26,35,0.03443585435440764
999,0.999,ILSVRC2012_val_00010733,features.6,36,0.023762593858933544
999,0.999,ILSVRC2012_val_00010733,features.7.0,37,0.023943922654143537
999,0.999,ILSVRC2012_val_00010733,features.7.1,38,0.022801400721538814
999,0.999,ILSVRC2012_val_00010733,features.7.2,39,0.02028400497615803
999,0.999,ILSVRC2012_val_00010733,classifier,40,0.04495694522093982
999,0.999,ILSVRC2012_val_00014541,features.0,0,0.000299874250893486
999,0.999,ILSVRC2012_val_00014541,features.1.0,1,0.01465719246375375
999,0.999,ILSVRC2012_val_00014541,features.1.1,2,0.03472448380064452
999,0.999,ILSVRC2012_val_00014541,features.1.2,3,0.035465005793143066
999,0.999,ILSVRC2012_val_00014541,features.2,4,0.03126339926663786
999,0.999,ILSVRC2012_val_00014541,features.3.0,5,0.027266856712056326
999,0.999,ILSVRC2012_val_00014541,features.3.1,6,0.029428165880148304
999,0.999,ILSVRC2012_val_00014541,features.3.2,7,0.030539755815989344
999,0.999,ILSVRC2012_val_00014541,features.4,8,0.039050626720243606
999,0.999,ILSVRC2012_val_00014541,features.5.0,9,0.037636476716492326
999,0.999,ILSVRC2012_val_00014541,features.5.1,10,0.03544568875280675
999,0.999,ILSVRC2012_val_00014541,features.5.2,11,0.03759576512128115
999,0.999,ILSVRC2012_val_00014541,features.5.3,12,0.03946589146874613
999,0.999,ILSVRC2012_val_00014541,features.5.4,13,0.04516883225925267
999,0.999,ILSVRC2012_val_00014541,features.5.5,14,0.04522335635271156
999,0.999,ILSVRC2012_val_00014541,features.5.6,15,0.044189494109828954
999,0.999,ILSVRC2012_val_00014541,features.5.7,16,0.04270748428034131
999,0.999,ILSVRC2012_val_00014541,features.5.8,17,0.04205614840053022
999,0.999,ILSVRC2012_val_00014541,features.5.9,18,0.04077275484974962
999,0.999,ILSVRC2012_val_00014541,features.5.10,19,0.039618589945137506
999,0.999,ILSVRC2012_val_00014541,features.5.11,20,0.03876171222876292
999,0.999,ILSVRC2012_val_00014541,features.5.12,21,0.03765121757209999
999,0.999,ILSVRC2012_val_00014541,features.5.13,22,0.03731052699626889
999,0.999,ILSVRC2012_val_00014541,features.5.14,23,0.03777065793261864
999,0.999,ILSVRC2012_val_00014541,features.5.15,24,0.035450744551722896
999,0.999,ILSVRC2012_val_00014541,features.5.16,25,0.035538556794985195
999,0.999,ILSVRC2012_val_00014541,features.5.17,26,0.03457205719838385
999,0.999,ILSVRC2012_val_00014541,features.5.18,27,0.03614100005524233
999,0.999,ILSVRC2012_val_00014541,features.5.19,28,0.036064233558601694
999,0.999,ILSVRC2012_val_00014541,features.5.20,29,0.03575385351083242
999,0.999,ILSVRC2012_val_00014541,features.5.21,30,0.03724164965888486
999,0.999,ILSVRC2012_val_00014541,features.5.22,31,0.03850152512872592
999,0.999,ILSVRC2012_val_00014541,features.5.23,32,0.041345412388676776
999,0.999,ILSVRC2012_val_00014541,features.5.24,33,0.04463633746467531
999,0.999,ILSVRC2012_val_00014541,features.5.25,34,0.048691023350693294
999,0.999,ILSVRC2012_val_00014541,features.5.26,35,0.05104276397125796
999,0.999,ILSVRC2012_val_00014541,features.6,36,0.041218548961565835
999,0.999,ILSVRC2012_val_00014541,features.7.0,37,0.03969490718736779
999,0.999,ILSVRC2012_val_00014541,features.7.1,38,0.03783802837471013
999,0.999,ILSVRC2012_val_00014541,features.7.2,39,0.03450622269860469
999,0.999,ILSVRC2012_val_00014541,classifier,40,0.05923988828761505
999,0.999,ILSVRC2012_val_00018922,features.0,0,-0.006554315497400243
999,0.999,ILSVRC2012_val_00018922,features.1.0,1,0.023391652511665598
999,0.999,ILSVRC2012_val_00018922,features.1.1,2,0.04537202386534773
999,0.999,ILSVRC2012_val_00018922,features.1.2,3,0.05604033754323609
999,0.999,ILSVRC2012_val_00018922,features.2,4,0.039167256201326384
999,0.999,ILSVRC2012_val_00018922,features.3.0,5,0.036873542104614895
999,0.999,ILSVRC2012_val_00018922,features.3.1,6,0.0468937585267704
999,0.999,ILSVRC2012_val_00018922,features.3.2,7,0.05107704924163409
999,0.999,ILSVRC2012_val_00018922,features.4,8,0.047822550491662695
999,0.999,ILSVRC2012_val_00018922,features.5.0,9,0.04877274589124135
999,0.999,ILSVRC2012_val_00018922,features.5.1,10,0.04466851419396698
999,0.999,ILSVRC2012_val_00018922,features.5.2,11,0.04480461916222703
999,0.999,ILSVRC2012_val_00018922,features.5.3,12,0.04442376637418056
999,0.999,ILSVRC2012_val_00018922,features.5.4,13,0.04751548348931829
999,0.999,ILSVRC2012_val_00018922,features.5.5,14,0.04582265002431814
999,0.999,ILSVRC2012_val_00018922,features.5.6,15,0.0446235071537667
999,0.999,ILSVRC2012_val_00018922,features.5.7,16,0.04301474841078743
999,0.999,ILSVRC2012_val_00018922,features.5.8,17,0.042378237430006266
999,0.999,ILSVRC2012_val_00018922,features.5.9,18,0.04115026821580249
999,0.999,ILSVRC2012_val_00018922,features.5.10,19,0.03974093429307686
999,0.999,ILSVRC2012_val_00018922,features.5.11,20,0.0384530821829685
999,0.999,ILSVRC2012_val_00018922,features.5.12,21,0.0386356853521429
999,0.999,ILSVRC2012_val_00018922,features.5.13,22,0.03805020397802582
999,0.999,ILSVRC2012_val_00018922,features.5.14,23,0.03841620710474672
999,0.999,ILSVRC2012_val_00018922,features.5.15,24,0.0370706346934312
999,0.999,ILSVRC2012_val_00018922,features.5.16,25,0.037023862512316555
999,0.999,ILSVRC2012_val_00018922,features.5.17,26,0.03581294906546828
999,0.999,ILSVRC2012_val_00018922,features.5.18,27,0.0371168386262143
999,0.999,ILSVRC2012_val_00018922,features.5.19,28,0.036687222896376624
999,0.999,ILSVRC2012_val_00018922,features.5.20,29,0.0358508878183784
999,0.999,ILSVRC2012_val_00018922,features.5.21,30,0.03519783680071123
999,0.999,ILSVRC2012_val_00018922,features.5.22,31,0.034491411141003486
999,0.999,ILSVRC2012_val_00018922,features.5.23,32,0.03571028423309326
999,0.999,ILSVRC2012_val_00018922,features.5.24,33,0.03679449604125693
999,0.999,ILSVRC2012_val_00018922,features.5.25,34,0.038226746393949726
999,0.999,ILSVRC2012_val_00018922,features.5.26,35,0.0371999114503269
999,0.999,ILSVRC2012_val_00018922,features.6,36,0.03146296480589081
999,0.999,ILSVRC2012_val_00018922,features.7.0,37,0.031366552633146055
999,0.999,ILSVRC2012_val_00018922,features.7.1,38,0.03024429776874604
999,0.999,ILSVRC2012_val_00018922,features.7.2,39,0.027765244546113538
999,0.999,ILSVRC2012_val_00018922,classifier,40,0.0622028394753579
999,0.999,ILSVRC2012_val_00025924,features.0,0,0.011329501735541269
999,0.999,ILSVRC2012_val_00025924,features.1.0,1,0.02857571142783854
999,0.999,ILSVRC2012_val_00025924,features.1.1,2,0.042981202357797885
999,0.999,ILSVRC2012_val_00025924,features.1.2,3,0.03933258991886396
999,0.999,ILSVRC2012_val_00025924,features.2,4,0.03108446327433921
999,0.999,ILSVRC2012_val_00025924,features.3.0,5,0.02969868511846289
999,0.999,ILSVRC2012_val_00025924,features.3.1,6,0.03184936694591306
999,0.999,ILSVRC2012_val_00025924,features.3.2,7,0.027748584028333426
999,0.999,ILSVRC2012_val_00025924,features.4,8,0.03450918552652002
999,0.999,ILSVRC2012_val_00025924,features.5.0,9,0.032727563881751846
999,0.999,ILSVRC2012_val_00025924,features.5.1,10,0.03075192331365542
999,0.999,ILSVRC2012_val_00025924,features.5.2,11,0.030399558620178145
999,0.999,ILSVRC2012_val_00025924,features.5.3,12,0.031111954612890257
999,0.999,ILSVRC2012_val_00025924,features.5.4,13,0.03276067245879676
999,0.999,ILSVRC2012_val_00025924,features.5.5,14,0.03270295103947865
999,0.999,ILSVRC2012_val_00025924,features.5.6,15,0.03362104959209682
999,0.999,ILSVRC2012_val_00025924,features.5.7,16,0.03297792270220816
999,0.999,ILSVRC2012_val_00025924,features.5.8,17,0.03231827464990783
999,0.999,ILSVRC2012_val_00025924,features.5.9,18,0.03153488853984163
999,0.999,ILSVRC2012_val_00025924,features.5.10,19,0.031119938128802458
999,0.999,ILSVRC2012_val_00025924,features.5.11,20,0.030923317006789148
999,0.999,ILSVRC2012_val_00025924,features.5.12,21,0.030314298677665642
999,0.999,ILSVRC2012_val_00025924,features.5.13,22,0.029790357586054597
999,0.999,ILSVRC2012_val_00025924,features.5.14,23,0.0303655059588491
999,0.999,ILSVRC2012_val_00025924,features.5.15,24,0.029644534406019378
999,0.999,ILSVRC2012_val_00025924,features.5.16,25,0.030109475710109107
999,0.999,ILSVRC2012_val_00025924,features.5.17,26,0.029369521605432967
999,0.999,ILSVRC2012_val_00025924,features.5.18,27,0.029784294023993428
999,0.999,ILSVRC2012_val_00025924,features.5.19,28,0.029620045053889044
999,0.999,ILSVRC2012_val_00025924,features.5.20,29,0.02962072191538755
999,0.999,ILSVRC2012_val_00025924,features.5.21,30,0.030967598173767326
999,0.999,ILSVRC2012_val_00025924,features.5.22,31,0.032187461125547996
999,0.999,ILSVRC2012_val_00025924,features.5.23,32,0.03505606817256194
999,0.999,ILSVRC2012_val_00025924,features.5.24,33,0.037313010375015436
999,0.999,ILSVRC2012_val_00025924,features.5.25,34,0.03984777135658078
999,0.999,ILSVRC2012_val_00025924,features.5.26,35,0.04073055569001008
999,0.999,ILSVRC2012_val_00025924,features.6,36,0.033276681158749856
999,0.999,ILSVRC2012_val_00025924,features.7.0,37,0.0334784944759449
999,0.999,ILSVRC2012_val_00025924,features.7.1,38,0.03196289529709611
999,0.999,ILSVRC2012_val_00025924,features.7.2,39,0.029799682941520588
999,0.999,ILSVRC2012_val_00025924,classifier,40,0.06088116633403115
999,0.999,ILSVRC2012_val_00027450,features.0,0,0.006766772067698186
999,0.999,ILSVRC2012_val_00027450,features.1.0,1,0.011736429332639093
999,0.999,ILSVRC2012_val_00027450,features.1.1,2,0.03938549873058218
999,0.999,ILSVRC2012_val_00027450,features.1.2,3,0.03819827039481606
999,0.999,ILSVRC2012_val_00027450,features.2,4,0.03610164422774688
999,0.999,ILSVRC2012_val_00027450,features.3.0,5,0.03449625563912559
999,0.999,ILSVRC2012_val_00027450,features.3.1,6,0.036579325833474285
999,0.999,ILSVRC2012_val_00027450,features.3.2,7,0.03710455697134603
999,0.999,ILSVRC2012_val_00027450,features.4,8,0.05022090207575821
999,0.999,ILSVRC2012_val_00027450,features.5.0,9,0.04617349212206318
999,0.999,ILSVRC2012_val_00027450,features.5.1,10,0.04197777992585907
999,0.999,ILSVRC2012_val_00027450,features.5.2,11,0.04252437058689247
999,0.999,ILSVRC2012_val_00027450,features.5.3,12,0.042793860430596395
999,0.999,ILSVRC2012_val_00027450,features.5.4,13,0.04638535658060573
999,0.999,ILSVRC2012_val_00027450,features.5.5,14,0.046131465424899945
999,0.999,ILSVRC2012_val_00027450,features.5.6,15,0.0444250864306814
999,0.999,ILSVRC2012_val_00027450,features.5.7,16,0.04270933143381262
999,0.999,ILSVRC2012_val_00027450,features.5.8,17,0.04261610478936927
999,0.999,ILSVRC2012_val_00027450,features.5.9,18,0.04114227548585041
999,0.999,ILSVRC2012_val_00027450,features.5.10,19,0.04024149681249401
999,0.999,ILSVRC2012_val_00027450,features.5.11,20,0.038991423260071316
999,0.999,ILSVRC2012_val_00027450,features.5.12,21,0.03764582060358953
999,0.999,ILSVRC2012_val_00027450,features.5.13,22,0.03739913460309617
999,0.999,ILSVRC2012_val_00027450,features.5.14,23,0.03732467313919915
999,0.999,ILSVRC2012_val_00027450,features.5.15,24,0.035923588889651
999,0.999,ILSVRC2012_val_00027450,features.5.16,25,0.03560583450226114
999,0.999,ILSVRC2012_val_00027450,features.5.17,26,0.03432949526538141
999,0.999,ILSVRC2012_val_00027450,features.5.18,27,0.03528338114288636
999,0.999,ILSVRC2012_val_00027450,features.5.19,28,0.03481515785254305
999,0.999,ILSVRC2012_val_00027450,features.5.20,29,0.03482810844684718
999,0.999,ILSVRC2012_val_00027450,features.5.21,30,0.035070813473954326
999,0.999,ILSVRC2012_val_00027450,features.5.22,31,0.03514668962679571
999,0.999,ILSVRC2012_val_00027450,features.5.23,32,0.03713658533233684
999,0.999,ILSVRC2012_val_00027450,features.5.24,33,0.039834183379542074
999,0.999,ILSVRC2012_val_00027450,features.5.25,34,0.04272137191565707
999,0.999,ILSVRC2012_val_00027450,features.5.26,35,0.04470344251906499
999,0.999,ILSVRC2012_val_00027450,features.6,36,0.03940267272514757
999,0.999,ILSVRC2012_val_00027450,features.7.0,37,0.03906142486847238
999,0.999,ILSVRC2012_val_00027450,features.7.1,38,0.03762524427013705
999,0.999,ILSVRC2012_val_00027450,features.7.2,39,0.035497060852881984
999,0.999,ILSVRC2012_val_00027450,classifier,40,0.08297462202236057
999,0.999,ILSVRC2012_val_00029063,features.0,0,0.008422307598782939
999,0.999,ILSVRC2012_val_00029063,features.1.0,1,0.021701202578027733
999,0.999,ILSVRC2012_val_00029063,features.1.1,2,0.04283215498365462
999,0.999,ILSVRC2012_val_00029063,features.1.2,3,0.04508772450417746
999,0.999,ILSVRC2012_val_00029063,features.2,4,0.037888131932500985
999,0.999,ILSVRC2012_val_00029063,features.3.0,5,0.03634972566983197
999,0.999,ILSVRC2012_val_00029063,features.3.1,6,0.03728559403429972
999,0.999,ILSVRC2012_val_00029063,features.3.2,7,0.03516297857981408
999,0.999,ILSVRC2012_val_00029063,features.4,8,0.04836834996321704
999,0.999,ILSVRC2012_val_00029063,features.5.0,9,0.04447527610464022
999,0.999,ILSVRC2012_val_00029063,features.5.1,10,0.04184371921792626
999,0.999,ILSVRC2012_val_00029063,features.5.2,11,0.04184975996694994
999,0.999,ILSVRC2012_val_00029063,features.5.3,12,0.04262518828874454
999,0.999,ILSVRC2012_val_00029063,features.5.4,13,0.04298443218675675
999,0.999,ILSVRC2012_val_00029063,features.5.5,14,0.041651806235779076
999,0.999,ILSVRC2012_val_00029063,features.5.6,15,0.04104831009439658
999,0.999,ILSVRC2012_val_00029063,features.5.7,16,0.03907155686031911
999,0.999,ILSVRC2012_val_00029063,features.5.8,17,0.0366157806465053
999,0.999,ILSVRC2012_val_00029063,features.5.9,18,0.035129562422283926
999,0.999,ILSVRC2012_val_00029063,features.5.10,19,0.034222688211128116
999,0.999,ILSVRC2012_val_00029063,features.5.11,20,0.03346222728287103
999,0.999,ILSVRC2012_val_00029063,features.5.12,21,0.032798062104149726
999,0.999,ILSVRC2012_val_00029063,features.5.13,22,0.03272700836049626
999,0.999,ILSVRC2012_val_00029063,features.5.14,23,0.032838384656060954
999,0.999,ILSVRC2012_val_00029063,features.5.15,24,0.03110084528569132
999,0.999,ILSVRC2012_val_00029063,features.5.16,25,0.031571180172963065
999,0.999,ILSVRC2012_val_00029063,features.5.17,26,0.03043098065652885
999,0.999,ILSVRC2012_val_00029063,features.5.18,27,0.031029318651766516
999,0.999,ILSVRC2012_val_00029063,features.5.19,28,0.031521517688408496
999,0.999,ILSVRC2012_val_00029063,features.5.20,29,0.03125590540893609
999,0.999,ILSVRC2012_val_00029063,features.5.21,30,0.03116389900876675
999,0.999,ILSVRC2012_val_00029063,features.5.22,31,0.030007946010213348
999,0.999,ILSVRC2012_val_00029063,features.5.23,32,0.031226468686538285
999,0.999,ILSVRC2012_val_00029063,features.5.24,33,0.03159807922702748
999,0.999,ILSVRC2012_val_00029063,features.5.25,34,0.03224763807252748
999,0.999,ILSVRC2012_val_00029063,features.5.26,35,0.030372009812941546
999,0.999,ILSVRC2012_val_00029063,features.6,36,0.03247542873653583
999,0.999,ILSVRC2012_val_00029063,features.7.0,37,0.03274453351518605
999,0.999,ILSVRC2012_val_00029063,features.7.1,38,0.030759526490117428
999,0.999,ILSVRC2012_val_00029063,features.7.2,39,0.028390893798845355
999,0.999,ILSVRC2012_val_00029063,classifier,40,0.08965921963215806
999,0.999,ILSVRC2012_val_00030419,features.0,0,0.009739611354307271
999,0.999,ILSVRC2012_val_00030419,features.1.0,1,0.02253309605858522
999,0.999,ILSVRC2012_val_00030419,features.1.1,2,0.044993231891712636
999,0.999,ILSVRC2012_val_00030419,features.1.2,3,0.037388060367666176
999,0.999,ILSVRC2012_val_00030419,features.2,4,0.02979345732694492
999,0.999,ILSVRC2012_val_00030419,features.3.0,5,0.03312251628329978
999,0.999,ILSVRC2012_val_00030419,features.3.1,6,0.03624189663748257
999,0.999,ILSVRC2012_val_00030419,features.3.2,7,0.03379787518805824
999,0.999,ILSVRC2012_val_00030419,features.4,8,0.04699443457694724
999,0.999,ILSVRC2012_val_00030419,features.5.0,9,0.04388972263227334
999,0.999,ILSVRC2012_val_00030419,features.5.1,10,0.041431261605175684
999,0.999,ILSVRC2012_val_00030419,features.5.2,11,0.04076678245444782
999,0.999,ILSVRC2012_val_00030419,features.5.3,12,0.040688047652307435
999,0.999,ILSVRC2012_val_00030419,features.5.4,13,0.042993622083551605
999,0.999,ILSVRC2012_val_00030419,features.5.5,14,0.042504090624774116
999,0.999,ILSVRC2012_val_00030419,features.5.6,15,0.04231647389914725
999,0.999,ILSVRC2012_val_00030419,features.5.7,16,0.041486912572407164
999,0.999,ILSVRC2012_val_00030419,features.5.8,17,0.038778303568775305
999,0.999,ILSVRC2012_val_00030419,features.5.9,18,0.03751050980167929
999,0.999,ILSVRC2012_val_00030419,features.5.10,19,0.03645974469097564
999,0.999,ILSVRC2012_val_00030419,features.5.11,20,0.03577173219871475
999,0.999,ILSVRC2012_val_00030419,features.5.12,21,0.03633240467816359
999,0.999,ILSVRC2012_val_00030419,features.5.13,22,0.035520147986244414
999,0.999,ILSVRC2012_val_00030419,features.5.14,23,0.035126617516274564
999,0.999,ILSVRC2012_val_00030419,features.5.15,24,0.03407183355942834
999,0.999,ILSVRC2012_val_00030419,features.5.16,25,0.03357406417891616
999,0.999,ILSVRC2012_val_00030419,features.5.17,26,0.032381471846834764
999,0.999,ILSVRC2012_val_00030419,features.5.18,27,0.03329306769859977
999,0.999,ILSVRC2012_val_00030419,features.5.19,28,0.03365842422837159
999,0.999,ILSVRC2012_val_00030419,features.5.20,29,0.0341742341062054
999,0.999,ILSVRC2012_val_00030419,features.5.21,30,0.03577647060368326
999,0.999,ILSVRC2012_val_00030419,features.5.22,31,0.03755443582253065
999,0.999,ILSVRC2012_val_00030419,features.5.23,32,0.04075551311392337
999,0.999,ILSVRC2012_val_00030419,features.5.24,33,0.043119345332845116
999,0.999,ILSVRC2012_val_00030419,features.5.25,34,0.045708868751418774
999,0.999,ILSVRC2012_val_00030419,features.5.26,35,0.046001260544522665
999,0.999,ILSVRC2012_val_00030419,features.6,36,0.03205826478591189
999,0.999,ILSVRC2012_val_00030419,features.7.0,37,0.032153630812739725
999,0.999,ILSVRC2012_val_00030419,features.7.1,38,0.030402116955898242
999,0.999,ILSVRC2012_val_00030419,features.7.2,39,0.028417533333355095
999,0.999,ILSVRC2012_val_00030419,classifier,40,0.0705431685631629
999,0.999,ILSVRC2012_val_00030425,features.0,0,0.02307628522516461
999,0.999,ILSVRC2012_val_00030425,features.1.0,1,0.035690139504498807
999,0.999,ILSVRC2012_val_00030425,features.1.1,2,0.05089774577110075
999,0.999,ILSVRC2012_val_00030425,features.1.2,3,0.046963366813375616
999,0.999,ILSVRC2012_val_00030425,features.2,4,0.04274594130471815
999,0.999,ILSVRC2012_val_00030425,features.3.0,5,0.03821671409346164
999,0.999,ILSVRC2012_val_00030425,features.3.1,6,0.034280047504114924
999,0.999,ILSVRC2012_val_00030425,features.3.2,7,0.03109802627214231
999,0.999,ILSVRC2012_val_00030425,features.4,8,0.04066471888005617
999,0.999,ILSVRC2012_val_00030425,features.5.0,9,0.036345361712301384
999,0.999,ILSVRC2012_val_00030425,features.5.1,10,0.0340253223964246
999,0.999,ILSVRC2012_val_00030425,features.5.2,11,0.03259511856079916
999,0.999,ILSVRC2012_val_00030425,features.5.3,12,0.03124567643523915
999,0.999,ILSVRC2012_val_00030425,features.5.4,13,0.03035794810121297
999,0.999,ILSVRC2012_val_00030425,features.5.5,14,0.030776211608928863
999,0.999,ILSVRC2012_val_00030425,features.5.6,15,0.03049652908233111
999,0.999,ILSVRC2012_val_00030425,features.5.7,16,0.030070303532585965
999,0.999,ILSVRC2012_val_00030425,features.5.8,17,0.031200034900219182
999,0.999,ILSVRC2012_val_00030425,features.5.9,18,0.0308521892685676
999,0.999,ILSVRC2012_val_00030425,features.5.10,19,0.03099775353891892
999,0.999,ILSVRC2012_val_00030425,features.5.11,20,0.03064233645019704
999,0.999,ILSVRC2012_val_00030425,features.5.12,21,0.03121428272340563
999,0.999,ILSVRC2012_val_00030425,features.5.13,22,0.030274740881985056
999,0.999,ILSVRC2012_val_00030425,features.5.14,23,0.030624519338831306
999,0.999,ILSVRC2012_val_00030425,features.5.15,24,0.02964068991545355
999,0.999,ILSVRC2012_val_00030425,features.5.16,25,0.02945065917103784
999,0.999,ILSVRC2012_val_00030425,features.5.17,26,0.02920872937596869
999,0.999,ILSVRC2012_val_00030425,features.5.18,27,0.02987883681769017
999,0.999,ILSVRC2012_val_00030425,features.5.19,28,0.030056588533450848
999,0.999,ILSVRC2012_val_00030425,features.5.20,29,0.030264026152319275
999,0.999,ILSVRC2012_val_00030425,features.5.21,30,0.030929738793987777
999,0.999,ILSVRC2012_val_00030425,features.5.22,31,0.03125113546021749
999,0.999,ILSVRC2012_val_00030425,features.5.23,32,0.032739963767759034
999,0.999,ILSVRC2012_val_00030425,features.5.24,33,0.03487908756011166
999,0.999,ILSVRC2012_val_00030425,features.5.25,34,0.03642786266125041
999,0.999,ILSVRC2012_val_00030425,features.5.26,35,0.03743755710730329
999,0.999,ILSVRC2012_val_00030425,features.6,36,0.03045978636923246
999,0.999,ILSVRC2012_val_00030425,features.7.0,37,0.028742946109035987
999,0.999,ILSVRC2012_val_00030425,features.7.1,38,0.02624885012535378
999,0.999,ILSVRC2012_val_00030425,features.7.2,39,0.024641308417310936
999,0.999,ILSVRC2012_val_00030425,classifier,40,0.04829078527959063
999,0.999,ILSVRC2012_val_00035318,features.0,0,0.010075666301418103
999,0.999,ILSVRC2012_val_00035318,features.1.0,1,0.04040957101288951
999,0.999,ILSVRC2012_val_00035318,features.1.1,2,0.04674857746891212
999,0.999,ILSVRC2012_val_00035318,features.1.2,3,0.046086683666449975
999,0.999,ILSVRC2012_val_00035318,features.2,4,0.04418999752425589
999,0.999,ILSVRC2012_val_00035318,features.3.0,5,0.039355847891885794
999,0.999,ILSVRC2012_val_00035318,features.3.1,6,0.03959444896387868
999,0.999,ILSVRC2012_val_00035318,features.3.2,7,0.04335026447009296
999,0.999,ILSVRC2012_val_00035318,features.4,8,0.0488648156845593
999,0.999,ILSVRC2012_val_00035318,features.5.0,9,0.045397766755631896
999,0.999,ILSVRC2012_val_00035318,features.5.1,10,0.04158175071276492
999,0.999,ILSVRC2012_val_00035318,features.5.2,11,0.04163622576082708
999,0.999,ILSVRC2012_val_00035318,features.5.3,12,0.040798822158481934
999,0.999,ILSVRC2012_val_00035318,features.5.4,13,0.0429221704012598
999,0.999,ILSVRC2012_val_00035318,features.5.5,14,0.041408392756071416
999,0.999,ILSVRC2012_val_00035318,features.5.6,15,0.04167622126621427
999,0.999,ILSVRC2012_val_00035318,features.5.7,16,0.03838955197867472
999,0.999,ILSVRC2012_val_00035318,features.5.8,17,0.0365625011518714
999,0.999,ILSVRC2012_val_00035318,features.5.9,18,0.035914483935514
999,0.999,ILSVRC2012_val_00035318,features.5.10,19,0.03444753372384003
999,0.999,ILSVRC2012_val_00035318,features.5.11,20,0.0337767529769335
999,0.999,ILSVRC2012_val_00035318,features.5.12,21,0.032572579509927896
999,0.999,ILSVRC2012_val_00035318,features.5.13,22,0.0324409687735606
999,0.999,ILSVRC2012_val_00035318,features.5.14,23,0.03218675459449878
999,0.999,ILSVRC2012_val_00035318,features.5.15,24,0.030375223676557657
999,0.999,ILSVRC2012_val_00035318,features.5.16,25,0.030630378756817664
999,0.999,ILSVRC2012_val_00035318,features.5.17,26,0.02955471556691919
999,0.999,ILSVRC2012_val_00035318,features.5.18,27,0.030424286017892883
999,0.999,ILSVRC2012_val_00035318,features.5.19,28,0.030265338590252214
999,0.999,ILSVRC2012_val_00035318,features.5.20,29,0.029409272181510463
999,0.999,ILSVRC2012_val_00035318,features.5.21,30,0.029431829858978745
999,0.999,ILSVRC2012_val_00035318,features.5.22,31,0.028711644505150614
999,0.999,ILSVRC2012_val_00035318,features.5.23,32,0.030259537483332682
999,0.999,ILSVRC2012_val_00035318,features.5.24,33,0.03111137071705889
999,0.999,ILSVRC2012_val_00035318,features.5.25,34,0.032142508412711324
999,0.999,ILSVRC2012_val_00035318,features.5.26,35,0.0329797072946094
999,0.999,ILSVRC2012_val_00035318,features.6,36,0.022274576349882412
999,0.999,ILSVRC2012_val_00035318,features.7.0,37,0.022554294750560075
999,0.999,ILSVRC2012_val_00035318,features.7.1,38,0.021204163795919162
999,0.999,ILSVRC2012_val_00035318,features.7.2,39,0.020116322826332186
999,0.999,ILSVRC2012_val_00035318,classifier,40,0.04428992358327379
999,0.999,ILSVRC2012_val_00035574,features.0,0,0.0008947586098802312
999,0.999,ILSVRC2012_val_00035574,features.1.0,1,0.012955560362664986
999,0.999,ILSVRC2012_val_00035574,features.1.1,2,0.035835176043212416
999,0.999,ILSVRC2012_val_00035574,features.1.2,3,0.037177493562980085
999,0.999,ILSVRC2012_val_00035574,features.2,4,0.03354215402365662
999,0.999,ILSVRC2012_val_00035574,features.3.0,5,0.02963007447961718
999,0.999,ILSVRC2012_val_00035574,features.3.1,6,0.032569663048838265
999,0.999,ILSVRC2012_val_00035574,features.3.2,7,0.033774120313930324
999,0.999,ILSVRC2012_val_00035574,features.4,8,0.041634880294092
999,0.999,ILSVRC2012_val_00035574,features.5.0,9,0.039310293868067676
999,0.999,ILSVRC2012_val_00035574,features.5.1,10,0.03534926495340188
999,0.999,ILSVRC2012_val_00035574,features.5.2,11,0.03537456840270898
999,0.999,ILSVRC2012_val_00035574,features.5.3,12,0.033973234784032684
999,0.999,ILSVRC2012_val_00035574,features.5.4,13,0.03485281590203522
999,0.999,ILSVRC2012_val_00035574,features.5.5,14,0.034565734129166234
999,0.999,ILSVRC2012_val_00035574,features.5.6,15,0.03399646341928746
999,0.999,ILSVRC2012_val_00035574,features.5.7,16,0.033241885418305174
999,0.999,ILSVRC2012_val_00035574,features.5.8,17,0.03214684226911049
999,0.999,ILSVRC2012_val_00035574,features.5.9,18,0.031772279451892246
999,0.999,ILSVRC2012_val_00035574,features.5.10,19,0.030586946478928442
999,0.999,ILSVRC2012_val_00035574,features.5.11,20,0.029674006454995835
999,0.999,ILSVRC2012_val_00035574,features.5.12,21,0.029180534654296934
999,0.999,ILSVRC2012_val_00035574,features.5.13,22,0.0290693159403163
999,0.999,ILSVRC2012_val_00035574,features.5.14,23,0.029668688091624065
999,0.999,ILSVRC2012_val_00035574,features.5.15,24,0.02914577104360797
999,0.999,ILSVRC2012_val_00035574,features.5.16,25,0.02925109567921027
999,0.999,ILSVRC2012_val_00035574,features.5.17,26,0.02837969308771426
999,0.999,ILSVRC2012_val_00035574,features.5.18,27,0.029063029013457708
999,0.999,ILSVRC2012_val_00035574,features.5.19,28,0.029176459336711556
999,0.999,ILSVRC2012_val_00035574,features.5.20,29,0.028087812367652083
999,0.999,ILSVRC2012_val_00035574,features.5.21,30,0.028695854953606617
999,0.999,ILSVRC2012_val_00035574,features.5.22,31,0.02855182626913302
999,0.999,ILSVRC2012_val_00035574,features.5.23,32,0.02935284574702382
999,0.999,ILSVRC2012_val_00035574,features.5.24,33,0.03002566330682021
999,0.999,ILSVRC2012_val_00035574,features.5.25,34,0.03148374704329762
999,0.999,ILSVRC2012_val_00035574,features.5.26,35,0.03087731764931232
999,0.999,ILSVRC2012_val_00035574,features.6,36,0.028191427477984688
999,0.999,ILSVRC2012_val_00035574,features.7.0,37,0.028660022800671866
999,0.999,ILSVRC2012_val_00035574,features.7.1,38,0.027490860243444326
999,0.999,ILSVRC2012_val_00035574,features.7.2,39,0.025461096509534396
999,0.999,ILSVRC2012_val_00035574,classifier,40,0.06268009971966967
999,0.999,ILSVRC2012_val_00036158,features.0,0,0.013579125099640807
999,0.999,ILSVRC2012_val_00036158,features.1.0,1,0.020922321282210762
999,0.999,ILSVRC2012_val_00036158,features.1.1,2,0.04616542671527714
999,0.999,ILSVRC2012_val_00036158,features.1.2,3,0.0390598896179581
999,0.999,ILSVRC2012_val_00036158,features.2,4,0.027808291756897238
999,0.999,ILSVRC2012_val_00036158,features.3.0,5,0.0314265791476937
999,0.999,ILSVRC2012_val_00036158,features.3.1,6,0.033568428726983256
999,0.999,ILSVRC2012_val_00036158,features.3.2,7,0.0316145288834814
999,0.999,ILSVRC2012_val_00036158,features.4,8,0.04068760999094229
999,0.999,ILSVRC2012_val_00036158,features.5.0,9,0.038169748719199564
999,0.999,ILSVRC2012_val_00036158,features.5.1,10,0.03571235737757525
999,0.999,ILSVRC2012_val_00036158,features.5.2,11,0.03519466734005255
999,0.999,ILSVRC2012_val_00036158,features.5.3,12,0.03491000823309878
999,0.999,ILSVRC2012_val_00036158,features.5.4,13,0.034830671050876845
999,0.999,ILSVRC2012_val_00036158,features.5.5,14,0.03341476427559974
999,0.999,ILSVRC2012_val_00036158,features.5.6,15,0.03346534366958076
999,0.999,ILSVRC2012_val_00036158,features.5.7,16,0.033093305821530514
999,0.999,ILSVRC2012_val_00036158,features.5.8,17,0.03104883212008281
999,0.999,ILSVRC2012_val_00036158,features.5.9,18,0.029553029232047265
999,0.999,ILSVRC2012_val_00036158,features.5.10,19,0.030274026677274378
999,0.999,ILSVRC2012_val_00036158,features.5.11,20,0.029453294245671714
999,0.999,ILSVRC2012_val_00036158,features.5.12,21,0.030512404936831446
999,0.999,ILSVRC2012_val_00036158,features.5.13,22,0.02950364036957035
999,0.999,ILSVRC2012_val_00036158,features.5.14,23,0.02997322972654365
999,0.999,ILSVRC2012_val_00036158,features.5.15,24,0.02992727421206655
999,0.999,ILSVRC2012_val_00036158,features.5.16,25,0.029526798904349564
999,0.999,ILSVRC2012_val_00036158,features.5.17,26,0.029192205121391455
999,0.999,ILSVRC2012_val_00036158,features.5.18,27,0.02987199015729129
999,0.999,ILSVRC2012_val_00036158,features.5.19,28,0.029906984016706703
999,0.999,ILSVRC2012_val_00036158,features.5.20,29,0.029893776162993164
999,0.999,ILSVRC2012_val_00036158,features.5.21,30,0.030581508552044397
999,0.999,ILSVRC2012_val_00036158,features.5.22,31,0.03163767702718905
999,0.999,ILSVRC2012_val_00036158,features.5.23,32,0.03312111224769615
999,0.999,ILSVRC2012_val_00036158,features.5.24,33,0.03387544460594654
999,0.999,ILSVRC2012_val_00036158,features.5.25,34,0.0354290833400446
999,0.999,ILSVRC2012_val_00036158,features.5.26,35,0.03540575408365111
999,0.999,ILSVRC2012_val_00036158,features.6,36,0.020359621725452595
999,0.999,ILSVRC2012_val_00036158,features.7.0,37,0.020913143968733495
999,0.999,ILSVRC2012_val_00036158,features.7.1,38,0.019369875296135437
999,0.999,ILSVRC2012_val_00036158,features.7.2,39,0.017098689239122906
999,0.999,ILSVRC2012_val_00036158,classifier,40,0.020271163514349613
999,0.999,ILSVRC2012_val_00041330,features.0,0,-0.0009737565705436268
999,0.999,ILSVRC2012_val_00041330,features.1.0,1,-0.005044448655738957
999,0.999,ILSVRC2012_val_00041330,features.1.1,2,0.016193104573176246
999,0.999,ILSVRC2012_val_00041330,features.1.2,3,0.012650785150530284
999,0.999,ILSVRC2012_val_00041330,features.2,4,0.017703170876950027
999,0.999,ILSVRC2012_val_00041330,features.3.0,5,0.0179281450919807
999,0.999,ILSVRC2012_val_00041330,features.3.1,6,0.021919548507896257
999,0.999,ILSVRC2012_val_00041330,features.3.2,7,0.017180440368189012
999,0.999,ILSVRC2012_val_00041330,features.4,8,0.0240642593196244
999,0.999,ILSVRC2012_val_00041330,features.5.0,9,0.022537974963634043
999,0.999,ILSVRC2012_val_00041330,features.5.1,10,0.022959596073313153
999,0.999,ILSVRC2012_val_00041330,features.5.2,11,0.023774464616901244
999,0.999,ILSVRC2012_val_00041330,features.5.3,12,0.026106261798879135
999,0.999,ILSVRC2012_val_00041330,features.5.4,13,0.031033324311283653
999,0.999,ILSVRC2012_val_00041330,features.5.5,14,0.03131046610011254
999,0.999,ILSVRC2012_val_00041330,features.5.6,15,0.03297930203168653
999,0.999,ILSVRC2012_val_00041330,features.5.7,16,0.031735735695750916
999,0.999,ILSVRC2012_val_00041330,features.5.8,17,0.03060635860686307
999,0.999,ILSVRC2012_val_00041330,features.5.9,18,0.03045254213834414
999,0.999,ILSVRC2012_val_00041330,features.5.10,19,0.02940643152710982
999,0.999,ILSVRC2012_val_00041330,features.5.11,20,0.029770716327097036
999,0.999,ILSVRC2012_val_00041330,features.5.12,21,0.030193119127245156
999,0.999,ILSVRC2012_val_00041330,features.5.13,22,0.030002719272481045
999,0.999,ILSVRC2012_val_00041330,features.5.14,23,0.02981891571893357
999,0.999,ILSVRC2012_val_00041330,features.5.15,24,0.02880358084430918
999,0.999,ILSVRC2012_val_00041330,features.5.16,25,0.029351088010444074
999,0.999,ILSVRC2012_val_00041330,features.5.17,26,0.02904582949716132
999,0.999,ILSVRC2012_val_00041330,features.5.18,27,0.031650854721141514
999,0.999,ILSVRC2012_val_00041330,features.5.19,28,0.03189909816085128
999,0.999,ILSVRC2012_val_00041330,features.5.20,29,0.03177927274710965
999,0.999,ILSVRC2012_val_00041330,features.5.21,30,0.033416089332662526
999,0.999,ILSVRC2012_val_00041330,features.5.22,31,0.03392383152531693
999,0.999,ILSVRC2012_val_00041330,features.5.23,32,0.03636384501296562
999,0.999,ILSVRC2012_val_00041330,features.5.24,33,0.03691561110690236
999,0.999,ILSVRC2012_val_00041330,features.5.25,34,0.0376006278427085
999,0.999,ILSVRC2012_val_00041330,features.5.26,35,0.03693249380670022
999,0.999,ILSVRC2012_val_00041330,features.6,36,0.01845582273439504
999,0.999,ILSVRC2012_val_00041330,features.7.0,37,0.020024675095279238
999,0.999,ILSVRC2012_val_00041330,features.7.1,38,0.019735113295377235
999,0.999,ILSVRC2012_val_00041330,features.7.2,39,0.018991535947367084
999,0.999,ILSVRC2012_val_00041330,classifier,40,0.051775234789121896
999,0.999,ILSVRC2012_val_00048463,features.0,0,0.010018343975418249
999,0.999,ILSVRC2012_val_00048463,features.1.0,1,0.02327878445095849
999,0.999,ILSVRC2012_val_00048463,features.1.1,2,0.04990416048408952
999,0.999,ILSVRC2012_val_00048463,features.1.2,3,0.04997775222943165
999,0.999,ILSVRC2012_val_00048463,features.2,4,0.039749709997850005
999,0.999,ILSVRC2012_val_00048463,features.3.0,5,0.03978155566041824
999,0.999,ILSVRC2012_val_00048463,features.3.1,6,0.04252284574462101
999,0.999,ILSVRC2012_val_00048463,features.3.2,7,0.04159705437580123
999,0.999,ILSVRC2012_val_00048463,features.4,8,0.05421638412168249
999,0.999,ILSVRC2012_val_00048463,features.5.0,9,0.051391954179736785
999,0.999,ILSVRC2012_val_00048463,features.5.1,10,0.046507223919441454
999,0.999,ILSVRC2012_val_00048463,features.5.2,11,0.04565375572186895
999,0.999,ILSVRC2012_val_00048463,features.5.3,12,0.045238641648786146
999,0.999,ILSVRC2012_val_00048463,features.5.4,13,0.04671454164286843
999,0.999,ILSVRC2012_val_00048463,features.5.5,14,0.046566650307737295
999,0.999,ILSVRC2012_val_00048463,features.5.6,15,0.04624199796817266
999,0.999,ILSVRC2012_val_00048463,features.5.7,16,0.04480868220620323
999,0.999,ILSVRC2012_val_00048463,features.5.8,17,0.04338527141028317
999,0.999,ILSVRC2012_val_00048463,features.5.9,18,0.04174645180231891
999,0.999,ILSVRC2012_val_00048463,features.5.10,19,0.04051129570032937
999,0.999,ILSVRC2012_val_00048463,features.5.11,20,0.03916746091819368
999,0.999,ILSVRC2012_val_00048463,features.5.12,21,0.039112497079418974
999,0.999,ILSVRC2012_val_00048463,features.5.13,22,0.038533793621580124
999,0.999,ILSVRC2012_val_00048463,features.5.14,23,0.03822616128093796
999,0.999,ILSVRC2012_val_00048463,features.5.15,24,0.03742804012261331
999,0.999,ILSVRC2012_val_00048463,features.5.16,25,0.03721044876275119
999,0.999,ILSVRC2012_val_00048463,features.5.17,26,0.03635127151303459
999,0.999,ILSVRC2012_val_00048463,features.5.18,27,0.03759335995337461
999,0.999,ILSVRC2012_val_00048463,features.5.19,28,0.037839313668198885
999,0.999,ILSVRC2012_val_00048463,features.5.20,29,0.03752254954684758
999,0.999,ILSVRC2012_val_00048463,features.5.21,30,0.03839097872062121
999,0.999,ILSVRC2012_val_00048463,features.5.22,31,0.03932494195783511
999,0.999,ILSVRC2012_val_00048463,features.5.23,32,0.04197449045372196
999,0.999,ILSVRC2012_val_00048463,features.5.24,33,0.04424673882045317
999,0.999,ILSVRC2012_val_00048463,features.5.25,34,0.04521421144122724
999,0.999,ILSVRC2012_val_00048463,features.5.26,35,0.0436253737344523
999,0.999,ILSVRC2012_val_00048463,features.6,36,0.029549108011764476
999,0.999,ILSVRC2012_val_00048463,features.7.0,37,0.030211375224462246
999,0.999,ILSVRC2012_val_00048463,features.7.1,38,0.028025540853734127
999,0.999,ILSVRC2012_val_00048463,features.7.2,39,0.024404959776962644
999,0.999,ILSVRC2012_val_00048463,classifier,40,0.06501672260637861
