noise_step,rho,image_name,layer,layer_idx,cosine_step1
0,0.0,ILSVRC2012_val_00000487,features.0,0,1.0
0,0.0,ILSVRC2012_val_00000487,features.1.0,1,1.0
0,0.0,ILSVRC2012_val_00000487,features.1.1,2,1.0
0,0.0,ILSVRC2012_val_00000487,features.1.2,3,1.0
0,0.0,ILSVRC2012_val_00000487,features.2,4,1.0
0,0.0,ILSVRC2012_val_00000487,features.3.0,5,1.0
0,0.0,ILSVRC2012_val_00000487,features.3.1,6,1.0
0,0.0,ILSVRC2012_val_00000487,features.3.2,7,1.0
0,0.0,ILSVRC2012_val_00000487,features.4,8,1.0
0,0.0,ILSVRC2012_val_00000487,features.5.0,9,1.0
0,0.0,ILSVRC2012_val_00000487,features.5.1,10,1.0
0,0.0,ILSVRC2012_val_00000487,features.5.2,11,1.0
0,0.0,ILSVRC2012_val_00000487,features.5.3,12,1.0
0,0.0,ILSVRC2012_val_00000487,features.5.4,13,1.0
0,0.0,ILSVRC2012_val_00000487,features.5.5,14,1.0
0,0.0,ILSVRC2012_val_00000487,features.5.6,15,1.0
0,0.0,ILSVRC2012_val_00000487,features.5.7,16,1.0
0,0.0,ILSVRC2012_val_00000487,features.5.8,17,1.0
0,0.0,ILSVRC2012_val_00000487,features.5.9,18,1.0
0,0.0,ILSVRC2012_val_00000487,features.5.10,19,1.0
0,0.0,ILSVRC2012_val_00000487,features.5.11,20,1.0
0,0.0,ILSVRC2012_val_00000487,features.5.12,21,1.0
0,0.0,ILSVRC2012_val_00000487,features.5.13,22,1.0
0,0.0,ILSVRC2012_val_00000487,features.5.14,23,1.0
0,0.0,ILSVRC2012_val_00000487,features.5.15,24,1.0
0,0.0,ILSVRC2012_val_00000487,features.5.16,25,1.0
0,0.0,ILSVRC2012_val_00000487,features.5.17,26,1.0
0,0.0,ILSVRC2012_val_00000487,features.5.18,27,1.0
0,0.0,ILSVRC2012_val_00000487,features.5.19,28,1.0
0,0.0,ILSVRC2012_val_00000487,features.5.20,29,1.0
0,0.0,ILSVRC2012_val_00000487,features.5.21,30,1.0
0,0.0,ILSVRC2012_val_00000487,features.5.22,31,1.0
0,0.0,ILSVRC2012_val_00000487,features.5.23,32,1.0
0,0.0,ILSVRC2012_val_00000487,features.5.24,33,1.0
0,0.0,ILSVRC2012_val_00000487,features.5.25,34,1.0
0,0.0,ILSVRC2012_val_00000487,features.5.26,35,1.0
0,0.0,ILSVRC2012_val_00000487,features.6,36,1.0
0,0.0,ILSVRC2012_val_00000487,features.7.0,37,1.0
0,0.0,ILSVRC2012_val_00000487,features.7.1,38,1.0
0,0.0,ILSVRC2012_val_00000487,features.7.2,39,1.0
0,0.0,ILSVRC2012_val_00000487,classifier,40,1.0
0,0.0,ILSVRC2012_val_00000681,features.0,0,1.0
0,0.0,ILSVRC2012_val_00000681,features.1.0,1,1.0
0,0.0,ILSVRC2012_val_00000681,features.1.1,2,1.0
0,0.0,ILSVRC2012_val_00000681,features.1.2,3,1.0
0,0.0,ILSVRC2012_val_00000681,features.2,4,1.0
0,0.0,ILSVRC2012_val_00000681,features.3.0,5,1.0
0,0.0,ILSVRC2012_val_00000681,features.3.1,6,1.0
0,0.0,ILSVRC2012_val_00000681,features.3.2,7,1.0
0,0.0,ILSVRC2012_val_00000681,features.4,8,1.0
0,0.0,ILSVRC2012_val_00000681,features.5.0,9,1.0
0,0.0,ILSVRC2012_val_00000681,features.5.1,10,1.0
0,0.0,ILSVRC2012_val_00000681,features.5.2,11,1.0
0,0.0,ILSVRC2012_val_00000681,features.5.3,12,1.0
0,0.0,ILSVRC2012_val_00000681,features.5.4,13,1.0
0,0.0,ILSVRC2012_val_00000681,features.5.5,14,1.0
0,0.0,ILSVRC2012_val_00000681,features.5.6,15,1.0
0,0.0,ILSVRC2012_val_00000681,features.5.7,16,1.0
0,0.0,ILSVRC2012_val_00000681,features.5.8,17,1.0
0,0.0,ILSVRC2012_val_00000681,features.5.9,18,1.0
0,0.0,ILSVRC2012_val_00000681,features.5.10,19,1.0
0,0.0,ILSVRC2012_val_00000681,features.5.11,20,1.0
0,0.0,ILSVRC2012_val_00000681,features.5.12,21,1.0
0,0.0,ILSVRC2012_val_00000681,features.5.13,22,1.0
0,0.0,ILSVRC2012_val_00000681,features.5.14,23,1.0
0,0.0,ILSVRC2012_val_00000681,features.5.15,24,1.0
0,0.0,ILSVRC2012_val_00000681,features.5.16,25,1.0
0,0.0,ILSVRC2012_val_00000681,features.5.17,26,1.0
0,0.0,ILSVRC2012_val_00000681,features.5.18,27,1.0
0,0.0,ILSVRC2012_val_00000681,features.5.19,28,1.0
0,0.0,ILSVRC2012_val_00000681,features.5.20,29,1.0
0,0.0,ILSVRC2012_val_00000681,features.5.21,30,1.0
0,0.0,ILSVRC2012_val_00000681,features.5.22,31,1.0
0,0.0,ILSVRC2012_val_00000681,features.5.23,32,1.0
0,0.0,ILSVRC2012_val_00000681,features.5.24,33,1.0
0,0.0,ILSVRC2012_val_00000681,features.5.25,34,1.0
0,0.0,ILSVRC2012_val_00000681,features.5.26,35,1.0
0,0.0,ILSVRC2012_val_00000681,features.6,36,1.0
0,0.0,ILSVRC2012_val_00000681,features.7.0,37,1.0
0,0.0,ILSVRC2012_val_00000681,features.7.1,38,1.0
0,0.0,ILSVRC2012_val_00000681,features.7.2,39,1.0
0,0.0,ILSVRC2012_val_00000681,classifier,40,1.0
0,0.0,ILSVRC2012_val_00000729,features.0,0,1.0
0,0.0,ILSVRC2012_val_00000729,features.1.0,1,1.0
0,0.0,ILSVRC2012_val_00000729,features.1.1,2,1.0
0,0.0,ILSVRC2012_val_00000729,features.1.2,3,1.0
0,0.0,ILSVRC2012_val_00000729,features.2,4,1.0
0,0.0,ILSVRC2012_val_00000729,features.3.0,5,1.0
0,0.0,ILSVRC2012_val_00000729,features.3.1,6,1.0
0,0.0,ILSVRC2012_val_00000729,features.3.2,7,1.0
0,0.0,ILSVRC2012_val_00000729,features.4,8,1.0
0,0.0,ILSVRC2012_val_00000729,features.5.0,9,1.0
0,0.0,ILSVRC2012_val_00000729,features.5.1,10,1.0
0,0.0,ILSVRC2012_val_00000729,features.5.2,11,1.0
0,0.0,ILSVRC2012_val_00000729,features.5.3,12,1.0
0,0.0,ILSVRC2012_val_00000729,features.5.4,13,1.0
0,0.0,ILSVRC2012_val_00000729,features.5.5,14,1.0
0,0.0,ILSVRC2012_val_00000729,features.5.6,15,1.0
0,0.0,ILSVRC2012_val_00000729,features.5.7,16,1.0
0,0.0,ILSVRC2012_val_00000729,features.5.8,17,1.0
0,0.0,ILSVRC2012_val_00000729,features.5.9,18,1.0
0,0.0,ILSVRC2012_val_00000729,features.5.10,19,1.0
0,0.0,ILSVRC2012_val_00000729,features.5.11,20,1.0
0,0.0,ILSVRC2012_val_00000729,features.5.12,21,1.0
0,0.0,ILSVRC2012_val_00000729,features.5.13,22,1.0
0,0.0,ILSVRC2012_val_00000729,features.5.14,23,1.0
0,0.0,ILSVRC2012_val_00000729,features.5.15,24,1.0
0,0.0,ILSVRC2012_val_00000729,features.5.16,25,1.0
0,0.0,ILSVRC2012_val_00000729,features.5.17,26,1.0
0,0.0,ILSVRC2012_val_00000729,features.5.18,27,1.0
0,0.0,ILSVRC2012_val_00000729,features.5.19,28,1.0
0,0.0,ILSVRC2012_val_00000729,features.5.20,29,1.0
0,0.0,ILSVRC2012_val_00000729,features.5.21,30,1.0
0,0.0,ILSVRC2012_val_00000729,features.5.22,31,1.0
0,0.0,ILSVRC2012_val_00000729,features.5.23,32,1.0
0,0.0,ILSVRC2012_val_00000729,features.5.24,33,1.0
0,0.0,ILSVRC2012_val_00000729,features.5.25,34,1.0
0,0.0,ILSVRC2012_val_00000729,features.5.26,35,1.0
0,0.0,ILSVRC2012_val_00000729,features.6,36,1.0
0,0.0,ILSVRC2012_val_00000729,features.7.0,37,1.0
0,0.0,ILSVRC2012_val_00000729,features.7.1,38,1.0
0,0.0,ILSVRC2012_val_00000729,features.7.2,39,1.0
0,0.0,ILSVRC2012_val_00000729,classifier,40,1.0
0,0.0,ILSVRC2012_val_00000974,features.0,0,1.0
0,0.0,ILSVRC2012_val_00000974,features.1.0,1,1.0
0,0.0,ILSVRC2012_val_00000974,features.1.1,2,1.0
0,0.0,ILSVRC2012_val_00000974,features.1.2,3,1.0
0,0.0,ILSVRC2012_val_00000974,features.2,4,1.0
0,0.0,ILSVRC2012_val_00000974,features.3.0,5,1.0
0,0.0,ILSVRC2012_val_00000974,features.3.1,6,1.0
0,0.0,ILSVRC2012_val_00000974,features.3.2,7,1.0
0,0.0,ILSVRC2012_val_00000974,features.4,8,1.0
0,0.0,ILSVRC2012_val_00000974,features.5.0,9,1.0
0,0.0,ILSVRC2012_val_00000974,features.5.1,10,1.0
0,0.0,ILSVRC2012_val_00000974,features.5.2,11,1.0
0,0.0,ILSVRC2012_val_00000974,features.5.3,12,1.0
0,0.0,ILSVRC2012_val_00000974,features.5.4,13,1.0
0,0.0,ILSVRC2012_val_00000974,features.5.5,14,1.0
0,0.0,ILSVRC2012_val_00000974,features.5.6,15,1.0
0,0.0,ILSVRC2012_val_00000974,features.5.7,16,1.0
0,0.0,ILSVRC2012_val_00000974,features.5.8,17,1.0
0,0.0,ILSVRC2012_val_00000974,features.5.9,18,1.0
0,0.0,ILSVRC2012_val_00000974,features.5.10,19,1.0
0,0.0,ILSVRC2012_val_00000974,features.5.11,20,1.0
0,0.0,ILSVRC2012_val_00000974,features.5.12,21,1.0
0,0.0,ILSVRC2012_val_00000974,features.5.13,22,1.0
0,0.0,ILSVRC2012_val_00000974,features.5.14,23,1.0
0,0.0,ILSVRC2012_val_00000974,features.5.15,24,1.0
0,0.0,ILSVRC2012_val_00000974,features.5.16,25,1.0
0,0.0,ILSVRC2012_val_00000974,features.5.17,26,1.0
0,0.0,ILSVRC2012_val_00000974,features.5.18,27,1.0
0,0.0,ILSVRC2012_val_00000974,features.5.19,28,1.0
0,0.0,ILSVRC2012_val_00000974,features.5.20,29,1.0
0,0.0,ILSVRC2012_val_00000974,features.5.21,30,1.0
0,0.0,ILSVRC2012_val_00000974,features.5.22,31,1.0
0,0.0,ILSVRC2012_val_00000974,features.5.23,32,1.0
0,0.0,ILSVRC2012_val_00000974,features.5.24,33,1.0
0,0.0,ILSVRC2012_val_00000974,features.5.25,34,1.0
0,0.0,ILSVRC2012_val_00000974,features.5.26,35,1.0
0,0.0,ILSVRC2012_val_00000974,features.6,36,1.0
0,0.0,ILSVRC2012_val_00000974,features.7.0,37,1.0
0,0.0,ILSVRC2012_val_00000974,features.7.1,38,1.0
0,0.0,ILSVRC2012_val_00000974,features.7.2,39,1.0
0,0.0,ILSVRC2012_val_00000974,classifier,40,1.0
0,0.0,ILSVRC2012_val_00003449,features.0,0,1.0
0,0.0,ILSVRC2012_val_00003449,features.1.0,1,1.0
0,0.0,ILSVRC2012_val_00003449,features.1.1,2,1.0
0,0.0,ILSVRC2012_val_00003449,features.1.2,3,1.0
0,0.0,ILSVRC2012_val_00003449,features.2,4,1.0
0,0.0,ILSVRC2012_val_00003449,features.3.0,5,1.0
0,0.0,ILSVRC2012_val_00003449,features.3.1,6,1.0
0,0.0,ILSVRC2012_val_00003449,features.3.2,7,1.0
0,0.0,ILSVRC2012_val_00003449,features.4,8,1.0
0,0.0,ILSVRC2012_val_00003449,features.5.0,9,1.0
0,0.0,ILSVRC2012_val_00003449,features.5.1,10,1.0
0,0.0,ILSVRC2012_val_00003449,features.5.2,11,1.0
0,0.0,ILSVRC2012_val_00003449,features.5.3,12,1.0
0,0.0,ILSVRC2012_val_00003449,features.5.4,13,1.0
0,0.0,ILSVRC2012_val_00003449,features.5.5,14,1.0
0,0.0,ILSVRC2012_val_00003449,features.5.6,15,1.0
0,0.0,ILSVRC2012_val_00003449,features.5.7,16,1.0
0,0.0,ILSVRC2012_val_00003449,features.5.8,17,1.0
0,0.0,ILSVRC2012_val_00003449,features.5.9,18,1.0
0,0.0,ILSVRC2012_val_00003449,features.5.10,19,1.0
0,0.0,ILSVRC2012_val_00003449,features.5.11,20,1.0
0,0.0,ILSVRC2012_val_00003449,features.5.12,21,1.0
0,0.0,ILSVRC2012_val_00003449,features.5.13,22,1.0
0,0.0,ILSVRC2012_val_00003449,features.5.14,23,1.0
0,0.0,ILSVRC2012_val_00003449,features.5.15,24,1.0
0,0.0,ILSVRC2012_val_00003449,features.5.16,25,1.0
0,0.0,ILSVRC2012_val_00003449,features.5.17,26,1.0
0,0.0,ILSVRC2012_val_00003449,features.5.18,27,1.0
0,0.0,ILSVRC2012_val_00003449,features.5.19,28,1.0
0,0.0,ILSVRC2012_val_00003449,features.5.20,29,1.0
0,0.0,ILSVRC2012_val_00003449,features.5.21,30,1.0
0,0.0,ILSVRC2012_val_00003449,features.5.22,31,1.0
0,0.0,ILSVRC2012_val_00003449,features.5.23,32,1.0
0,0.0,ILSVRC2012_val_00003449,features.5.24,33,1.0
0,0.0,ILSVRC2012_val_00003449,features.5.25,34,1.0
0,0.0,ILSVRC2012_val_00003449,features.5.26,35,1.0
0,0.0,ILSVRC2012_val_00003449,features.6,36,1.0
0,0.0,ILSVRC2012_val_00003449,features.7.0,37,1.0
0,0.0,ILSVRC2012_val_00003449,features.7.1,38,1.0
0,0.0,ILSVRC2012_val_00003449,features.7.2,39,1.0
0,0.0,ILSVRC2012_val_00003449,classifier,40,1.0
0,0.0,ILSVRC2012_val_00005130,features.0,0,1.0
0,0.0,ILSVRC2012_val_00005130,features.1.0,1,1.0
0,0.0,ILSVRC2012_val_00005130,features.1.1,2,1.0
0,0.0,ILSVRC2012_val_00005130,features.1.2,3,1.0
0,0.0,ILSVRC2012_val_00005130,features.2,4,1.0
0,0.0,ILSVRC2012_val_00005130,features.3.0,5,1.0
0,0.0,ILSVRC2012_val_00005130,features.3.1,6,1.0
0,0.0,ILSVRC2012_val_00005130,features.3.2,7,1.0
0,0.0,ILSVRC2012_val_00005130,features.4,8,1.0
0,0.0,ILSVRC2012_val_00005130,features.5.0,9,1.0
0,0.0,ILSVRC2012_val_00005130,features.5.1,10,1.0
0,0.0,ILSVRC2012_val_00005130,features.5.2,11,1.0
0,0.0,ILSVRC2012_val_00005130,features.5.3,12,1.0
0,0.0,ILSVRC2012_val_00005130,features.5.4,13,1.0
0,0.0,ILSVRC2012_val_00005130,features.5.5,14,1.0
0,0.0,ILSVRC2012_val_00005130,features.5.6,15,1.0
0,0.0,ILSVRC2012_val_00005130,features.5.7,16,1.0
0,0.0,ILSVRC2012_val_00005130,features.5.8,17,1.0
0,0.0,ILSVRC2012_val_00005130,features.5.9,18,1.0
0,0.0,ILSVRC2012_val_00005130,features.5.10,19,1.0
0,0.0,ILSVRC2012_val_00005130,features.5.11,20,1.0
0,0.0,ILSVRC2012_val_00005130,features.5.12,21,1.0
0,0.0,ILSVRC2012_val_00005130,features.5.13,22,1.0
0,0.0,ILSVRC2012_val_00005130,features.5.14,23,1.0
0,0.0,ILSVRC2012_val_00005130,features.5.15,24,1.0
0,0.0,ILSVRC2012_val_00005130,features.5.16,25,1.0
0,0.0,ILSVRC2012_val_00005130,features.5.17,26,1.0
0,0.0,ILSVRC2012_val_00005130,features.5.18,27,1.0
0,0.0,ILSVRC2012_val_00005130,features.5.19,28,1.0
0,0.0,ILSVRC2012_val_00005130,features.5.20,29,1.0
0,0.0,ILSVRC2012_val_00005130,features.5.21,30,1.0
0,0.0,ILSVRC2012_val_00005130,features.5.22,31,1.0
0,0.0,ILSVRC2012_val_00005130,features.5.23,32,1.0
0,0.0,ILSVRC2012_val_00005130,features.5.24,33,1.0
0,0.0,ILSVRC2012_val_00005130,features.5.25,34,1.0
0,0.0,ILSVRC2012_val_00005130,features.5.26,35,1.0
0,0.0,ILSVRC2012_val_00005130,features.6,36,1.0
0,0.0,ILSVRC2012_val_00005130,features.7.0,37,1.0
0,0.0,ILSVRC2012_val_00005130,features.7.1,38,1.0
0,0.0,ILSVRC2012_val_00005130,features.7.2,39,1.0
0,0.0,ILSVRC2012_val_00005130,classifier,40,1.0
0,0.0,ILSVRC2012_val_00006808,features.0,0,1.0
0,0.0,ILSVRC2012_val_00006808,features.1.0,1,1.0
0,0.0,ILSVRC2012_val_00006808,features.1.1,2,1.0
0,0.0,ILSVRC2012_val_00006808,features.1.2,3,1.0
0,0.0,ILSVRC2012_val_00006808,features.2,4,1.0
0,0.0,ILSVRC2012_val_00006808,features.3.0,5,1.0
0,0.0,ILSVRC2012_val_00006808,features.3.1,6,1.0
0,0.0,ILSVRC2012_val_00006808,features.3.2,7,1.0
0,0.0,ILSVRC2012_val_00006808,features.4,8,1.0
0,0.0,ILSVRC2012_val_00006808,features.5.0,9,1.0
0,0.0,ILSVRC2012_val_00006808,features.5.1,10,1.0
0,0.0,ILSVRC2012_val_00006808,features.5.2,11,1.0
0,0.0,ILSVRC2012_val_00006808,features.5.3,12,1.0
0,0.0,ILSVRC2012_val_00006808,features.5.4,13,1.0
0,0.0,ILSVRC2012_val_00006808,features.5.5,14,1.0
0,0.0,ILSVRC2012_val_00006808,features.5.6,15,1.0
0,0.0,ILSVRC2012_val_00006808,features.5.7,16,1.0
0,0.0,ILSVRC2012_val_00006808,features.5.8,17,1.0
0,0.0,ILSVRC2012_val_00006808,features.5.9,18,1.0
0,0.0,ILSVRC2012_val_00006808,features.5.10,19,1.0
0,0.0,ILSVRC2012_val_00006808,features.5.11,20,1.0
0,0.0,ILSVRC2012_val_00006808,features.5.12,21,1.0
0,0.0,ILSVRC2012_val_00006808,features.5.13,22,1.0
0,0.0,ILSVRC2012_val_00006808,features.5.14,23,1.0
0,0.0,ILSVRC2012_val_00006808,features.5.15,24,1.0
0,0.0,ILSVRC2012_val_00006808,features.5.16,25,1.0
0,0.0,ILSVRC2012_val_00006808,features.5.17,26,1.0
0,0.0,ILSVRC2012_val_00006808,features.5.18,27,1.0
0,0.0,ILSVRC2012_val_00006808,features.5.19,28,1.0
0,0.0,ILSVRC2012_val_00006808,features.5.20,29,1.0
0,0.0,ILSVRC2012_val_00006808,features.5.21,30,1.0
0,0.0,ILSVRC2012_val_00006808,features.5.22,31,1.0
0,0.0,ILSVRC2012_val_00006808,features.5.23,32,1.0
0,0.0,ILSVRC2012_val_00006808,features.5.24,33,1.0
0,0.0,ILSVRC2012_val_00006808,features.5.25,34,1.0
0,0.0,ILSVRC2012_val_00006808,features.5.26,35,1.0
0,0.0,ILSVRC2012_val_00006808,features.6,36,1.0
0,0.0,ILSVRC2012_val_00006808,features.7.0,37,1.0
0,0.0,ILSVRC2012_val_00006808,features.7.1,38,1.0
0,0.0,ILSVRC2012_val_00006808,features.7.2,39,1.0
0,0.0,ILSVRC2012_val_00006808,classifier,40,1.0
0,0.0,ILSVRC2012_val_00010733,features.0,0,1.0
0,0.0,ILSVRC2012_val_00010733,features.1.0,1,1.0
0,0.0,ILSVRC2012_val_00010733,features.1.1,2,1.0
0,0.0,ILSVRC2012_val_00010733,features.1.2,3,1.0
0,0.0,ILSVRC2012_val_00010733,features.2,4,1.0
0,0.0,ILSVRC2012_val_00010733,features.3.0,5,1.0
0,0.0,ILSVRC2012_val_00010733,features.3.1,6,1.0
0,0.0,ILSVRC2012_val_00010733,features.3.2,7,1.0
0,0.0,ILSVRC2012_val_00010733,features.4,8,1.0
0,0.0,ILSVRC2012_val_00010733,features.5.0,9,1.0
0,0.0,ILSVRC2012_val_00010733,features.5.1,10,1.0
0,0.0,ILSVRC2012_val_00010733,features.5.2,11,1.0
0,0.0,ILSVRC2012_val_00010733,features.5.3,12,1.0
0,0.0,ILSVRC2012_val_00010733,features.5.4,13,1.0
0,0.0,ILSVRC2012_val_00010733,features.5.5,14,1.0
0,0.0,ILSVRC2012_val_00010733,features.5.6,15,1.0
0,0.0,ILSVRC2012_val_00010733,features.5.7,16,1.0
0,0.0,ILSVRC2012_val_00010733,features.5.8,17,1.0
0,0.0,ILSVRC2012_val_00010733,features.5.9,18,1.0
0,0.0,ILSVRC2012_val_00010733,features.5.10,19,1.0
0,0.0,ILSVRC2012_val_00010733,features.5.11,20,1.0
0,0.0,ILSVRC2012_val_00010733,features.5.12,21,1.0
0,0.0,ILSVRC2012_val_00010733,features.5.13,22,1.0
0,0.0,ILSVRC2012_val_00010733,features.5.14,23,1.0
0,0.0,ILSVRC2012_val_00010733,features.5.15,24,1.0
0,0.0,ILSVRC2012_val_00010733,features.5.16,25,1.0
0,0.0,ILSVRC2012_val_00010733,features.5.17,26,1.0
0,0.0,ILSVRC2012_val_00010733,features.5.18,27,1.0
0,0.0,ILSVRC2012_val_00010733,features.5.19,28,1.0
0,0.0,ILSVRC2012_val_00010733,features.5.20,29,1.0
0,0.0,ILSVRC2012_val_00010733,features.5.21,30,1.0
0,0.0,ILSVRC2012_val_00010733,features.5.22,31,1.0
0,0.0,ILSVRC2012_val_00010733,features.5.23,32,1.0
0,0.0,ILSVRC2012_val_00010733,features.5.24,33,1.0
0,0.0,ILSVRC2012_val_00010733,features.5.25,34,1.0
0,0.0,ILSVRC2012_val_00010733,features.5.26,35,1.0
0,0.0,ILSVRC2012_val_00010733,features.6,36,1.0
0,0.0,ILSVRC2012_val_00010733,features.7.0,37,1.0
0,0.0,ILSVRC2012_val_00010733,features.7.1,38,1.0
0,0.0,ILSVRC2012_val_00010733,features.7.2,39,1.0
0,0.0,ILSVRC2012_val_00010733,classifier,40,1.0
0,0.0,ILSVRC2012_val_00014541,features.0,0,1.0
0,0.0,ILSVRC2012_val_00014541,features.1.0,1,1.0
0,0.0,ILSVRC2012_val_00014541,features.1.1,2,1.0
0,0.0,ILSVRC2012_val_00014541,features.1.2,3,1.0
0,0.0,ILSVRC2012_val_00014541,features.2,4,1.0
0,0.0,ILSVRC2012_val_00014541,features.3.0,5,1.0
0,0.0,ILSVRC2012_val_00014541,features.3.1,6,1.0
0,0.0,ILSVRC2012_val_00014541,features.3.2,7,1.0
0,0.0,ILSVRC2012_val_00014541,features.4,8,1.0
0,0.0,ILSVRC2012_val_00014541,features.5.0,9,1.0
0,0.0,ILSVRC2012_val_00014541,features.5.1,10,1.0
0,0.0,ILSVRC2012_val_00014541,features.5.2,11,1.0
0,0.0,ILSVRC2012_val_00014541,features.5.3,12,1.0
0,0.0,ILSVRC2012_val_00014541,features.5.4,13,1.0
0,0.0,ILSVRC2012_val_00014541,features.5.5,14,1.0
0,0.0,ILSVRC2012_val_00014541,features.5.6,15,1.0
0,0.0,ILSVRC2012_val_00014541,features.5.7,16,1.0
0,0.0,ILSVRC2012_val_00014541,features.5.8,17,1.0
0,0.0,ILSVRC2012_val_00014541,features.5.9,18,1.0
0,0.0,ILSVRC2012_val_00014541,features.5.10,19,1.0
0,0.0,ILSVRC2012_val_00014541,features.5.11,20,1.0
0,0.0,ILSVRC2012_val_00014541,features.5.12,21,1.0
0,0.0,ILSVRC2012_val_00014541,features.5.13,22,1.0
0,0.0,ILSVRC2012_val_00014541,features.5.14,23,1.0
0,0.0,ILSVRC2012_val_00014541,features.5.15,24,1.0
0,0.0,ILSVRC2012_val_00014541,features.5.16,25,1.0
0,0.0,ILSVRC2012_val_00014541,features.5.17,26,1.0
0,0.0,ILSVRC2012_val_00014541,features.5.18,27,1.0
0,0.0,ILSVRC2012_val_00014541,features.5.19,28,1.0
0,0.0,ILSVRC2012_val_00014541,features.5.20,29,1.0
0,0.0,ILSVRC2012_val_00014541,features.5.21,30,1.0
0,0.0,ILSVRC2012_val_00014541,features.5.22,31,1.0
0,0.0,ILSVRC2012_val_00014541,features.5.23,32,1.0
0,0.0,ILSVRC2012_val_00014541,features.5.24,33,1.0
0,0.0,ILSVRC2012_val_00014541,features.5.25,34,1.0
0,0.0,ILSVRC2012_val_00014541,features.5.26,35,1.0
0,0.0,ILSVRC2012_val_00014541,features.6,36,1.0
0,0.0,ILSVRC2012_val_00014541,features.7.0,37,1.0
0,0.0,ILSVRC2012_val_00014541,features.7.1,38,1.0
0,0.0,ILSVRC2012_val_00014541,features.7.2,39,1.0
0,0.0,ILSVRC2012_val_00014541,classifier,40,1.0
0,0.0,ILSVRC2012_val_00018922,features.0,0,1.0
0,0.0,ILSVRC2012_val_00018922,features.1.0,1,1.0
0,0.0,ILSVRC2012_val_00018922,features.1.1,2,1.0
0,0.0,ILSVRC2012_val_00018922,features.1.2,3,1.0
0,0.0,ILSVRC2012_val_00018922,features.2,4,1.0
0,0.0,ILSVRC2012_val_00018922,features.3.0,5,1.0
0,0.0,ILSVRC2012_val_00018922,features.3.1,6,1.0
0,0.0,ILSVRC2012_val_00018922,features.3.2,7,1.0
0,0.0,ILSVRC2012_val_00018922,features.4,8,1.0
0,0.0,ILSVRC2012_val_00018922,features.5.0,9,1.0
0,0.0,ILSVRC2012_val_00018922,features.5.1,10,1.0
0,0.0,ILSVRC2012_val_00018922,features.5.2,11,1.0
0,0.0,ILSVRC2012_val_00018922,features.5.3,12,1.0
0,0.0,ILSVRC2012_val_00018922,features.5.4,13,1.0
0,0.0,ILSVRC2012_val_00018922,features.5.5,14,1.0
0,0.0,ILSVRC2012_val_00018922,features.5.6,15,1.0
0,0.0,ILSVRC2012_val_00018922,features.5.7,16,1.0
0,0.0,ILSVRC2012_val_00018922,features.5.8,17,1.0
0,0.0,ILSVRC2012_val_00018922,features.5.9,18,1.0
0,0.0,ILSVRC2012_val_00018922,features.5.10,19,1.0
0,0.0,ILSVRC2012_val_00018922,features.5.11,20,1.0
0,0.0,ILSVRC2012_val_00018922,features.5.12,21,1.0
0,0.0,ILSVRC2012_val_00018922,features.5.13,22,1.0
0,0.0,ILSVRC2012_val_00018922,features.5.14,23,1.0
0,0.0,ILSVRC2012_val_00018922,features.5.15,24,1.0
0,0.0,ILSVRC2012_val_00018922,features.5.16,25,1.0
0,0.0,ILSVRC2012_val_00018922,features.5.17,26,1.0
0,0.0,ILSVRC2012_val_00018922,features.5.18,27,1.0
0,0.0,ILSVRC2012_val_00018922,features.5.19,28,1.0
0,0.0,ILSVRC2012_val_00018922,features.5.20,29,1.0
0,0.0,ILSVRC2012_val_00018922,features.5.21,30,1.0
0,0.0,ILSVRC2012_val_00018922,features.5.22,31,1.0
0,0.0,ILSVRC2012_val_00018922,features.5.23,32,1.0
0,0.0,ILSVRC2012_val_00018922,features.5.24,33,1.0
0,0.0,ILSVRC2012_val_00018922,features.5.25,34,1.0
0,0.0,ILSVRC2012_val_00018922,features.5.26,35,1.0
0,0.0,ILSVRC2012_val_00018922,features.6,36,1.0
0,0.0,ILSVRC2012_val_00018922,features.7.0,37,1.0
0,0.0,ILSVRC2012_val_00018922,features.7.1,38,1.0
0,0.0,ILSVRC2012_val_00018922,features.7.2,39,1.0
0,0.0,ILSVRC2012_val_00018922,classifier,40,1.0
0,0.0,ILSVRC2012_val_00025924,features.0,0,1.0
0,0.0,ILSVRC2012_val_00025924,features.1.0,1,1.0
0,0.0,ILSVRC2012_val_00025924,features.1.1,2,1.0
0,0.0,ILSVRC2012_val_00025924,features.1.2,3,1.0
0,0.0,ILSVRC2012_val_00025924,features.2,4,1.0
0,0.0,ILSVRC2012_val_00025924,features.3.0,5,1.0
0,0.0,ILSVRC2012_val_00025924,features.3.1,6,1.0
0,0.0,ILSVRC2012_val_00025924,features.3.2,7,1.0
0,0.0,ILSVRC2012_val_00025924,features.4,8,1.0
0,0.0,ILSVRC2012_val_00025924,features.5.0,9,1.0
0,0.0,ILSVRC2012_val_00025924,features.5.1,10,1.0
0,0.0,ILSVRC2012_val_00025924,features.5.2,11,1.0
0,0.0,ILSVRC2012_val_00025924,features.5.3,12,1.0
0,0.0,ILSVRC2012_val_00025924,features.5.4,13,1.0
0,0.0,ILSVRC2012_val_00025924,features.5.5,14,1.0
0,0.0,ILSVRC2012_val_00025924,features.5.6,15,1.0
0,0.0,ILSVRC2012_val_00025924,features.5.7,16,1.0
0,0.0,ILSVRC2012_val_00025924,features.5.8,17,1.0
0,0.0,ILSVRC2012_val_00025924,features.5.9,18,1.0
0,0.0,ILSVRC2012_val_00025924,features.5.10,19,1.0
0,0.0,ILSVRC2012_val_00025924,features.5.11,20,1.0
0,0.0,ILSVRC2012_val_00025924,features.5.12,21,1.0
0,0.0,ILSVRC2012_val_00025924,features.5.13,22,1.0
0,0.0,ILSVRC2012_val_00025924,features.5.14,23,1.0
0,0.0,ILSVRC2012_val_00025924,features.5.15,24,1.0
0,0.0,ILSVRC2012_val_00025924,features.5.16,25,1.0
0,0.0,ILSVRC2012_val_00025924,features.5.17,26,1.0
0,0.0,ILSVRC2012_val_00025924,features.5.18,27,1.0
0,0.0,ILSVRC2012_val_00025924,features.5.19,28,1.0
0,0.0,ILSVRC2012_val_00025924,features.5.20,29,1.0
0,0.0,ILSVRC2012_val_00025924,features.5.21,30,1.0
0,0.0,ILSVRC2012_val_00025924,features.5.22,31,1.0
0,0.0,ILSVRC2012_val_00025924,features.5.23,32,1.0
0,0.0,ILSVRC2012_val_00025924,features.5.24,33,1.0
0,0.0,ILSVRC2012_val_00025924,features.5.25,34,1.0
0,0.0,ILSVRC2012_val_00025924,features.5.26,35,1.0
0,0.0,ILSVRC2012_val_00025924,features.6,36,1.0
0,0.0,ILSVRC2012_val_00025924,features.7.0,37,1.0
0,0.0,ILSVRC2012_val_00025924,features.7.1,38,1.0
0,0.0,ILSVRC2012_val_00025924,features.7.2,39,1.0
0,0.0,ILSVRC2012_val_00025924,classifier,40,1.0
0,0.0,ILSVRC2012_val_00027450,features.0,0,1.0
0,0.0,ILSVRC2012_val_00027450,features.1.0,1,1.0
0,0.0,ILSVRC2012_val_00027450,features.1.1,2,1.0
0,0.0,ILSVRC2012_val_00027450,features.1.2,3,1.0
0,0.0,ILSVRC2012_val_00027450,features.2,4,1.0
0,0.0,ILSVRC2012_val_00027450,features.3.0,5,1.0
0,0.0,ILSVRC2012_val_00027450,features.3.1,6,1.0
0,0.0,ILSVRC2012_val_00027450,features.3.2,7,1.0
0,0.0,ILSVRC2012_val_00027450,features.4,8,1.0
0,0.0,ILSVRC2012_val_00027450,features.5.0,9,1.0
0,0.0,ILSVRC2012_val_00027450,features.5.1,10,1.0
0,0.0,ILSVRC2012_val_00027450,features.5.2,11,1.0
0,0.0,ILSVRC2012_val_00027450,features.5.3,12,1.0
0,0.0,ILSVRC2012_val_00027450,features.5.4,13,1.0
0,0.0,ILSVRC2012_val_00027450,features.5.5,14,1.0
0,0.0,ILSVRC2012_val_00027450,features.5.6,15,1.0
0,0.0,ILSVRC2012_val_00027450,features.5.7,16,1.0
0,0.0,ILSVRC2012_val_00027450,features.5.8,17,1.0
0,0.0,ILSVRC2012_val_00027450,features.5.9,18,1.0
0,0.0,ILSVRC2012_val_00027450,features.5.10,19,1.0
0,0.0,ILSVRC2012_val_00027450,features.5.11,20,1.0
0,0.0,ILSVRC2012_val_00027450,features.5.12,21,1.0
0,0.0,ILSVRC2012_val_00027450,features.5.13,22,1.0
0,0.0,ILSVRC2012_val_00027450,features.5.14,23,1.0
0,0.0,ILSVRC2012_val_00027450,features.5.15,24,1.0
0,0.0,ILSVRC2012_val_00027450,features.5.16,25,1.0
0,0.0,ILSVRC2012_val_00027450,features.5.17,26,1.0
0,0.0,ILSVRC2012_val_00027450,features.5.18,27,1.0
0,0.0,ILSVRC2012_val_00027450,features.5.19,28,1.0
0,0.0,ILSVRC2012_val_00027450,features.5.20,29,1.0
0,0.0,ILSVRC2012_val_00027450,features.5.21,30,1.0
0,0.0,ILSVRC2012_val_00027450,features.5.22,31,1.0
0,0.0,ILSVRC2012_val_00027450,features.5.23,32,1.0
0,0.0,ILSVRC2012_val_00027450,features.5.24,33,1.0
0,0.0,ILSVRC2012_val_00027450,features.5.25,34,1.0
0,0.0,ILSVRC2012_val_00027450,features.5.26,35,1.0
0,0.0,ILSVRC2012_val_00027450,features.6,36,1.0
0,0.0,ILSVRC2012_val_00027450,features.7.0,37,1.0
0,0.0,ILSVRC2012_val_00027450,features.7.1,38,1.0
0,0.0,ILSVRC2012_val_00027450,features.7.2,39,1.0
0,0.0,ILSVRC2012_val_00027450,classifier,40,1.0
0,0.0,ILSVRC2012_val_00029063,features.0,0,1.0
0,0.0,ILSVRC2012_val_00029063,features.1.0,1,1.0
0,0.0,ILSVRC2012_val_00029063,features.1.1,2,1.0
0,0.0,ILSVRC2012_val_00029063,features.1.2,3,1.0
0,0.0,ILSVRC2012_val_00029063,features.2,4,1.0
0,0.0,ILSVRC2012_val_00029063,features.3.0,5,1.0
0,0.0,ILSVRC2012_val_00029063,features.3.1,6,1.0
0,0.0,ILSVRC2012_val_00029063,features.3.2,7,1.0
0,0.0,ILSVRC2012_val_00029063,features.4,8,1.0
0,0.0,ILSVRC2012_val_00029063,features.5.0,9,1.0
0,0.0,ILSVRC2012_val_00029063,features.5.1,10,1.0
0,0.0,ILSVRC2012_val_00029063,features.5.2,11,1.0
0,0.0,ILSVRC2012_val_00029063,features.5.3,12,1.0
0,0.0,ILSVRC2012_val_00029063,features.5.4,13,1.0
0,0.0,ILSVRC2012_val_00029063,features.5.5,14,1.0
0,0.0,ILSVRC2012_val_00029063,features.5.6,15,1.0
0,0.0,ILSVRC2012_val_00029063,features.5.7,16,1.0
0,0.0,ILSVRC2012_val_00029063,features.5.8,17,1.0
0,0.0,ILSVRC2012_val_00029063,features.5.9,18,1.0
0,0.0,ILSVRC2012_val_00029063,features.5.10,19,1.0
0,0.0,ILSVRC2012_val_00029063,features.5.11,20,1.0
0,0.0,ILSVRC2012_val_00029063,features.5.12,21,1.0
0,0.0,ILSVRC2012_val_00029063,features.5.13,22,1.0
0,0.0,ILSVRC2012_val_00029063,features.5.14,23,1.0
0,0.0,ILSVRC2012_val_00029063,features.5.15,24,1.0
0,0.0,ILSVRC2012_val_00029063,features.5.16,25,1.0
0,0.0,ILSVRC2012_val_00029063,features.5.17,26,1.0
0,0.0,ILSVRC2012_val_00029063,features.5.18,27,1.0
0,0.0,ILSVRC2012_val_00029063,features.5.19,28,1.0
0,0.0,ILSVRC2012_val_00029063,features.5.20,29,1.0
0,0.0,ILSVRC2012_val_00029063,features.5.21,30,1.0
0,0.0,ILSVRC2012_val_00029063,features.5.22,31,1.0
0,0.0,ILSVRC2012_val_00029063,features.5.23,32,1.0
0,0.0,ILSVRC2012_val_00029063,features.5.24,33,1.0
0,0.0,ILSVRC2012_val_00029063,features.5.25,34,1.0
0,0.0,ILSVRC2012_val_00029063,features.5.26,35,1.0
0,0.0,ILSVRC2012_val_00029063,features.6,36,1.0
0,0.0,ILSVRC2012_val_00029063,features.7.0,37,1.0
0,0.0,ILSVRC2012_val_00029063,features.7.1,38,1.0
0,0.0,ILSVRC2012_val_00029063,features.7.2,39,1.0
0,0.0,ILSVRC2012_val_00029063,classifier,40,1.0
0,0.0,ILSVRC2012_val_00030419,features.0,0,1.0
0,0.0,ILSVRC2012_val_00030419,features.1.0,1,1.0
0,0.0,ILSVRC2012_val_00030419,features.1.1,2,1.0
0,0.0,ILSVRC2012_val_00030419,features.1.2,3,1.0
0,0.0,ILSVRC2012_val_00030419,features.2,4,1.0
0,0.0,ILSVRC2012_val_00030419,features.3.0,5,1.0
0,0.0,ILSVRC2012_val_00030419,features.3.1,6,1.0
0,0.0,ILSVRC2012_val_00030419,features.3.2,7,1.0
0,0.0,ILSVRC2012_val_00030419,features.4,8,1.0
0,0.0,ILSVRC2012_val_00030419,features.5.0,9,1.0
0,0.0,ILSVRC2012_val_00030419,features.5.1,10,1.0
0,0.0,ILSVRC2012_val_00030419,features.5.2,11,1.0
0,0.0,ILSVRC2012_val_00030419,features.5.3,12,1.0
0,0.0,ILSVRC2012_val_00030419,features.5.4,13,1.0
0,0.0,ILSVRC2012_val_00030419,features.5.5,14,1.0
0,0.0,ILSVRC2012_val_00030419,features.5.6,15,1.0
0,0.0,ILSVRC2012_val_00030419,features.5.7,16,1.0
0,0.0,ILSVRC2012_val_00030419,features.5.8,17,1.0
0,0.0,ILSVRC2012_val_00030419,features.5.9,18,1.0
0,0.0,ILSVRC2012_val_00030419,features.5.10,19,1.0
0,0.0,ILSVRC2012_val_00030419,features.5.11,20,1.0
0,0.0,ILSVRC2012_val_00030419,features.5.12,21,1.0
0,0.0,ILSVRC2012_val_00030419,features.5.13,22,1.0
0,0.0,ILSVRC2012_val_00030419,features.5.14,23,1.0
0,0.0,ILSVRC2012_val_00030419,features.5.15,24,1.0
0,0.0,ILSVRC2012_val_00030419,features.5.16,25,1.0
0,0.0,ILSVRC2012_val_00030419,features.5.17,26,1.0
0,0.0,ILSVRC2012_val_00030419,features.5.18,27,1.0
0,0.0,ILSVRC2012_val_00030419,features.5.19,28,1.0
0,0.0,ILSVRC2012_val_00030419,features.5.20,29,1.0
0,0.0,ILSVRC2012_val_00030419,features.5.21,30,1.0
0,0.0,ILSVRC2012_val_00030419,features.5.22,31,1.0
0,0.0,ILSVRC2012_val_00030419,features.5.23,32,1.0
0,0.0,ILSVRC2012_val_00030419,features.5.24,33,1.0
0,0.0,ILSVRC2012_val_00030419,features.5.25,34,1.0
0,0.0,ILSVRC2012_val_00030419,features.5.26,35,1.0
0,0.0,ILSVRC2012_val_00030419,features.6,36,1.0
0,0.0,ILSVRC2012_val_00030419,features.7.0,37,1.0
0,0.0,ILSVRC2012_val_00030419,features.7.1,38,1.0
0,0.0,ILSVRC2012_val_00030419,features.7.2,39,1.0
0,0.0,ILSVRC2012_val_00030419,classifier,40,1.0
0,0.0,ILSVRC2012_val_00030425,features.0,0,1.0
0,0.0,ILSVRC2012_val_00030425,features.1.0,1,1.0
0,0.0,ILSVRC2012_val_00030425,features.1.1,2,1.0
0,0.0,ILSVRC2012_val_00030425,features.1.2,3,1.0
0,0.0,ILSVRC2012_val_00030425,features.2,4,1.0
0,0.0,ILSVRC2012_val_00030425,features.3.0,5,1.0
0,0.0,ILSVRC2012_val_00030425,features.3.1,6,1.0
0,0.0,ILSVRC2012_val_00030425,features.3.2,7,1.0
0,0.0,ILSVRC2012_val_00030425,features.4,8,1.0
0,0.0,ILSVRC2012_val_00030425,features.5.0,9,1.0
0,0.0,ILSVRC2012_val_00030425,features.5.1,10,1.0
0,0.0,ILSVRC2012_val_00030425,features.5.2,11,1.0
0,0.0,ILSVRC2012_val_00030425,features.5.3,12,1.0
0,0.0,ILSVRC2012_val_00030425,features.5.4,13,1.0
0,0.0,ILSVRC2012_val_00030425,features.5.5,14,1.0
0,0.0,ILSVRC2012_val_00030425,features.5.6,15,1.0
0,0.0,ILSVRC2012_val_00030425,features.5.7,16,1.0
0,0.0,ILSVRC2012_val_00030425,features.5.8,17,1.0
0,0.0,ILSVRC2012_val_00030425,features.5.9,18,1.0
0,0.0,ILSVRC2012_val_00030425,features.5.10,19,1.0
0,0.0,ILSVRC2012_val_00030425,features.5.11,20,1.0
0,0.0,ILSVRC2012_val_00030425,features.5.12,21,1.0
0,0.0,ILSVRC2012_val_00030425,features.5.13,22,1.0
0,0.0,ILSVRC2012_val_00030425,features.5.14,23,1.0
0,0.0,ILSVRC2012_val_00030425,features.5.15,24,1.0
0,0.0,ILSVRC2012_val_00030425,features.5.16,25,1.0
0,0.0,ILSVRC2012_val_00030425,features.5.17,26,1.0
0,0.0,ILSVRC2012_val_00030425,features.5.18,27,1.0
0,0.0,ILSVRC2012_val_00030425,features.5.19,28,1.0
0,0.0,ILSVRC2012_val_00030425,features.5.20,29,1.0
0,0.0,ILSVRC2012_val_00030425,features.5.21,30,1.0
0,0.0,ILSVRC2012_val_00030425,features.5.22,31,1.0
0,0.0,ILSVRC2012_val_00030425,features.5.23,32,1.0
0,0.0,ILSVRC2012_val_00030425,features.5.24,33,1.0
0,0.0,ILSVRC2012_val_00030425,features.5.25,34,1.0
0,0.0,ILSVRC2012_val_00030425,features.5.26,35,1.0
0,0.0,ILSVRC2012_val_00030425,features.6,36,1.0
0,0.0,ILSVRC2012_val_00030425,features.7.0,37,1.0
0,0.0,ILSVRC2012_val_00030425,features.7.1,38,1.0
0,0.0,ILSVRC2012_val_00030425,features.7.2,39,1.0
0,0.0,ILSVRC2012_val_00030425,classifier,40,1.0
0,0.0,ILSVRC2012_val_00035318,features.0,0,1.0
0,0.0,ILSVRC2012_val_00035318,features.1.0,1,1.0
0,0.0,ILSVRC2012_val_00035318,features.1.1,2,1.0
0,0.0,ILSVRC2012_val_00035318,features.1.2,3,1.0
0,0.0,ILSVRC2012_val_00035318,features.2,4,1.0
0,0.0,ILSVRC2012_val_00035318,features.3.0,5,1.0
0,0.0,ILSVRC2012_val_00035318,features.3.1,6,1.0
0,0.0,ILSVRC2012_val_00035318,features.3.2,7,1.0
0,0.0,ILSVRC2012_val_00035318,features.4,8,1.0
0,0.0,ILSVRC2012_val_00035318,features.5.0,9,1.0
0,0.0,ILSVRC2012_val_00035318,features.5.1,10,1.0
0,0.0,ILSVRC2012_val_00035318,features.5.2,11,1.0
0,0.0,ILSVRC2012_val_00035318,features.5.3,12,1.0
0,0.0,ILSVRC2012_val_00035318,features.5.4,13,1.0
0,0.0,ILSVRC2012_val_00035318,features.5.5,14,1.0
0,0.0,ILSVRC2012_val_00035318,features.5.6,15,1.0
0,0.0,ILSVRC2012_val_00035318,features.5.7,16,1.0
0,0.0,ILSVRC2012_val_00035318,features.5.8,17,1.0
0,0.0,ILSVRC2012_val_00035318,features.5.9,18,1.0
0,0.0,ILSVRC2012_val_00035318,features.5.10,19,1.0
0,0.0,ILSVRC2012_val_00035318,features.5.11,20,1.0
0,0.0,ILSVRC2012_val_00035318,features.5.12,21,1.0
0,0.0,ILSVRC2012_val_00035318,features.5.13,22,1.0
0,0.0,ILSVRC2012_val_00035318,features.5.14,23,1.0
0,0.0,ILSVRC2012_val_00035318,features.5.15,24,1.0
0,0.0,ILSVRC2012_val_00035318,features.5.16,25,1.0
0,0.0,ILSVRC2012_val_00035318,features.5.17,26,1.0
0,0.0,ILSVRC2012_val_00035318,features.5.18,27,1.0
0,0.0,ILSVRC2012_val_00035318,features.5.19,28,1.0
0,0.0,ILSVRC2012_val_00035318,features.5.20,29,1.0
0,0.0,ILSVRC2012_val_00035318,features.5.21,30,1.0
0,0.0,ILSVRC2012_val_00035318,features.5.22,31,1.0
0,0.0,ILSVRC2012_val_00035318,features.5.23,32,1.0
0,0.0,ILSVRC2012_val_00035318,features.5.24,33,1.0
0,0.0,ILSVRC2012_val_00035318,features.5.25,34,1.0
0,0.0,ILSVRC2012_val_00035318,features.5.26,35,1.0
0,0.0,ILSVRC2012_val_00035318,features.6,36,1.0
0,0.0,ILSVRC2012_val_00035318,features.7.0,37,1.0
0,0.0,ILSVRC2012_val_00035318,features.7.1,38,1.0
0,0.0,ILSVRC2012_val_00035318,features.7.2,39,1.0
0,0.0,ILSVRC2012_val_00035318,classifier,40,1.0
0,0.0,ILSVRC2012_val_00035574,features.0,0,1.0
0,0.0,ILSVRC2012_val_00035574,features.1.0,1,1.0
0,0.0,ILSVRC2012_val_00035574,features.1.1,2,1.0
0,0.0,ILSVRC2012_val_00035574,features.1.2,3,1.0
0,0.0,ILSVRC2012_val_00035574,features.2,4,1.0
0,0.0,ILSVRC2012_val_00035574,features.3.0,5,1.0
0,0.0,ILSVRC2012_val_00035574,features.3.1,6,1.0
0,0.0,ILSVRC2012_val_00035574,features.3.2,7,1.0
0,0.0,ILSVRC2012_val_00035574,features.4,8,1.0
0,0.0,ILSVRC2012_val_00035574,features.5.0,9,1.0
0,0.0,ILSVRC2012_val_00035574,features.5.1,10,1.0
0,0.0,ILSVRC2012_val_00035574,features.5.2,11,1.0
0,0.0,ILSVRC2012_val_00035574,features.5.3,12,1.0
0,0.0,ILSVRC2012_val_00035574,features.5.4,13,1.0
0,0.0,ILSVRC2012_val_00035574,features.5.5,14,1.0
0,0.0,ILSVRC2012_val_00035574,features.5.6,15,1.0
0,0.0,ILSVRC2012_val_00035574,features.5.7,16,1.0
0,0.0,ILSVRC2012_val_00035574,features.5.8,17,1.0
0,0.0,ILSVRC2012_val_00035574,features.5.9,18,1.0
0,0.0,ILSVRC2012_val_00035574,features.5.10,19,1.0
0,0.0,ILSVRC2012_val_00035574,features.5.11,20,1.0
0,0.0,ILSVRC2012_val_00035574,features.5.12,21,1.0
0,0.0,ILSVRC2012_val_00035574,features.5.13,22,1.0
0,0.0,ILSVRC2012_val_00035574,features.5.14,23,1.0
0,0.0,ILSVRC2012_val_00035574,features.5.15,24,1.0
0,0.0,ILSVRC2012_val_00035574,features.5.16,25,1.0
0,0.0,ILSVRC2012_val_00035574,features.5.17,26,1.0
0,0.0,ILSVRC2012_val_00035574,features.5.18,27,1.0
0,0.0,ILSVRC2012_val_00035574,features.5.19,28,1.0
0,0.0,ILSVRC2012_val_00035574,features.5.20,29,1.0
0,0.0,ILSVRC2012_val_00035574,features.5.21,30,1.0
0,0.0,ILSVRC2012_val_00035574,features.5.22,31,1.0
0,0.0,ILSVRC2012_val_00035574,features.5.23,32,1.0
0,0.0,ILSVRC2012_val_00035574,features.5.24,33,1.0
0,0.0,ILSVRC2012_val_00035574,features.5.25,34,1.0
0,0.0,ILSVRC2012_val_00035574,features.5.26,35,1.0
0,0.0,ILSVRC2012_val_00035574,features.6,36,1.0
0,0.0,ILSVRC2012_val_00035574,features.7.0,37,1.0
0,0.0,ILSVRC2012_val_00035574,features.7.1,38,1.0
0,0.0,ILSVRC2012_val_00035574,features.7.2,39,1.0
0,0.0,ILSVRC2012_val_00035574,classifier,40,1.0
0,0.0,ILSVRC2012_val_00036158,features.0,0,1.0
0,0.0,ILSVRC2012_val_00036158,features.1.0,1,1.0
0,0.0,ILSVRC2012_val_00036158,features.1.1,2,1.0
0,0.0,ILSVRC2012_val_00036158,features.1.2,3,1.0
0,0.0,ILSVRC2012_val_00036158,features.2,4,1.0
0,0.0,ILSVRC2012_val_00036158,features.3.0,5,1.0
0,0.0,ILSVRC2012_val_00036158,features.3.1,6,1.0
0,0.0,ILSVRC2012_val_00036158,features.3.2,7,1.0
0,0.0,ILSVRC2012_val_00036158,features.4,8,1.0
0,0.0,ILSVRC2012_val_00036158,features.5.0,9,1.0
0,0.0,ILSVRC2012_val_00036158,features.5.1,10,1.0
0,0.0,ILSVRC2012_val_00036158,features.5.2,11,1.0
0,0.0,ILSVRC2012_val_00036158,features.5.3,12,1.0
0,0.0,ILSVRC2012_val_00036158,features.5.4,13,1.0
0,0.0,ILSVRC2012_val_00036158,features.5.5,14,1.0
0,0.0,ILSVRC2012_val_00036158,features.5.6,15,1.0
0,0.0,ILSVRC2012_val_00036158,features.5.7,16,1.0
0,0.0,ILSVRC2012_val_00036158,features.5.8,17,1.0
0,0.0,ILSVRC2012_val_00036158,features.5.9,18,1.0
0,0.0,ILSVRC2012_val_00036158,features.5.10,19,1.0
0,0.0,ILSVRC2012_val_00036158,features.5.11,20,1.0
0,0.0,ILSVRC2012_val_00036158,features.5.12,21,1.0
0,0.0,ILSVRC2012_val_00036158,features.5.13,22,1.0
0,0.0,ILSVRC2012_val_00036158,features.5.14,23,1.0
0,0.0,ILSVRC2012_val_00036158,features.5.15,24,1.0
0,0.0,ILSVRC2012_val_00036158,features.5.16,25,1.0
0,0.0,ILSVRC2012_val_00036158,features.5.17,26,1.0
0,0.0,ILSVRC2012_val_00036158,features.5.18,27,1.0
0,0.0,ILSVRC2012_val_00036158,features.5.19,28,1.0
0,0.0,ILSVRC2012_val_00036158,features.5.20,29,1.0
0,0.0,ILSVRC2012_val_00036158,features.5.21,30,1.0
0,0.0,ILSVRC2012_val_00036158,features.5.22,31,1.0
0,0.0,ILSVRC2012_val_00036158,features.5.23,32,1.0
0,0.0,ILSVRC2012_val_00036158,features.5.24,33,1.0
0,0.0,ILSVRC2012_val_00036158,features.5.25,34,1.0
0,0.0,ILSVRC2012_val_00036158,features.5.26,35,1.0
0,0.0,ILSVRC2012_val_00036158,features.6,36,1.0
0,0.0,ILSVRC2012_val_00036158,features.7.0,37,1.0
0,0.0,ILSVRC2012_val_00036158,features.7.1,38,1.0
0,0.0,ILSVRC2012_val_00036158,features.7.2,39,1.0
0,0.0,ILSVRC2012_val_00036158,classifier,40,1.0
0,0.0,ILSVRC2012_val_00041330,features.0,0,1.0
0,0.0,ILSVRC2012_val_00041330,features.1.0,1,1.0
0,0.0,ILSVRC2012_val_00041330,features.1.1,2,1.0
0,0.0,ILSVRC2012_val_00041330,features.1.2,3,1.0
0,0.0,ILSVRC2012_val_00041330,features.2,4,1.0
0,0.0,ILSVRC2012_val_00041330,features.3.0,5,1.0
0,0.0,ILSVRC2012_val_00041330,features.3.1,6,1.0
0,0.0,ILSVRC2012_val_00041330,features.3.2,7,1.0
0,0.0,ILSVRC2012_val_00041330,features.4,8,1.0
0,0.0,ILSVRC2012_val_00041330,features.5.0,9,1.0
0,0.0,ILSVRC2012_val_00041330,features.5.1,10,1.0
0,0.0,ILSVRC2012_val_00041330,features.5.2,11,1.0
0,0.0,ILSVRC2012_val_00041330,features.5.3,12,1.0
0,0.0,ILSVRC2012_val_00041330,features.5.4,13,1.0
0,0.0,ILSVRC2012_val_00041330,features.5.5,14,1.0
0,0.0,ILSVRC2012_val_00041330,features.5.6,15,1.0
0,0.0,ILSVRC2012_val_00041330,features.5.7,16,1.0
0,0.0,ILSVRC2012_val_00041330,features.5.8,17,1.0
0,0.0,ILSVRC2012_val_00041330,features.5.9,18,1.0
0,0.0,ILSVRC2012_val_00041330,features.5.10,19,1.0
0,0.0,ILSVRC2012_val_00041330,features.5.11,20,1.0
0,0.0,ILSVRC2012_val_00041330,features.5.12,21,1.0
0,0.0,ILSVRC2012_val_00041330,features.5.13,22,1.0
0,0.0,ILSVRC2012_val_00041330,features.5.14,23,1.0
0,0.0,ILSVRC2012_val_00041330,features.5.15,24,1.0
0,0.0,ILSVRC2012_val_00041330,features.5.16,25,1.0
0,0.0,ILSVRC2012_val_00041330,features.5.17,26,1.0
0,0.0,ILSVRC2012_val_00041330,features.5.18,27,1.0
0,0.0,ILSVRC2012_val_00041330,features.5.19,28,1.0
0,0.0,ILSVRC2012_val_00041330,features.5.20,29,1.0
0,0.0,ILSVRC2012_val_00041330,features.5.21,30,1.0
0,0.0,ILSVRC2012_val_00041330,features.5.22,31,1.0
0,0.0,ILSVRC2012_val_00041330,features.5.23,32,1.0
0,0.0,ILSVRC2012_val_00041330,features.5.24,33,1.0
0,0.0,ILSVRC2012_val_00041330,features.5.25,34,1.0
0,0.0,ILSVRC2012_val_00041330,features.5.26,35,1.0
0,0.0,ILSVRC2012_val_00041330,features.6,36,1.0
0,0.0,ILSVRC2012_val_00041330,features.7.0,37,1.0
0,0.0,ILSVRC2012_val_00041330,features.7.1,38,1.0
0,0.0,ILSVRC2012_val_00041330,features.7.2,39,1.0
0,0.0,ILSVRC2012_val_00041330,classifier,40,1.0
0,0.0,ILSVRC2012_val_00048463,features.0,0,1.0
0,0.0,ILSVRC2012_val_00048463,features.1.0,1,1.0
0,0.0,ILSVRC2012_val_00048463,features.1.1,2,1.0
0,0.0,ILSVRC2012_val_00048463,features.1.2,3,1.0
0,0.0,ILSVRC2012_val_00048463,features.2,4,1.0
0,0.0,ILSVRC2012_val_00048463,features.3.0,5,1.0
0,0.0,ILSVRC2012_val_00048463,features.3.1,6,1.0
0,0.0,ILSVRC2012_val_00048463,features.3.2,7,1.0
0,0.0,ILSVRC2012_val_00048463,features.4,8,1.0
0,0.0,ILSVRC2012_val_00048463,features.5.0,9,1.0
0,0.0,ILSVRC2012_val_00048463,features.5.1,10,1.0
0,0.0,ILSVRC2012_val_00048463,features.5.2,11,1.0
0,0.0,ILSVRC2012_val_00048463,features.5.3,12,1.0
0,0.0,ILSVRC2012_val_00048463,features.5.4,13,1.0
0,0.0,ILSVRC2012_val_00048463,features.5.5,14,1.0
0,0.0,ILSVRC2012_val_00048463,features.5.6,15,1.0
0,0.0,ILSVRC2012_val_00048463,features.5.7,16,1.0
0,0.0,ILSVRC2012_val_00048463,features.5.8,17,1.0
0,0.0,ILSVRC2012_val_00048463,features.5.9,18,1.0
0,0.0,ILSVRC2012_val_00048463,features.5.10,19,1.0
0,0.0,ILSVRC2012_val_00048463,features.5.11,20,1.0
0,0.0,ILSVRC2012_val_00048463,features.5.12,21,1.0
0,0.0,ILSVRC2012_val_00048463,features.5.13,22,1.0
0,0.0,ILSVRC2012_val_00048463,features.5.14,23,1.0
0,0.0,ILSVRC2012_val_00048463,features.5.15,24,1.0
0,0.0,ILSVRC2012_val_00048463,features.5.16,25,1.0
0,0.0,ILSVRC2012_val_00048463,features.5.17,26,1.0
0,0.0,ILSVRC2012_val_00048463,features.5.18,27,1.0
0,0.0,ILSVRC2012_val_00048463,features.5.19,28,1.0
0,0.0,ILSVRC2012_val_00048463,features.5.20,29,1.0
0,0.0,ILSVRC2012_val_00048463,features.5.21,30,1.0
0,0.0,ILSVRC2012_val_00048463,features.5.22,31,1.0
0,0.0,ILSVRC2012_val_00048463,features.5.23,32,1.0
0,0.0,ILSVRC2012_val_00048463,features.5.24,33,1.0
0,0.0,ILSVRC2012_val_00048463,features.5.25,34,1.0
0,0.0,ILSVRC2012_val_00048463,features.5.26,35,1.0
0,0.0,ILSVRC2012_val_00048463,features.6,36,1.0
0,0.0,ILSVRC2012_val_00048463,features.7.0,37,1.0
0,0.0,ILSVRC2012_val_00048463,features.7.1,38,1.0
0,0.0,ILSVRC2012_val_00048463,features.7.2,39,1.0
0,0.0,ILSVRC2012_val_00048463,classifier,40,1.0
100,0.1,ILSVRC2012_val_00000487,features.0,0,0.6431462144851685
100,0.1,ILSVRC2012_val_00000487,features.1.0,1,0.6130184519290924
100,0.1,ILSVRC2012_val_00000487,features.1.1,2,0.6007405591011047
100,0.1,ILSVRC2012_val_00000487,features.1.2,3,0.5592845571041107
100,0.1,ILSVRC2012_val_00000487,features.2,4,0.6526070237159729
100,0.1,ILSVRC2012_val_00000487,features.3.0,5,0.6492180848121643
100,0.1,ILSVRC2012_val_00000487,features.3.1,6,0.6236232078075409
100,0.1,ILSVRC2012_val_00000487,features.3.2,7,0.6140540421009064
100,0.1,ILSVRC2012_val_00000487,features.4,8,0.7433513379096985
100,0.1,ILSVRC2012_val_00000487,features.5.0,9,0.7396875452995301
100,0.1,ILSVRC2012_val_00000487,features.5.1,10,0.7420366680622101
100,0.1,ILSVRC2012_val_00000487,features.5.2,11,0.7480066001415253
100,0.1,ILSVRC2012_val_00000487,features.5.3,12,0.7516492021083832
100,0.1,ILSVRC2012_val_00000487,features.5.4,13,0.7596501588821412
100,0.1,ILSVRC2012_val_00000487,features.5.5,14,0.76852672457695
100,0.1,ILSVRC2012_val_00000487,features.5.6,15,0.7667726671695709
100,0.1,ILSVRC2012_val_00000487,features.5.7,16,0.7700736272335053
100,0.1,ILSVRC2012_val_00000487,features.5.8,17,0.7759852564334869
100,0.1,ILSVRC2012_val_00000487,features.5.9,18,0.7770999622344971
100,0.1,ILSVRC2012_val_00000487,features.5.10,19,0.7824878478050232
100,0.1,ILSVRC2012_val_00000487,features.5.11,20,0.7793369483947754
100,0.1,ILSVRC2012_val_00000487,features.5.12,21,0.7761255061626434
100,0.1,ILSVRC2012_val_00000487,features.5.13,22,0.77412557721138
100,0.1,ILSVRC2012_val_00000487,features.5.14,23,0.7769498932361603
100,0.1,ILSVRC2012_val_00000487,features.5.15,24,0.7770304453372955
100,0.1,ILSVRC2012_val_00000487,features.5.16,25,0.7768424212932586
100,0.1,ILSVRC2012_val_00000487,features.5.17,26,0.7746097755432129
100,0.1,ILSVRC2012_val_00000487,features.5.18,27,0.7756909728050232
100,0.1,ILSVRC2012_val_00000487,features.5.19,28,0.7772620868682861
100,0.1,ILSVRC2012_val_00000487,features.5.20,29,0.7757201659679412
100,0.1,ILSVRC2012_val_00000487,features.5.21,30,0.7782519698143006
100,0.1,ILSVRC2012_val_00000487,features.5.22,31,0.7780022752285004
100,0.1,ILSVRC2012_val_00000487,features.5.23,32,0.7801848816871643
100,0.1,ILSVRC2012_val_00000487,features.5.24,33,0.7892737710475921
100,0.1,ILSVRC2012_val_00000487,features.5.25,34,0.7979811334609985
100,0.1,ILSVRC2012_val_00000487,features.5.26,35,0.8068543267250061
100,0.1,ILSVRC2012_val_00000487,features.6,36,0.862645354270935
100,0.1,ILSVRC2012_val_00000487,features.7.0,37,0.8644153141975403
100,0.1,ILSVRC2012_val_00000487,features.7.1,38,0.8696782875061035
100,0.1,ILSVRC2012_val_00000487,features.7.2,39,0.8753968834877014
100,0.1,ILSVRC2012_val_00000487,classifier,40,0.9630448746681214
100,0.1,ILSVRC2012_val_00000681,features.0,0,0.8420122921466827
100,0.1,ILSVRC2012_val_00000681,features.1.0,1,0.7746467435359955
100,0.1,ILSVRC2012_val_00000681,features.1.1,2,0.724240254163742
100,0.1,ILSVRC2012_val_00000681,features.1.2,3,0.6565570867061615
100,0.1,ILSVRC2012_val_00000681,features.2,4,0.7181967985630036
100,0.1,ILSVRC2012_val_00000681,features.3.0,5,0.7130306482315063
100,0.1,ILSVRC2012_val_00000681,features.3.1,6,0.6952657282352448
100,0.1,ILSVRC2012_val_00000681,features.3.2,7,0.688681628704071
100,0.1,ILSVRC2012_val_00000681,features.4,8,0.7867688429355622
100,0.1,ILSVRC2012_val_00000681,features.5.0,9,0.7846771895885467
100,0.1,ILSVRC2012_val_00000681,features.5.1,10,0.7873284673690796
100,0.1,ILSVRC2012_val_00000681,features.5.2,11,0.7896698927879333
100,0.1,ILSVRC2012_val_00000681,features.5.3,12,0.7887775897979736
100,0.1,ILSVRC2012_val_00000681,features.5.4,13,0.7920571184158325
100,0.1,ILSVRC2012_val_00000681,features.5.5,14,0.795750823020935
100,0.1,ILSVRC2012_val_00000681,features.5.6,15,0.7914213633537293
100,0.1,ILSVRC2012_val_00000681,features.5.7,16,0.7946316230297089
100,0.1,ILSVRC2012_val_00000681,features.5.8,17,0.8005539500713348
100,0.1,ILSVRC2012_val_00000681,features.5.9,18,0.8042347919940949
100,0.1,ILSVRC2012_val_00000681,features.5.10,19,0.8076821327209472
100,0.1,ILSVRC2012_val_00000681,features.5.11,20,0.802837780714035
100,0.1,ILSVRC2012_val_00000681,features.5.12,21,0.7975539946556092
100,0.1,ILSVRC2012_val_00000681,features.5.13,22,0.7987628614902497
100,0.1,ILSVRC2012_val_00000681,features.5.14,23,0.7986139810085296
100,0.1,ILSVRC2012_val_00000681,features.5.15,24,0.8006995236873626
100,0.1,ILSVRC2012_val_00000681,features.5.16,25,0.7993247926235199
100,0.1,ILSVRC2012_val_00000681,features.5.17,26,0.8027904224395752
100,0.1,ILSVRC2012_val_00000681,features.5.18,27,0.8035466635227203
100,0.1,ILSVRC2012_val_00000681,features.5.19,28,0.809988067150116
100,0.1,ILSVRC2012_val_00000681,features.5.20,29,0.8161815226078033
100,0.1,ILSVRC2012_val_00000681,features.5.21,30,0.8333276236057281
100,0.1,ILSVRC2012_val_00000681,features.5.22,31,0.8383013415336609
100,0.1,ILSVRC2012_val_00000681,features.5.23,32,0.8414151692390441
100,0.1,ILSVRC2012_val_00000681,features.5.24,33,0.8514949464797974
100,0.1,ILSVRC2012_val_00000681,features.5.25,34,0.861088547706604
100,0.1,ILSVRC2012_val_00000681,features.5.26,35,0.8708419299125671
100,0.1,ILSVRC2012_val_00000681,features.6,36,0.9064113521575927
100,0.1,ILSVRC2012_val_00000681,features.7.0,37,0.9080785524845123
100,0.1,ILSVRC2012_val_00000681,features.7.1,38,0.9140962386131286
100,0.1,ILSVRC2012_val_00000681,features.7.2,39,0.9174278390407562
100,0.1,ILSVRC2012_val_00000681,classifier,40,0.9849401831626892
100,0.1,ILSVRC2012_val_00000729,features.0,0,0.6798241789950881
100,0.1,ILSVRC2012_val_00000729,features.1.0,1,0.6095718963201656
100,0.1,ILSVRC2012_val_00000729,features.1.1,2,0.5773494714914367
100,0.1,ILSVRC2012_val_00000729,features.1.2,3,0.5067046360914097
100,0.1,ILSVRC2012_val_00000729,features.2,4,0.5788224575131439
100,0.1,ILSVRC2012_val_00000729,features.3.0,5,0.5782191129617913
100,0.1,ILSVRC2012_val_00000729,features.3.1,6,0.5686148696167524
100,0.1,ILSVRC2012_val_00000729,features.3.2,7,0.559933137061984
100,0.1,ILSVRC2012_val_00000729,features.4,8,0.6998821219732595
100,0.1,ILSVRC2012_val_00000729,features.5.0,9,0.7004580470018609
100,0.1,ILSVRC2012_val_00000729,features.5.1,10,0.710997038109358
100,0.1,ILSVRC2012_val_00000729,features.5.2,11,0.71846795913785
100,0.1,ILSVRC2012_val_00000729,features.5.3,12,0.7216369204742964
100,0.1,ILSVRC2012_val_00000729,features.5.4,13,0.726145607094432
100,0.1,ILSVRC2012_val_00000729,features.5.5,14,0.7368900831355605
100,0.1,ILSVRC2012_val_00000729,features.5.6,15,0.7399984875390696
100,0.1,ILSVRC2012_val_00000729,features.5.7,16,0.7493578389633534
100,0.1,ILSVRC2012_val_00000729,features.5.8,17,0.7581835680229719
100,0.1,ILSVRC2012_val_00000729,features.5.9,18,0.7660710922507352
100,0.1,ILSVRC2012_val_00000729,features.5.10,19,0.7775097364603087
100,0.1,ILSVRC2012_val_00000729,features.5.11,20,0.77609416495922
100,0.1,ILSVRC2012_val_00000729,features.5.12,21,0.7703213012495707
100,0.1,ILSVRC2012_val_00000729,features.5.13,22,0.77448021118031
100,0.1,ILSVRC2012_val_00000729,features.5.14,23,0.7734378756478776
100,0.1,ILSVRC2012_val_00000729,features.5.15,24,0.7756295536839685
100,0.1,ILSVRC2012_val_00000729,features.5.16,25,0.7717945908391198
100,0.1,ILSVRC2012_val_00000729,features.5.17,26,0.7738270149674527
100,0.1,ILSVRC2012_val_00000729,features.5.18,27,0.7711343862289606
100,0.1,ILSVRC2012_val_00000729,features.5.19,28,0.7714001189830691
100,0.1,ILSVRC2012_val_00000729,features.5.20,29,0.77029430727626
100,0.1,ILSVRC2012_val_00000729,features.5.21,30,0.7746377878410872
100,0.1,ILSVRC2012_val_00000729,features.5.22,31,0.7766337256098903
100,0.1,ILSVRC2012_val_00000729,features.5.23,32,0.7734780519507652
100,0.1,ILSVRC2012_val_00000729,features.5.24,33,0.7784849446873332
100,0.1,ILSVRC2012_val_00000729,features.5.25,34,0.7836212460384813
100,0.1,ILSVRC2012_val_00000729,features.5.26,35,0.7859753370285034
100,0.1,ILSVRC2012_val_00000729,features.6,36,0.8560436104619226
100,0.1,ILSVRC2012_val_00000729,features.7.0,37,0.8555510307467261
100,0.1,ILSVRC2012_val_00000729,features.7.1,38,0.8561511552611063
100,0.1,ILSVRC2012_val_00000729,features.7.2,39,0.8589460059653881
100,0.1,ILSVRC2012_val_00000729,classifier,40,0.9621108659478121
100,0.1,ILSVRC2012_val_00000974,features.0,0,0.6388049614429474
100,0.1,ILSVRC2012_val_00000974,features.1.0,1,0.5967646229267121
100,0.1,ILSVRC2012_val_00000974,features.1.1,2,0.578092976808548
100,0.1,ILSVRC2012_val_00000974,features.1.2,3,0.5452983057498932
100,0.1,ILSVRC2012_val_00000974,features.2,4,0.6129085862636566
100,0.1,ILSVRC2012_val_00000974,features.3.0,5,0.6140618288516998
100,0.1,ILSVRC2012_val_00000974,features.3.1,6,0.5988327884674072
100,0.1,ILSVRC2012_val_00000974,features.3.2,7,0.5873237681388855
100,0.1,ILSVRC2012_val_00000974,features.4,8,0.7179001712799072
100,0.1,ILSVRC2012_val_00000974,features.5.0,9,0.7230244672298431
100,0.1,ILSVRC2012_val_00000974,features.5.1,10,0.726398515701294
100,0.1,ILSVRC2012_val_00000974,features.5.2,11,0.7346872735023499
100,0.1,ILSVRC2012_val_00000974,features.5.3,12,0.7392430162429809
100,0.1,ILSVRC2012_val_00000974,features.5.4,13,0.7479890036582947
100,0.1,ILSVRC2012_val_00000974,features.5.5,14,0.754707726240158
100,0.1,ILSVRC2012_val_00000974,features.5.6,15,0.7563685500621795
100,0.1,ILSVRC2012_val_00000974,features.5.7,16,0.7649184167385101
100,0.1,ILSVRC2012_val_00000974,features.5.8,17,0.7699948811531067
100,0.1,ILSVRC2012_val_00000974,features.5.9,18,0.773508632183075
100,0.1,ILSVRC2012_val_00000974,features.5.10,19,0.7777483189105987
100,0.1,ILSVRC2012_val_00000974,features.5.11,20,0.775903936624527
100,0.1,ILSVRC2012_val_00000974,features.5.12,21,0.774792388677597
100,0.1,ILSVRC2012_val_00000974,features.5.13,22,0.776974903345108
100,0.1,ILSVRC2012_val_00000974,features.5.14,23,0.7789630126953125
100,0.1,ILSVRC2012_val_00000974,features.5.15,24,0.7847245442867279
100,0.1,ILSVRC2012_val_00000974,features.5.16,25,0.787374529838562
100,0.1,ILSVRC2012_val_00000974,features.5.17,26,0.7941632127761841
100,0.1,ILSVRC2012_val_00000974,features.5.18,27,0.7959563720226288
100,0.1,ILSVRC2012_val_00000974,features.5.19,28,0.7989859855175019
100,0.1,ILSVRC2012_val_00000974,features.5.20,29,0.803611410856247
100,0.1,ILSVRC2012_val_00000974,features.5.21,30,0.8143255269527435
100,0.1,ILSVRC2012_val_00000974,features.5.22,31,0.8196306931972503
100,0.1,ILSVRC2012_val_00000974,features.5.23,32,0.8251248729228974
100,0.1,ILSVRC2012_val_00000974,features.5.24,33,0.8355425250530243
100,0.1,ILSVRC2012_val_00000974,features.5.25,34,0.8461583387851715
100,0.1,ILSVRC2012_val_00000974,features.5.26,35,0.8578029549121857
100,0.1,ILSVRC2012_val_00000974,features.6,36,0.9011910903453827
100,0.1,ILSVRC2012_val_00000974,features.7.0,37,0.9060755324363708
100,0.1,ILSVRC2012_val_00000974,features.7.1,38,0.9134982693195343
100,0.1,ILSVRC2012_val_00000974,features.7.2,39,0.9190528357028961
100,0.1,ILSVRC2012_val_00000974,classifier,40,0.9907837343215943
100,0.1,ILSVRC2012_val_00003449,features.0,0,0.8351141929626464
100,0.1,ILSVRC2012_val_00003449,features.1.0,1,0.6986042404174805
100,0.1,ILSVRC2012_val_00003449,features.1.1,2,0.6576131093502045
100,0.1,ILSVRC2012_val_00003449,features.1.2,3,0.61549032330513
100,0.1,ILSVRC2012_val_00003449,features.2,4,0.6835312664508819
100,0.1,ILSVRC2012_val_00003449,features.3.0,5,0.6835950565338135
100,0.1,ILSVRC2012_val_00003449,features.3.1,6,0.6665924835205078
100,0.1,ILSVRC2012_val_00003449,features.3.2,7,0.661417441368103
100,0.1,ILSVRC2012_val_00003449,features.4,8,0.7771648526191711
100,0.1,ILSVRC2012_val_00003449,features.5.0,9,0.7778414404392242
100,0.1,ILSVRC2012_val_00003449,features.5.1,10,0.7826110768318176
100,0.1,ILSVRC2012_val_00003449,features.5.2,11,0.788897625207901
100,0.1,ILSVRC2012_val_00003449,features.5.3,12,0.7919189596176147
100,0.1,ILSVRC2012_val_00003449,features.5.4,13,0.7996268343925476
100,0.1,ILSVRC2012_val_00003449,features.5.5,14,0.807846474647522
100,0.1,ILSVRC2012_val_00003449,features.5.6,15,0.8067538297176361
100,0.1,ILSVRC2012_val_00003449,features.5.7,16,0.8137575149536133
100,0.1,ILSVRC2012_val_00003449,features.5.8,17,0.8195376038551331
100,0.1,ILSVRC2012_val_00003449,features.5.9,18,0.8232782876491547
100,0.1,ILSVRC2012_val_00003449,features.5.10,19,0.8279449105262756
100,0.1,ILSVRC2012_val_00003449,features.5.11,20,0.8286157405376434
100,0.1,ILSVRC2012_val_00003449,features.5.12,21,0.8263640987873078
100,0.1,ILSVRC2012_val_00003449,features.5.13,22,0.8291032707691193
100,0.1,ILSVRC2012_val_00003449,features.5.14,23,0.8309053003787994
100,0.1,ILSVRC2012_val_00003449,features.5.15,24,0.8372507965564728
100,0.1,ILSVRC2012_val_00003449,features.5.16,25,0.837054409980774
100,0.1,ILSVRC2012_val_00003449,features.5.17,26,0.8410514712333679
100,0.1,ILSVRC2012_val_00003449,features.5.18,27,0.8410262143611908
100,0.1,ILSVRC2012_val_00003449,features.5.19,28,0.8435496199131012
100,0.1,ILSVRC2012_val_00003449,features.5.20,29,0.8472923552989959
100,0.1,ILSVRC2012_val_00003449,features.5.21,30,0.8535116469860077
100,0.1,ILSVRC2012_val_00003449,features.5.22,31,0.856517379283905
100,0.1,ILSVRC2012_val_00003449,features.5.23,32,0.8595991861820221
100,0.1,ILSVRC2012_val_00003449,features.5.24,33,0.8675283825397492
100,0.1,ILSVRC2012_val_00003449,features.5.25,34,0.8747679936885834
100,0.1,ILSVRC2012_val_00003449,features.5.26,35,0.8800595712661743
100,0.1,ILSVRC2012_val_00003449,features.6,36,0.939871815443039
100,0.1,ILSVRC2012_val_00003449,features.7.0,37,0.9398734140396118
100,0.1,ILSVRC2012_val_00003449,features.7.1,38,0.9429995703697205
100,0.1,ILSVRC2012_val_00003449,features.7.2,39,0.9454121601581573
100,0.1,ILSVRC2012_val_00003449,classifier,40,0.9921757686138153
100,0.1,ILSVRC2012_val_00005130,features.0,0,0.8793256723880768
100,0.1,ILSVRC2012_val_00005130,features.1.0,1,0.8372646009922028
100,0.1,ILSVRC2012_val_00005130,features.1.1,2,0.7907259547710419
100,0.1,ILSVRC2012_val_00005130,features.1.2,3,0.7386987185478211
100,0.1,ILSVRC2012_val_00005130,features.2,4,0.7830398988723755
100,0.1,ILSVRC2012_val_00005130,features.3.0,5,0.7760173118114472
100,0.1,ILSVRC2012_val_00005130,features.3.1,6,0.7661126482486725
100,0.1,ILSVRC2012_val_00005130,features.3.2,7,0.7618635547161102
100,0.1,ILSVRC2012_val_00005130,features.4,8,0.834124447107315
100,0.1,ILSVRC2012_val_00005130,features.5.0,9,0.8339879405498505
100,0.1,ILSVRC2012_val_00005130,features.5.1,10,0.8372678482532501
100,0.1,ILSVRC2012_val_00005130,features.5.2,11,0.8415855050086976
100,0.1,ILSVRC2012_val_00005130,features.5.3,12,0.8449108386039734
100,0.1,ILSVRC2012_val_00005130,features.5.4,13,0.8518172228336334
100,0.1,ILSVRC2012_val_00005130,features.5.5,14,0.8584430158138275
100,0.1,ILSVRC2012_val_00005130,features.5.6,15,0.8578066015243531
100,0.1,ILSVRC2012_val_00005130,features.5.7,16,0.8619734585285187
100,0.1,ILSVRC2012_val_00005130,features.5.8,17,0.865598795413971
100,0.1,ILSVRC2012_val_00005130,features.5.9,18,0.8677056074142456
100,0.1,ILSVRC2012_val_00005130,features.5.10,19,0.8695722126960754
100,0.1,ILSVRC2012_val_00005130,features.5.11,20,0.8675715959072113
100,0.1,ILSVRC2012_val_00005130,features.5.12,21,0.8657504880428314
100,0.1,ILSVRC2012_val_00005130,features.5.13,22,0.8664219653606415
100,0.1,ILSVRC2012_val_00005130,features.5.14,23,0.8669158697128296
100,0.1,ILSVRC2012_val_00005130,features.5.15,24,0.8689849245548248
100,0.1,ILSVRC2012_val_00005130,features.5.16,25,0.8685091316699982
100,0.1,ILSVRC2012_val_00005130,features.5.17,26,0.86953404545784
100,0.1,ILSVRC2012_val_00005130,features.5.18,27,0.87029669880867
100,0.1,ILSVRC2012_val_00005130,features.5.19,28,0.8723898768424988
100,0.1,ILSVRC2012_val_00005130,features.5.20,29,0.874633321762085
100,0.1,ILSVRC2012_val_00005130,features.5.21,30,0.8778173780441284
100,0.1,ILSVRC2012_val_00005130,features.5.22,31,0.8790637993812561
100,0.1,ILSVRC2012_val_00005130,features.5.23,32,0.880890017747879
100,0.1,ILSVRC2012_val_00005130,features.5.24,33,0.8851773607730865
100,0.1,ILSVRC2012_val_00005130,features.5.25,34,0.8893430864810944
100,0.1,ILSVRC2012_val_00005130,features.5.26,35,0.892463948726654
100,0.1,ILSVRC2012_val_00005130,features.6,36,0.9277045071125031
100,0.1,ILSVRC2012_val_00005130,features.7.0,37,0.9284827125072479
100,0.1,ILSVRC2012_val_00005130,features.7.1,38,0.9306431663036346
100,0.1,ILSVRC2012_val_00005130,features.7.2,39,0.932317396402359
100,0.1,ILSVRC2012_val_00005130,classifier,40,0.98526646733284
100,0.1,ILSVRC2012_val_00006808,features.0,0,0.8938774728775024
100,0.1,ILSVRC2012_val_00006808,features.1.0,1,0.8425377178192138
100,0.1,ILSVRC2012_val_00006808,features.1.1,2,0.7945542407035827
100,0.1,ILSVRC2012_val_00006808,features.1.2,3,0.7403914117813111
100,0.1,ILSVRC2012_val_00006808,features.2,4,0.7859748208522797
100,0.1,ILSVRC2012_val_00006808,features.3.0,5,0.7719482815265656
100,0.1,ILSVRC2012_val_00006808,features.3.1,6,0.7465606236457825
100,0.1,ILSVRC2012_val_00006808,features.3.2,7,0.7369643592834473
100,0.1,ILSVRC2012_val_00006808,features.4,8,0.8259375309944152
100,0.1,ILSVRC2012_val_00006808,features.5.0,9,0.8252798891067505
100,0.1,ILSVRC2012_val_00006808,features.5.1,10,0.8221127104759216
100,0.1,ILSVRC2012_val_00006808,features.5.2,11,0.8217433786392212
100,0.1,ILSVRC2012_val_00006808,features.5.3,12,0.8205890440940857
100,0.1,ILSVRC2012_val_00006808,features.5.4,13,0.8291200816631317
100,0.1,ILSVRC2012_val_00006808,features.5.5,14,0.8336860167980195
100,0.1,ILSVRC2012_val_00006808,features.5.6,15,0.8283209097385407
100,0.1,ILSVRC2012_val_00006808,features.5.7,16,0.8277510392665863
100,0.1,ILSVRC2012_val_00006808,features.5.8,17,0.833532338142395
100,0.1,ILSVRC2012_val_00006808,features.5.9,18,0.8340235459804535
100,0.1,ILSVRC2012_val_00006808,features.5.10,19,0.8386246609687805
100,0.1,ILSVRC2012_val_00006808,features.5.11,20,0.8374469089508056
100,0.1,ILSVRC2012_val_00006808,features.5.12,21,0.8360889899730682
100,0.1,ILSVRC2012_val_00006808,features.5.13,22,0.8340654826164245
100,0.1,ILSVRC2012_val_00006808,features.5.14,23,0.8373431181907653
100,0.1,ILSVRC2012_val_00006808,features.5.15,24,0.8376450645923614
100,0.1,ILSVRC2012_val_00006808,features.5.16,25,0.8349199235439301
100,0.1,ILSVRC2012_val_00006808,features.5.17,26,0.8330080783367158
100,0.1,ILSVRC2012_val_00006808,features.5.18,27,0.8302888917922974
100,0.1,ILSVRC2012_val_00006808,features.5.19,28,0.8310517227649689
100,0.1,ILSVRC2012_val_00006808,features.5.20,29,0.8299443674087524
100,0.1,ILSVRC2012_val_00006808,features.5.21,30,0.8316887688636779
100,0.1,ILSVRC2012_val_00006808,features.5.22,31,0.8306027746200562
100,0.1,ILSVRC2012_val_00006808,features.5.23,32,0.830378555059433
100,0.1,ILSVRC2012_val_00006808,features.5.24,33,0.8310425901412963
100,0.1,ILSVRC2012_val_00006808,features.5.25,34,0.8370080578327179
100,0.1,ILSVRC2012_val_00006808,features.5.26,35,0.8412764060497284
100,0.1,ILSVRC2012_val_00006808,features.6,36,0.8762041175365448
100,0.1,ILSVRC2012_val_00006808,features.7.0,37,0.875609689950943
100,0.1,ILSVRC2012_val_00006808,features.7.1,38,0.8791510164737701
100,0.1,ILSVRC2012_val_00006808,features.7.2,39,0.8785417973995209
100,0.1,ILSVRC2012_val_00006808,classifier,40,0.9709462928771972
100,0.1,ILSVRC2012_val_00010733,features.0,0,0.8265748870372772
100,0.1,ILSVRC2012_val_00010733,features.1.0,1,0.7271823012828826
100,0.1,ILSVRC2012_val_00010733,features.1.1,2,0.684325670003891
100,0.1,ILSVRC2012_val_00010733,features.1.2,3,0.6277574467658996
100,0.1,ILSVRC2012_val_00010733,features.2,4,0.6896541917324066
100,0.1,ILSVRC2012_val_00010733,features.3.0,5,0.6850042688846588
100,0.1,ILSVRC2012_val_00010733,features.3.1,6,0.6751650631427765
100,0.1,ILSVRC2012_val_00010733,features.3.2,7,0.6656831002235413
100,0.1,ILSVRC2012_val_00010733,features.4,8,0.7671742367744446
100,0.1,ILSVRC2012_val_00010733,features.5.0,9,0.7656682503223419
100,0.1,ILSVRC2012_val_00010733,features.5.1,10,0.7701052761077881
100,0.1,ILSVRC2012_val_00010733,features.5.2,11,0.7734570014476776
100,0.1,ILSVRC2012_val_00010733,features.5.3,12,0.775855153799057
100,0.1,ILSVRC2012_val_00010733,features.5.4,13,0.7832325863838195
100,0.1,ILSVRC2012_val_00010733,features.5.5,14,0.7912981498241425
100,0.1,ILSVRC2012_val_00010733,features.5.6,15,0.7914170491695404
100,0.1,ILSVRC2012_val_00010733,features.5.7,16,0.7966910934448242
100,0.1,ILSVRC2012_val_00010733,features.5.8,17,0.8013037633895874
100,0.1,ILSVRC2012_val_00010733,features.5.9,18,0.8055220663547515
100,0.1,ILSVRC2012_val_00010733,features.5.10,19,0.8087255203723908
100,0.1,ILSVRC2012_val_00010733,features.5.11,20,0.8089483392238617
100,0.1,ILSVRC2012_val_00010733,features.5.12,21,0.8082630550861358
100,0.1,ILSVRC2012_val_00010733,features.5.13,22,0.8081559598445892
100,0.1,ILSVRC2012_val_00010733,features.5.14,23,0.8100793731212615
100,0.1,ILSVRC2012_val_00010733,features.5.15,24,0.814557112455368
100,0.1,ILSVRC2012_val_00010733,features.5.16,25,0.8150194954872131
100,0.1,ILSVRC2012_val_00010733,features.5.17,26,0.8180638003349304
100,0.1,ILSVRC2012_val_00010733,features.5.18,27,0.8195451605319977
100,0.1,ILSVRC2012_val_00010733,features.5.19,28,0.823810669183731
100,0.1,ILSVRC2012_val_00010733,features.5.20,29,0.8264687824249267
100,0.1,ILSVRC2012_val_00010733,features.5.21,30,0.830691568851471
100,0.1,ILSVRC2012_val_00010733,features.5.22,31,0.8339741432666778
100,0.1,ILSVRC2012_val_00010733,features.5.23,32,0.8358281230926514
100,0.1,ILSVRC2012_val_00010733,features.5.24,33,0.8411830413341522
100,0.1,ILSVRC2012_val_00010733,features.5.25,34,0.8468299341201783
100,0.1,ILSVRC2012_val_00010733,features.5.26,35,0.8522779977321625
100,0.1,ILSVRC2012_val_00010733,features.6,36,0.896777732372284
100,0.1,ILSVRC2012_val_00010733,features.7.0,37,0.8988618385791779
100,0.1,ILSVRC2012_val_00010733,features.7.1,38,0.9022235822677612
100,0.1,ILSVRC2012_val_00010733,features.7.2,39,0.9059286081790924
100,0.1,ILSVRC2012_val_00010733,classifier,40,0.9708902299404144
100,0.1,ILSVRC2012_val_00014541,features.0,0,0.8189519894123077
100,0.1,ILSVRC2012_val_00014541,features.1.0,1,0.7516165518760681
100,0.1,ILSVRC2012_val_00014541,features.1.1,2,0.7240355396270752
100,0.1,ILSVRC2012_val_00014541,features.1.2,3,0.6707036471366883
100,0.1,ILSVRC2012_val_00014541,features.2,4,0.7438116109371186
100,0.1,ILSVRC2012_val_00014541,features.3.0,5,0.7457939279079437
100,0.1,ILSVRC2012_val_00014541,features.3.1,6,0.7329611074924469
100,0.1,ILSVRC2012_val_00014541,features.3.2,7,0.7275124752521515
100,0.1,ILSVRC2012_val_00014541,features.4,8,0.8142866826057434
100,0.1,ILSVRC2012_val_00014541,features.5.0,9,0.8128619575500489
100,0.1,ILSVRC2012_val_00014541,features.5.1,10,0.8173763883113861
100,0.1,ILSVRC2012_val_00014541,features.5.2,11,0.8236999928951263
100,0.1,ILSVRC2012_val_00014541,features.5.3,12,0.8297192442417145
100,0.1,ILSVRC2012_val_00014541,features.5.4,13,0.8394283807277679
100,0.1,ILSVRC2012_val_00014541,features.5.5,14,0.84933638215065
100,0.1,ILSVRC2012_val_00014541,features.5.6,15,0.8551391506195068
100,0.1,ILSVRC2012_val_00014541,features.5.7,16,0.8617455744743348
100,0.1,ILSVRC2012_val_00014541,features.5.8,17,0.8645089948177338
100,0.1,ILSVRC2012_val_00014541,features.5.9,18,0.8665472280979156
100,0.1,ILSVRC2012_val_00014541,features.5.10,19,0.8683555912971497
100,0.1,ILSVRC2012_val_00014541,features.5.11,20,0.8686583018302918
100,0.1,ILSVRC2012_val_00014541,features.5.12,21,0.8684340512752533
100,0.1,ILSVRC2012_val_00014541,features.5.13,22,0.8681166064739227
100,0.1,ILSVRC2012_val_00014541,features.5.14,23,0.8685464942455292
100,0.1,ILSVRC2012_val_00014541,features.5.15,24,0.8717910850048065
100,0.1,ILSVRC2012_val_00014541,features.5.16,25,0.8723946809768677
100,0.1,ILSVRC2012_val_00014541,features.5.17,26,0.8732746362686157
100,0.1,ILSVRC2012_val_00014541,features.5.18,27,0.8736524975299835
100,0.1,ILSVRC2012_val_00014541,features.5.19,28,0.8743513762950897
100,0.1,ILSVRC2012_val_00014541,features.5.20,29,0.8757178711891175
100,0.1,ILSVRC2012_val_00014541,features.5.21,30,0.8758243334293365
100,0.1,ILSVRC2012_val_00014541,features.5.22,31,0.8757838654518127
100,0.1,ILSVRC2012_val_00014541,features.5.23,32,0.8756913781166077
100,0.1,ILSVRC2012_val_00014541,features.5.24,33,0.8763025856018066
100,0.1,ILSVRC2012_val_00014541,features.5.25,34,0.8783812010288239
100,0.1,ILSVRC2012_val_00014541,features.5.26,35,0.8795328891277313
100,0.1,ILSVRC2012_val_00014541,features.6,36,0.9233045411109925
100,0.1,ILSVRC2012_val_00014541,features.7.0,37,0.9232093954086303
100,0.1,ILSVRC2012_val_00014541,features.7.1,38,0.9253331172466278
100,0.1,ILSVRC2012_val_00014541,features.7.2,39,0.9275415802001953
100,0.1,ILSVRC2012_val_00014541,classifier,40,0.9851033449172973
100,0.1,ILSVRC2012_val_00018922,features.0,0,0.8571398520469665
100,0.1,ILSVRC2012_val_00018922,features.1.0,1,0.7965288484096527
100,0.1,ILSVRC2012_val_00018922,features.1.1,2,0.7261625170707703
100,0.1,ILSVRC2012_val_00018922,features.1.2,3,0.6238518142700196
100,0.1,ILSVRC2012_val_00018922,features.2,4,0.6547908222675324
100,0.1,ILSVRC2012_val_00018922,features.3.0,5,0.6092551577091218
100,0.1,ILSVRC2012_val_00018922,features.3.1,6,0.579511137008667
100,0.1,ILSVRC2012_val_00018922,features.3.2,7,0.585944129228592
100,0.1,ILSVRC2012_val_00018922,features.4,8,0.7360729205608368
100,0.1,ILSVRC2012_val_00018922,features.5.0,9,0.736983015537262
100,0.1,ILSVRC2012_val_00018922,features.5.1,10,0.730561420917511
100,0.1,ILSVRC2012_val_00018922,features.5.2,11,0.7311958992481231
100,0.1,ILSVRC2012_val_00018922,features.5.3,12,0.7375164616107941
100,0.1,ILSVRC2012_val_00018922,features.5.4,13,0.7497727084159851
100,0.1,ILSVRC2012_val_00018922,features.5.5,14,0.758011167049408
100,0.1,ILSVRC2012_val_00018922,features.5.6,15,0.7569207012653351
100,0.1,ILSVRC2012_val_00018922,features.5.7,16,0.7598001515865326
100,0.1,ILSVRC2012_val_00018922,features.5.8,17,0.7638296508789062
100,0.1,ILSVRC2012_val_00018922,features.5.9,18,0.7647111320495605
100,0.1,ILSVRC2012_val_00018922,features.5.10,19,0.7687974262237549
100,0.1,ILSVRC2012_val_00018922,features.5.11,20,0.7648051249980926
100,0.1,ILSVRC2012_val_00018922,features.5.12,21,0.7619360721111298
100,0.1,ILSVRC2012_val_00018922,features.5.13,22,0.7606869852542877
100,0.1,ILSVRC2012_val_00018922,features.5.14,23,0.7646230125427246
100,0.1,ILSVRC2012_val_00018922,features.5.15,24,0.766778701543808
100,0.1,ILSVRC2012_val_00018922,features.5.16,25,0.7700499451160431
100,0.1,ILSVRC2012_val_00018922,features.5.17,26,0.7668617475032806
100,0.1,ILSVRC2012_val_00018922,features.5.18,27,0.7691343355178833
100,0.1,ILSVRC2012_val_00018922,features.5.19,28,0.7740389358997345
100,0.1,ILSVRC2012_val_00018922,features.5.20,29,0.779732723236084
100,0.1,ILSVRC2012_val_00018922,features.5.21,30,0.7887440991401672
100,0.1,ILSVRC2012_val_00018922,features.5.22,31,0.7924974822998047
100,0.1,ILSVRC2012_val_00018922,features.5.23,32,0.7977805483341217
100,0.1,ILSVRC2012_val_00018922,features.5.24,33,0.8087485098838806
100,0.1,ILSVRC2012_val_00018922,features.5.25,34,0.820596262216568
100,0.1,ILSVRC2012_val_00018922,features.5.26,35,0.829527279138565
100,0.1,ILSVRC2012_val_00018922,features.6,36,0.8859784817695617
100,0.1,ILSVRC2012_val_00018922,features.7.0,37,0.887907018661499
100,0.1,ILSVRC2012_val_00018922,features.7.1,38,0.8934126460552215
100,0.1,ILSVRC2012_val_00018922,features.7.2,39,0.897676340341568
100,0.1,ILSVRC2012_val_00018922,classifier,40,0.9820193517208099
100,0.1,ILSVRC2012_val_00025924,features.0,0,0.7556772482395172
100,0.1,ILSVRC2012_val_00025924,features.1.0,1,0.6739926815032959
100,0.1,ILSVRC2012_val_00025924,features.1.1,2,0.6363067591190338
100,0.1,ILSVRC2012_val_00025924,features.1.2,3,0.5765952515602112
100,0.1,ILSVRC2012_val_00025924,features.2,4,0.6552680134773254
100,0.1,ILSVRC2012_val_00025924,features.3.0,5,0.650996800661087
100,0.1,ILSVRC2012_val_00025924,features.3.1,6,0.621001490354538
100,0.1,ILSVRC2012_val_00025924,features.3.2,7,0.6079579663276672
100,0.1,ILSVRC2012_val_00025924,features.4,8,0.7241901886463166
100,0.1,ILSVRC2012_val_00025924,features.5.0,9,0.7222710037231446
100,0.1,ILSVRC2012_val_00025924,features.5.1,10,0.7258400440216064
100,0.1,ILSVRC2012_val_00025924,features.5.2,11,0.7292293345928192
100,0.1,ILSVRC2012_val_00025924,features.5.3,12,0.7332079422473907
100,0.1,ILSVRC2012_val_00025924,features.5.4,13,0.7392369210720062
100,0.1,ILSVRC2012_val_00025924,features.5.5,14,0.7474794626235962
100,0.1,ILSVRC2012_val_00025924,features.5.6,15,0.7469762885570526
100,0.1,ILSVRC2012_val_00025924,features.5.7,16,0.7516131794452667
100,0.1,ILSVRC2012_val_00025924,features.5.8,17,0.7586894452571868
100,0.1,ILSVRC2012_val_00025924,features.5.9,18,0.7605763733386993
100,0.1,ILSVRC2012_val_00025924,features.5.10,19,0.7659135115146637
100,0.1,ILSVRC2012_val_00025924,features.5.11,20,0.76559530377388
100,0.1,ILSVRC2012_val_00025924,features.5.12,21,0.7678403532505036
100,0.1,ILSVRC2012_val_00025924,features.5.13,22,0.7664697515964508
100,0.1,ILSVRC2012_val_00025924,features.5.14,23,0.7715178728103638
100,0.1,ILSVRC2012_val_00025924,features.5.15,24,0.7730821263790131
100,0.1,ILSVRC2012_val_00025924,features.5.16,25,0.7753312230110169
100,0.1,ILSVRC2012_val_00025924,features.5.17,26,0.7771059226989746
100,0.1,ILSVRC2012_val_00025924,features.5.18,27,0.7797708368301391
100,0.1,ILSVRC2012_val_00025924,features.5.19,28,0.7816874647140503
100,0.1,ILSVRC2012_val_00025924,features.5.20,29,0.7815595495700837
100,0.1,ILSVRC2012_val_00025924,features.5.21,30,0.783542937040329
100,0.1,ILSVRC2012_val_00025924,features.5.22,31,0.784404240846634
100,0.1,ILSVRC2012_val_00025924,features.5.23,32,0.7891614925861359
100,0.1,ILSVRC2012_val_00025924,features.5.24,33,0.7971508371829986
100,0.1,ILSVRC2012_val_00025924,features.5.25,34,0.8035100424289703
100,0.1,ILSVRC2012_val_00025924,features.5.26,35,0.8081822717189788
100,0.1,ILSVRC2012_val_00025924,features.6,36,0.8444297969341278
100,0.1,ILSVRC2012_val_00025924,features.7.0,37,0.8440378165245056
100,0.1,ILSVRC2012_val_00025924,features.7.1,38,0.8444877529144287
100,0.1,ILSVRC2012_val_00025924,features.7.2,39,0.84484783411026
100,0.1,ILSVRC2012_val_00025924,classifier,40,0.9609474754333496
100,0.1,ILSVRC2012_val_00027450,features.0,0,0.6944829678535461
100,0.1,ILSVRC2012_val_00027450,features.1.0,1,0.6415342104434967
100,0.1,ILSVRC2012_val_00027450,features.1.1,2,0.6228117251396179
100,0.1,ILSVRC2012_val_00027450,features.1.2,3,0.5838180911540986
100,0.1,ILSVRC2012_val_00027450,features.2,4,0.6650550317764282
100,0.1,ILSVRC2012_val_00027450,features.3.0,5,0.668425921201706
100,0.1,ILSVRC2012_val_00027450,features.3.1,6,0.6622441971302032
100,0.1,ILSVRC2012_val_00027450,features.3.2,7,0.6611772179603577
100,0.1,ILSVRC2012_val_00027450,features.4,8,0.773692148923874
100,0.1,ILSVRC2012_val_00027450,features.5.0,9,0.7731329047679901
100,0.1,ILSVRC2012_val_00027450,features.5.1,10,0.7814247274398803
100,0.1,ILSVRC2012_val_00027450,features.5.2,11,0.7910129535198211
100,0.1,ILSVRC2012_val_00027450,features.5.3,12,0.798470846414566
100,0.1,ILSVRC2012_val_00027450,features.5.4,13,0.8073259508609771
100,0.1,ILSVRC2012_val_00027450,features.5.5,14,0.8149239790439605
100,0.1,ILSVRC2012_val_00027450,features.5.6,15,0.8174090540409088
100,0.1,ILSVRC2012_val_00027450,features.5.7,16,0.8235100162029266
100,0.1,ILSVRC2012_val_00027450,features.5.8,17,0.827436945438385
100,0.1,ILSVRC2012_val_00027450,features.5.9,18,0.8300997114181519
100,0.1,ILSVRC2012_val_00027450,features.5.10,19,0.8355315756797791
100,0.1,ILSVRC2012_val_00027450,features.5.11,20,0.8355282056331634
100,0.1,ILSVRC2012_val_00027450,features.5.12,21,0.8336620581150055
100,0.1,ILSVRC2012_val_00027450,features.5.13,22,0.8336486768722534
100,0.1,ILSVRC2012_val_00027450,features.5.14,23,0.8356793296337127
100,0.1,ILSVRC2012_val_00027450,features.5.15,24,0.8385157084465027
100,0.1,ILSVRC2012_val_00027450,features.5.16,25,0.8379747426509857
100,0.1,ILSVRC2012_val_00027450,features.5.17,26,0.8377122497558593
100,0.1,ILSVRC2012_val_00027450,features.5.18,27,0.8405565667152405
100,0.1,ILSVRC2012_val_00027450,features.5.19,28,0.8421476972103119
100,0.1,ILSVRC2012_val_00027450,features.5.20,29,0.8420223760604858
100,0.1,ILSVRC2012_val_00027450,features.5.21,30,0.8440702342987061
100,0.1,ILSVRC2012_val_00027450,features.5.22,31,0.8463043558597565
100,0.1,ILSVRC2012_val_00027450,features.5.23,32,0.8478747117519378
100,0.1,ILSVRC2012_val_00027450,features.5.24,33,0.8518068397045135
100,0.1,ILSVRC2012_val_00027450,features.5.25,34,0.8562280988693237
100,0.1,ILSVRC2012_val_00027450,features.5.26,35,0.8599660694599152
100,0.1,ILSVRC2012_val_00027450,features.6,36,0.8978853404521943
100,0.1,ILSVRC2012_val_00027450,features.7.0,37,0.8993415570259095
100,0.1,ILSVRC2012_val_00027450,features.7.1,38,0.9022715461254119
100,0.1,ILSVRC2012_val_00027450,features.7.2,39,0.904588029384613
100,0.1,ILSVRC2012_val_00027450,classifier,40,0.983763974905014
100,0.1,ILSVRC2012_val_00029063,features.0,0,0.6718004274368287
100,0.1,ILSVRC2012_val_00029063,features.1.0,1,0.6340421199798584
100,0.1,ILSVRC2012_val_00029063,features.1.1,2,0.6113767910003662
100,0.1,ILSVRC2012_val_00029063,features.1.2,3,0.5747627913951874
100,0.1,ILSVRC2012_val_00029063,features.2,4,0.65590118765831
100,0.1,ILSVRC2012_val_00029063,features.3.0,5,0.656012305021286
100,0.1,ILSVRC2012_val_00029063,features.3.1,6,0.6354295980930328
100,0.1,ILSVRC2012_val_00029063,features.3.2,7,0.6282612359523774
100,0.1,ILSVRC2012_val_00029063,features.4,8,0.74852698802948
100,0.1,ILSVRC2012_val_00029063,features.5.0,9,0.7494203937053681
100,0.1,ILSVRC2012_val_00029063,features.5.1,10,0.7551335453987121
100,0.1,ILSVRC2012_val_00029063,features.5.2,11,0.7605854880809784
100,0.1,ILSVRC2012_val_00029063,features.5.3,12,0.764512335062027
100,0.1,ILSVRC2012_val_00029063,features.5.4,13,0.7705264091491699
100,0.1,ILSVRC2012_val_00029063,features.5.5,14,0.7806808245182038
100,0.1,ILSVRC2012_val_00029063,features.5.6,15,0.7828331756591796
100,0.1,ILSVRC2012_val_00029063,features.5.7,16,0.7899333703517913
100,0.1,ILSVRC2012_val_00029063,features.5.8,17,0.793554230928421
100,0.1,ILSVRC2012_val_00029063,features.5.9,18,0.7962728810310363
100,0.1,ILSVRC2012_val_00029063,features.5.10,19,0.7997278487682342
100,0.1,ILSVRC2012_val_00029063,features.5.11,20,0.7994109058380127
100,0.1,ILSVRC2012_val_00029063,features.5.12,21,0.7992808425426483
100,0.1,ILSVRC2012_val_00029063,features.5.13,22,0.7994305229187012
100,0.1,ILSVRC2012_val_00029063,features.5.14,23,0.8041570472717285
100,0.1,ILSVRC2012_val_00029063,features.5.15,24,0.8087087404727936
100,0.1,ILSVRC2012_val_00029063,features.5.16,25,0.8104741597175598
100,0.1,ILSVRC2012_val_00029063,features.5.17,26,0.8124250531196594
100,0.1,ILSVRC2012_val_00029063,features.5.18,27,0.8136340844631195
100,0.1,ILSVRC2012_val_00029063,features.5.19,28,0.8157993483543396
100,0.1,ILSVRC2012_val_00029063,features.5.20,29,0.8166148865222931
100,0.1,ILSVRC2012_val_00029063,features.5.21,30,0.8266117250919343
100,0.1,ILSVRC2012_val_00029063,features.5.22,31,0.8340266454219818
100,0.1,ILSVRC2012_val_00029063,features.5.23,32,0.8406550443172455
100,0.1,ILSVRC2012_val_00029063,features.5.24,33,0.8521313607692719
100,0.1,ILSVRC2012_val_00029063,features.5.25,34,0.8629756212234497
100,0.1,ILSVRC2012_val_00029063,features.5.26,35,0.8719250667095184
100,0.1,ILSVRC2012_val_00029063,features.6,36,0.9141360712051392
100,0.1,ILSVRC2012_val_00029063,features.7.0,37,0.9163939678668975
100,0.1,ILSVRC2012_val_00029063,features.7.1,38,0.9215104365348816
100,0.1,ILSVRC2012_val_00029063,features.7.2,39,0.92444464802742
100,0.1,ILSVRC2012_val_00029063,classifier,40,0.9906311082839966
100,0.1,ILSVRC2012_val_00030419,features.0,0,0.6390797507762909
100,0.1,ILSVRC2012_val_00030419,features.1.0,1,0.5969497156143189
100,0.1,ILSVRC2012_val_00030419,features.1.1,2,0.5681016218662261
100,0.1,ILSVRC2012_val_00030419,features.1.2,3,0.5164938509464264
100,0.1,ILSVRC2012_val_00030419,features.2,4,0.598874351978302
100,0.1,ILSVRC2012_val_00030419,features.3.0,5,0.5829025161266327
100,0.1,ILSVRC2012_val_00030419,features.3.1,6,0.5411898720264435
100,0.1,ILSVRC2012_val_00030419,features.3.2,7,0.5260989677906036
100,0.1,ILSVRC2012_val_00030419,features.4,8,0.6567027795314789
100,0.1,ILSVRC2012_val_00030419,features.5.0,9,0.6610583889484406
100,0.1,ILSVRC2012_val_00030419,features.5.1,10,0.6617217254638672
100,0.1,ILSVRC2012_val_00030419,features.5.2,11,0.6748683953285217
100,0.1,ILSVRC2012_val_00030419,features.5.3,12,0.6896725583076477
100,0.1,ILSVRC2012_val_00030419,features.5.4,13,0.7092461788654327
100,0.1,ILSVRC2012_val_00030419,features.5.5,14,0.7263927555084229
100,0.1,ILSVRC2012_val_00030419,features.5.6,15,0.7314651155471802
100,0.1,ILSVRC2012_val_00030419,features.5.7,16,0.736574593782425
100,0.1,ILSVRC2012_val_00030419,features.5.8,17,0.7424575841426849
100,0.1,ILSVRC2012_val_00030419,features.5.9,18,0.745122662782669
100,0.1,ILSVRC2012_val_00030419,features.5.10,19,0.7488828516006469
100,0.1,ILSVRC2012_val_00030419,features.5.11,20,0.7472643029689788
100,0.1,ILSVRC2012_val_00030419,features.5.12,21,0.748982561826706
100,0.1,ILSVRC2012_val_00030419,features.5.13,22,0.7488153111934662
100,0.1,ILSVRC2012_val_00030419,features.5.14,23,0.7546276926994324
100,0.1,ILSVRC2012_val_00030419,features.5.15,24,0.7574293446540833
100,0.1,ILSVRC2012_val_00030419,features.5.16,25,0.7638951468467713
100,0.1,ILSVRC2012_val_00030419,features.5.17,26,0.7667669928073884
100,0.1,ILSVRC2012_val_00030419,features.5.18,27,0.7714509391784667
100,0.1,ILSVRC2012_val_00030419,features.5.19,28,0.7729968845844268
100,0.1,ILSVRC2012_val_00030419,features.5.20,29,0.7737833166122436
100,0.1,ILSVRC2012_val_00030419,features.5.21,30,0.775823655128479
100,0.1,ILSVRC2012_val_00030419,features.5.22,31,0.7804913878440857
100,0.1,ILSVRC2012_val_00030419,features.5.23,32,0.7861178255081177
100,0.1,ILSVRC2012_val_00030419,features.5.24,33,0.7958908879756927
100,0.1,ILSVRC2012_val_00030419,features.5.25,34,0.8068297147750855
100,0.1,ILSVRC2012_val_00030419,features.5.26,35,0.8172365975379944
100,0.1,ILSVRC2012_val_00030419,features.6,36,0.8829469740390777
100,0.1,ILSVRC2012_val_00030419,features.7.0,37,0.8867774331569671
100,0.1,ILSVRC2012_val_00030419,features.7.1,38,0.8950266945362091
100,0.1,ILSVRC2012_val_00030419,features.7.2,39,0.89950026512146
100,0.1,ILSVRC2012_val_00030419,classifier,40,0.9757696080207825
100,0.1,ILSVRC2012_val_00030425,features.0,0,0.809200166463852
100,0.1,ILSVRC2012_val_00030425,features.1.0,1,0.6729457342624664
100,0.1,ILSVRC2012_val_00030425,features.1.1,2,0.621251482963562
100,0.1,ILSVRC2012_val_00030425,features.1.2,3,0.5719091665744781
100,0.1,ILSVRC2012_val_00030425,features.2,4,0.6382059955596924
100,0.1,ILSVRC2012_val_00030425,features.3.0,5,0.629878271818161
100,0.1,ILSVRC2012_val_00030425,features.3.1,6,0.6060150039196014
100,0.1,ILSVRC2012_val_00030425,features.3.2,7,0.6004545962810517
100,0.1,ILSVRC2012_val_00030425,features.4,8,0.7432938015460968
100,0.1,ILSVRC2012_val_00030425,features.5.0,9,0.7348987591266632
100,0.1,ILSVRC2012_val_00030425,features.5.1,10,0.7378523969650268
100,0.1,ILSVRC2012_val_00030425,features.5.2,11,0.7435277068614959
100,0.1,ILSVRC2012_val_00030425,features.5.3,12,0.7459287238121033
100,0.1,ILSVRC2012_val_00030425,features.5.4,13,0.7543558812141419
100,0.1,ILSVRC2012_val_00030425,features.5.5,14,0.7645049703121185
100,0.1,ILSVRC2012_val_00030425,features.5.6,15,0.7599098372459412
100,0.1,ILSVRC2012_val_00030425,features.5.7,16,0.7660706686973572
100,0.1,ILSVRC2012_val_00030425,features.5.8,17,0.77388347864151
100,0.1,ILSVRC2012_val_00030425,features.5.9,18,0.776546049118042
100,0.1,ILSVRC2012_val_00030425,features.5.10,19,0.7817810368537903
100,0.1,ILSVRC2012_val_00030425,features.5.11,20,0.7761241972446442
100,0.1,ILSVRC2012_val_00030425,features.5.12,21,0.7670378446578979
100,0.1,ILSVRC2012_val_00030425,features.5.13,22,0.7665157806873322
100,0.1,ILSVRC2012_val_00030425,features.5.14,23,0.7658796739578247
100,0.1,ILSVRC2012_val_00030425,features.5.15,24,0.7676189720630646
100,0.1,ILSVRC2012_val_00030425,features.5.16,25,0.7648427414894104
100,0.1,ILSVRC2012_val_00030425,features.5.17,26,0.7637581551074981
100,0.1,ILSVRC2012_val_00030425,features.5.18,27,0.763052533864975
100,0.1,ILSVRC2012_val_00030425,features.5.19,28,0.7654798400402069
100,0.1,ILSVRC2012_val_00030425,features.5.20,29,0.7639255392551422
100,0.1,ILSVRC2012_val_00030425,features.5.21,30,0.7666921079158783
100,0.1,ILSVRC2012_val_00030425,features.5.22,31,0.7684006667137147
100,0.1,ILSVRC2012_val_00030425,features.5.23,32,0.7657276892662048
100,0.1,ILSVRC2012_val_00030425,features.5.24,33,0.7680791115760803
100,0.1,ILSVRC2012_val_00030425,features.5.25,34,0.7730912804603577
100,0.1,ILSVRC2012_val_00030425,features.5.26,35,0.776883453130722
100,0.1,ILSVRC2012_val_00030425,features.6,36,0.8137234783172608
100,0.1,ILSVRC2012_val_00030425,features.7.0,37,0.8177017498016358
100,0.1,ILSVRC2012_val_00030425,features.7.1,38,0.8194691228866577
100,0.1,ILSVRC2012_val_00030425,features.7.2,39,0.8230238878726959
100,0.1,ILSVRC2012_val_00030425,classifier,40,0.9452671360969543
100,0.1,ILSVRC2012_val_00035318,features.0,0,0.8124112594127655
100,0.1,ILSVRC2012_val_00035318,features.1.0,1,0.8007527768611908
100,0.1,ILSVRC2012_val_00035318,features.1.1,2,0.7531523990631104
100,0.1,ILSVRC2012_val_00035318,features.1.2,3,0.6886281681060791
100,0.1,ILSVRC2012_val_00035318,features.2,4,0.7390361821651459
100,0.1,ILSVRC2012_val_00035318,features.3.0,5,0.7226814353466033
100,0.1,ILSVRC2012_val_00035318,features.3.1,6,0.6994236195087433
100,0.1,ILSVRC2012_val_00035318,features.3.2,7,0.6980511748790741
100,0.1,ILSVRC2012_val_00035318,features.4,8,0.7999595952033997
100,0.1,ILSVRC2012_val_00035318,features.5.0,9,0.7992423593997955
100,0.1,ILSVRC2012_val_00035318,features.5.1,10,0.7999270915985107
100,0.1,ILSVRC2012_val_00035318,features.5.2,11,0.805059711933136
100,0.1,ILSVRC2012_val_00035318,features.5.3,12,0.810589988231659
100,0.1,ILSVRC2012_val_00035318,features.5.4,13,0.8172423207759857
100,0.1,ILSVRC2012_val_00035318,features.5.5,14,0.8241460597515107
100,0.1,ILSVRC2012_val_00035318,features.5.6,15,0.8247270655632019
100,0.1,ILSVRC2012_val_00035318,features.5.7,16,0.8309224200248718
100,0.1,ILSVRC2012_val_00035318,features.5.8,17,0.8361342871189117
100,0.1,ILSVRC2012_val_00035318,features.5.9,18,0.8348923563957215
100,0.1,ILSVRC2012_val_00035318,features.5.10,19,0.8361709558963776
100,0.1,ILSVRC2012_val_00035318,features.5.11,20,0.8352136266231537
100,0.1,ILSVRC2012_val_00035318,features.5.12,21,0.8336107671260834
100,0.1,ILSVRC2012_val_00035318,features.5.13,22,0.832197505235672
100,0.1,ILSVRC2012_val_00035318,features.5.14,23,0.8345172989368439
100,0.1,ILSVRC2012_val_00035318,features.5.15,24,0.8365871393680573
100,0.1,ILSVRC2012_val_00035318,features.5.16,25,0.838005747795105
100,0.1,ILSVRC2012_val_00035318,features.5.17,26,0.8413035011291504
100,0.1,ILSVRC2012_val_00035318,features.5.18,27,0.8432246804237366
100,0.1,ILSVRC2012_val_00035318,features.5.19,28,0.8471852707862854
100,0.1,ILSVRC2012_val_00035318,features.5.20,29,0.8520178389549256
100,0.1,ILSVRC2012_val_00035318,features.5.21,30,0.8598213148117065
100,0.1,ILSVRC2012_val_00035318,features.5.22,31,0.8658564567565918
100,0.1,ILSVRC2012_val_00035318,features.5.23,32,0.8700517237186431
100,0.1,ILSVRC2012_val_00035318,features.5.24,33,0.8779853117465973
100,0.1,ILSVRC2012_val_00035318,features.5.25,34,0.8850863254070283
100,0.1,ILSVRC2012_val_00035318,features.5.26,35,0.8917818129062652
100,0.1,ILSVRC2012_val_00035318,features.6,36,0.9367864227294922
100,0.1,ILSVRC2012_val_00035318,features.7.0,37,0.9395594751834869
100,0.1,ILSVRC2012_val_00035318,features.7.1,38,0.9444227504730225
100,0.1,ILSVRC2012_val_00035318,features.7.2,39,0.9474772465229034
100,0.1,ILSVRC2012_val_00035318,classifier,40,0.9908500277996063
100,0.1,ILSVRC2012_val_00035574,features.0,0,0.8014333474636078
100,0.1,ILSVRC2012_val_00035574,features.1.0,1,0.7337940502166748
100,0.1,ILSVRC2012_val_00035574,features.1.1,2,0.6981521713733673
100,0.1,ILSVRC2012_val_00035574,features.1.2,3,0.6456131720542908
100,0.1,ILSVRC2012_val_00035574,features.2,4,0.719800796508789
100,0.1,ILSVRC2012_val_00035574,features.3.0,5,0.7211550784111023
100,0.1,ILSVRC2012_val_00035574,features.3.1,6,0.708348867893219
100,0.1,ILSVRC2012_val_00035574,features.3.2,7,0.7073946380615235
100,0.1,ILSVRC2012_val_00035574,features.4,8,0.7976101613044739
100,0.1,ILSVRC2012_val_00035574,features.5.0,9,0.7979942870140075
100,0.1,ILSVRC2012_val_00035574,features.5.1,10,0.8043582165241241
100,0.1,ILSVRC2012_val_00035574,features.5.2,11,0.8103936040401458
100,0.1,ILSVRC2012_val_00035574,features.5.3,12,0.817035346031189
100,0.1,ILSVRC2012_val_00035574,features.5.4,13,0.8237109076976776
100,0.1,ILSVRC2012_val_00035574,features.5.5,14,0.8320444571971893
100,0.1,ILSVRC2012_val_00035574,features.5.6,15,0.8326181447505951
100,0.1,ILSVRC2012_val_00035574,features.5.7,16,0.836722549200058
100,0.1,ILSVRC2012_val_00035574,features.5.8,17,0.8405299580097199
100,0.1,ILSVRC2012_val_00035574,features.5.9,18,0.8429903423786164
100,0.1,ILSVRC2012_val_00035574,features.5.10,19,0.8452442812919617
100,0.1,ILSVRC2012_val_00035574,features.5.11,20,0.844429372549057
100,0.1,ILSVRC2012_val_00035574,features.5.12,21,0.8431560242176056
100,0.1,ILSVRC2012_val_00035574,features.5.13,22,0.8422696208953857
100,0.1,ILSVRC2012_val_00035574,features.5.14,23,0.8425049340724945
100,0.1,ILSVRC2012_val_00035574,features.5.15,24,0.8428244149684906
100,0.1,ILSVRC2012_val_00035574,features.5.16,25,0.8431769227981567
100,0.1,ILSVRC2012_val_00035574,features.5.17,26,0.8472394096851349
100,0.1,ILSVRC2012_val_00035574,features.5.18,27,0.8495422494411469
100,0.1,ILSVRC2012_val_00035574,features.5.19,28,0.8515414261817932
100,0.1,ILSVRC2012_val_00035574,features.5.20,29,0.8563937246799469
100,0.1,ILSVRC2012_val_00035574,features.5.21,30,0.8617694461345673
100,0.1,ILSVRC2012_val_00035574,features.5.22,31,0.8668062102794647
100,0.1,ILSVRC2012_val_00035574,features.5.23,32,0.8704723644256592
100,0.1,ILSVRC2012_val_00035574,features.5.24,33,0.8758551967144013
100,0.1,ILSVRC2012_val_00035574,features.5.25,34,0.8819532227516175
100,0.1,ILSVRC2012_val_00035574,features.5.26,35,0.8867816317081452
100,0.1,ILSVRC2012_val_00035574,features.6,36,0.9261421871185302
100,0.1,ILSVRC2012_val_00035574,features.7.0,37,0.927163132429123
100,0.1,ILSVRC2012_val_00035574,features.7.1,38,0.9305998349189758
100,0.1,ILSVRC2012_val_00035574,features.7.2,39,0.9334408783912659
100,0.1,ILSVRC2012_val_00035574,classifier,40,0.9822856879234314
100,0.1,ILSVRC2012_val_00036158,features.0,0,0.6812507581710815
100,0.1,ILSVRC2012_val_00036158,features.1.0,1,0.6630554234981537
100,0.1,ILSVRC2012_val_00036158,features.1.1,2,0.6194908821582794
100,0.1,ILSVRC2012_val_00036158,features.1.2,3,0.5667152392864228
100,0.1,ILSVRC2012_val_00036158,features.2,4,0.6532954049110412
100,0.1,ILSVRC2012_val_00036158,features.3.0,5,0.6262125241756439
100,0.1,ILSVRC2012_val_00036158,features.3.1,6,0.5782247686386108
100,0.1,ILSVRC2012_val_00036158,features.3.2,7,0.565907289981842
100,0.1,ILSVRC2012_val_00036158,features.4,8,0.724035108089447
100,0.1,ILSVRC2012_val_00036158,features.5.0,9,0.7261745584011078
100,0.1,ILSVRC2012_val_00036158,features.5.1,10,0.7222199046611786
100,0.1,ILSVRC2012_val_00036158,features.5.2,11,0.7295428311824799
100,0.1,ILSVRC2012_val_00036158,features.5.3,12,0.7365039467811585
100,0.1,ILSVRC2012_val_00036158,features.5.4,13,0.7461858272552491
100,0.1,ILSVRC2012_val_00036158,features.5.5,14,0.7631960678100586
100,0.1,ILSVRC2012_val_00036158,features.5.6,15,0.7646482110023498
100,0.1,ILSVRC2012_val_00036158,features.5.7,16,0.7666577911376953
100,0.1,ILSVRC2012_val_00036158,features.5.8,17,0.775906367301941
100,0.1,ILSVRC2012_val_00036158,features.5.9,18,0.7780566072463989
100,0.1,ILSVRC2012_val_00036158,features.5.10,19,0.7871339213848114
100,0.1,ILSVRC2012_val_00036158,features.5.11,20,0.7848837053775788
100,0.1,ILSVRC2012_val_00036158,features.5.12,21,0.7834000623226166
100,0.1,ILSVRC2012_val_00036158,features.5.13,22,0.7820620012283325
100,0.1,ILSVRC2012_val_00036158,features.5.14,23,0.7845429050922393
100,0.1,ILSVRC2012_val_00036158,features.5.15,24,0.7846830308437347
100,0.1,ILSVRC2012_val_00036158,features.5.16,25,0.7869630670547485
100,0.1,ILSVRC2012_val_00036158,features.5.17,26,0.7890217971801757
100,0.1,ILSVRC2012_val_00036158,features.5.18,27,0.7912363028526306
100,0.1,ILSVRC2012_val_00036158,features.5.19,28,0.7948654210567474
100,0.1,ILSVRC2012_val_00036158,features.5.20,29,0.7967281377315522
100,0.1,ILSVRC2012_val_00036158,features.5.21,30,0.8020283365249634
100,0.1,ILSVRC2012_val_00036158,features.5.22,31,0.808295203447342
100,0.1,ILSVRC2012_val_00036158,features.5.23,32,0.811824996471405
100,0.1,ILSVRC2012_val_00036158,features.5.24,33,0.8170175087451935
100,0.1,ILSVRC2012_val_00036158,features.5.25,34,0.8231498944759369
100,0.1,ILSVRC2012_val_00036158,features.5.26,35,0.8283238887786866
100,0.1,ILSVRC2012_val_00036158,features.6,36,0.8860993826389313
100,0.1,ILSVRC2012_val_00036158,features.7.0,37,0.8862461245059967
100,0.1,ILSVRC2012_val_00036158,features.7.1,38,0.8904073143005371
100,0.1,ILSVRC2012_val_00036158,features.7.2,39,0.8939609384536743
100,0.1,ILSVRC2012_val_00036158,classifier,40,0.9673913764953613
100,0.1,ILSVRC2012_val_00041330,features.0,0,0.8059402024745941
100,0.1,ILSVRC2012_val_00041330,features.1.0,1,0.787053894996643
100,0.1,ILSVRC2012_val_00041330,features.1.1,2,0.7602973794937133
100,0.1,ILSVRC2012_val_00041330,features.1.2,3,0.7169679391384125
100,0.1,ILSVRC2012_val_00041330,features.2,4,0.7795762228965759
100,0.1,ILSVRC2012_val_00041330,features.3.0,5,0.7735851395130158
100,0.1,ILSVRC2012_val_00041330,features.3.1,6,0.7503174483776093
100,0.1,ILSVRC2012_val_00041330,features.3.2,7,0.7534117877483368
100,0.1,ILSVRC2012_val_00041330,features.4,8,0.826331478357315
100,0.1,ILSVRC2012_val_00041330,features.5.0,9,0.8248685252666473
100,0.1,ILSVRC2012_val_00041330,features.5.1,10,0.8228411889076233
100,0.1,ILSVRC2012_val_00041330,features.5.2,11,0.8241646480560303
100,0.1,ILSVRC2012_val_00041330,features.5.3,12,0.8282424628734588
100,0.1,ILSVRC2012_val_00041330,features.5.4,13,0.8369898736476898
100,0.1,ILSVRC2012_val_00041330,features.5.5,14,0.8410218214988708
100,0.1,ILSVRC2012_val_00041330,features.5.6,15,0.8331956088542938
100,0.1,ILSVRC2012_val_00041330,features.5.7,16,0.8330246114730835
100,0.1,ILSVRC2012_val_00041330,features.5.8,17,0.8382742500305176
100,0.1,ILSVRC2012_val_00041330,features.5.9,18,0.8367993175983429
100,0.1,ILSVRC2012_val_00041330,features.5.10,19,0.8379619789123535
100,0.1,ILSVRC2012_val_00041330,features.5.11,20,0.8364501881599427
100,0.1,ILSVRC2012_val_00041330,features.5.12,21,0.833135302066803
100,0.1,ILSVRC2012_val_00041330,features.5.13,22,0.8300150012969971
100,0.1,ILSVRC2012_val_00041330,features.5.14,23,0.8362187433242798
100,0.1,ILSVRC2012_val_00041330,features.5.15,24,0.8358864068984986
100,0.1,ILSVRC2012_val_00041330,features.5.16,25,0.8354454791545868
100,0.1,ILSVRC2012_val_00041330,features.5.17,26,0.8339679932594299
100,0.1,ILSVRC2012_val_00041330,features.5.18,27,0.8367590236663819
100,0.1,ILSVRC2012_val_00041330,features.5.19,28,0.8386781418323517
100,0.1,ILSVRC2012_val_00041330,features.5.20,29,0.8405060124397278
100,0.1,ILSVRC2012_val_00041330,features.5.21,30,0.8442041873931885
100,0.1,ILSVRC2012_val_00041330,features.5.22,31,0.8514119112491607
100,0.1,ILSVRC2012_val_00041330,features.5.23,32,0.8602069747447968
100,0.1,ILSVRC2012_val_00041330,features.5.24,33,0.8678279709815979
100,0.1,ILSVRC2012_val_00041330,features.5.25,34,0.8763576054573059
100,0.1,ILSVRC2012_val_00041330,features.5.26,35,0.8845544934272767
100,0.1,ILSVRC2012_val_00041330,features.6,36,0.9277670133113861
100,0.1,ILSVRC2012_val_00041330,features.7.0,37,0.9294798004627228
100,0.1,ILSVRC2012_val_00041330,features.7.1,38,0.9335424637794495
100,0.1,ILSVRC2012_val_00041330,features.7.2,39,0.9368633878231049
100,0.1,ILSVRC2012_val_00041330,classifier,40,0.9893028259277343
100,0.1,ILSVRC2012_val_00048463,features.0,0,0.6039404225349426
100,0.1,ILSVRC2012_val_00048463,features.1.0,1,0.5270778048038482
100,0.1,ILSVRC2012_val_00048463,features.1.1,2,0.5224865496158599
100,0.1,ILSVRC2012_val_00048463,features.1.2,3,0.49420043647289275
100,0.1,ILSVRC2012_val_00048463,features.2,4,0.5637355756759643
100,0.1,ILSVRC2012_val_00048463,features.3.0,5,0.5621751999855041
100,0.1,ILSVRC2012_val_00048463,features.3.1,6,0.5403560709953308
100,0.1,ILSVRC2012_val_00048463,features.3.2,7,0.5358706450462342
100,0.1,ILSVRC2012_val_00048463,features.4,8,0.6683641719818115
100,0.1,ILSVRC2012_val_00048463,features.5.0,9,0.6734195303916931
100,0.1,ILSVRC2012_val_00048463,features.5.1,10,0.6788682413101196
100,0.1,ILSVRC2012_val_00048463,features.5.2,11,0.6885480213165284
100,0.1,ILSVRC2012_val_00048463,features.5.3,12,0.6968366837501526
100,0.1,ILSVRC2012_val_00048463,features.5.4,13,0.708137948513031
100,0.1,ILSVRC2012_val_00048463,features.5.5,14,0.7205977332592011
100,0.1,ILSVRC2012_val_00048463,features.5.6,15,0.7262287008762359
100,0.1,ILSVRC2012_val_00048463,features.5.7,16,0.7335649728775024
100,0.1,ILSVRC2012_val_00048463,features.5.8,17,0.7394146478176117
100,0.1,ILSVRC2012_val_00048463,features.5.9,18,0.7414021146297455
100,0.1,ILSVRC2012_val_00048463,features.5.10,19,0.7436246871948242
100,0.1,ILSVRC2012_val_00048463,features.5.11,20,0.7396473860740662
100,0.1,ILSVRC2012_val_00048463,features.5.12,21,0.7426302373409271
100,0.1,ILSVRC2012_val_00048463,features.5.13,22,0.7428998482227326
100,0.1,ILSVRC2012_val_00048463,features.5.14,23,0.748845409154892
100,0.1,ILSVRC2012_val_00048463,features.5.15,24,0.7535482823848725
100,0.1,ILSVRC2012_val_00048463,features.5.16,25,0.7574462234973908
100,0.1,ILSVRC2012_val_00048463,features.5.17,26,0.7605417621135712
100,0.1,ILSVRC2012_val_00048463,features.5.18,27,0.7631849098205566
100,0.1,ILSVRC2012_val_00048463,features.5.19,28,0.7687642443180084
100,0.1,ILSVRC2012_val_00048463,features.5.20,29,0.774412968158722
100,0.1,ILSVRC2012_val_00048463,features.5.21,30,0.7817431008815765
100,0.1,ILSVRC2012_val_00048463,features.5.22,31,0.7905262303352356
100,0.1,ILSVRC2012_val_00048463,features.5.23,32,0.7985731196403504
100,0.1,ILSVRC2012_val_00048463,features.5.24,33,0.8088256108760834
100,0.1,ILSVRC2012_val_00048463,features.5.25,34,0.8195144057273864
100,0.1,ILSVRC2012_val_00048463,features.5.26,35,0.8299087131023407
100,0.1,ILSVRC2012_val_00048463,features.6,36,0.9344901478290558
100,0.1,ILSVRC2012_val_00048463,features.7.0,37,0.9368697845935822
100,0.1,ILSVRC2012_val_00048463,features.7.1,38,0.9417287623882293
100,0.1,ILSVRC2012_val_00048463,features.7.2,39,0.9455296087265015
100,0.1,ILSVRC2012_val_00048463,classifier,40,0.9890989601612091
200,0.2,ILSVRC2012_val_00000487,features.0,0,0.4231394469738007
200,0.2,ILSVRC2012_val_00000487,features.1.0,1,0.4522020828723907
200,0.2,ILSVRC2012_val_00000487,features.1.1,2,0.44253284692764283
200,0.2,ILSVRC2012_val_00000487,features.1.2,3,0.39459820330142975
200,0.2,ILSVRC2012_val_00000487,features.2,4,0.48933721363544463
200,0.2,ILSVRC2012_val_00000487,features.3.0,5,0.4903600424528122
200,0.2,ILSVRC2012_val_00000487,features.3.1,6,0.46649268686771395
200,0.2,ILSVRC2012_val_00000487,features.3.2,7,0.450993075966835
200,0.2,ILSVRC2012_val_00000487,features.4,8,0.5966003584861755
200,0.2,ILSVRC2012_val_00000487,features.5.0,9,0.5886916315555573
200,0.2,ILSVRC2012_val_00000487,features.5.1,10,0.5889318740367889
200,0.2,ILSVRC2012_val_00000487,features.5.2,11,0.593338211774826
200,0.2,ILSVRC2012_val_00000487,features.5.3,12,0.5948014640808106
200,0.2,ILSVRC2012_val_00000487,features.5.4,13,0.6018454861640931
200,0.2,ILSVRC2012_val_00000487,features.5.5,14,0.6129637444019318
200,0.2,ILSVRC2012_val_00000487,features.5.6,15,0.6103950464725494
200,0.2,ILSVRC2012_val_00000487,features.5.7,16,0.6149996411800385
200,0.2,ILSVRC2012_val_00000487,features.5.8,17,0.6210694932937622
200,0.2,ILSVRC2012_val_00000487,features.5.9,18,0.6230500161647796
200,0.2,ILSVRC2012_val_00000487,features.5.10,19,0.6282963860034942
200,0.2,ILSVRC2012_val_00000487,features.5.11,20,0.622010407447815
200,0.2,ILSVRC2012_val_00000487,features.5.12,21,0.6159216010570526
200,0.2,ILSVRC2012_val_00000487,features.5.13,22,0.6136537611484527
200,0.2,ILSVRC2012_val_00000487,features.5.14,23,0.6156743550300598
200,0.2,ILSVRC2012_val_00000487,features.5.15,24,0.6163426446914673
200,0.2,ILSVRC2012_val_00000487,features.5.16,25,0.6156740403175354
200,0.2,ILSVRC2012_val_00000487,features.5.17,26,0.6123455727100372
200,0.2,ILSVRC2012_val_00000487,features.5.18,27,0.6133370482921601
200,0.2,ILSVRC2012_val_00000487,features.5.19,28,0.6151781785488128
200,0.2,ILSVRC2012_val_00000487,features.5.20,29,0.6129283094406128
200,0.2,ILSVRC2012_val_00000487,features.5.21,30,0.6167369937896728
200,0.2,ILSVRC2012_val_00000487,features.5.22,31,0.6167208969593048
200,0.2,ILSVRC2012_val_00000487,features.5.23,32,0.6203104615211487
200,0.2,ILSVRC2012_val_00000487,features.5.24,33,0.6319778847694397
200,0.2,ILSVRC2012_val_00000487,features.5.25,34,0.6437642121315003
200,0.2,ILSVRC2012_val_00000487,features.5.26,35,0.6557871103286743
200,0.2,ILSVRC2012_val_00000487,features.6,36,0.7291112470626832
200,0.2,ILSVRC2012_val_00000487,features.7.0,37,0.7307415795326233
200,0.2,ILSVRC2012_val_00000487,features.7.1,38,0.7362772464752197
200,0.2,ILSVRC2012_val_00000487,features.7.2,39,0.7428703606128693
200,0.2,ILSVRC2012_val_00000487,classifier,40,0.8909255635738372
200,0.2,ILSVRC2012_val_00000681,features.0,0,0.7264150881767273
200,0.2,ILSVRC2012_val_00000681,features.1.0,1,0.6733286213874817
200,0.2,ILSVRC2012_val_00000681,features.1.1,2,0.6117467749118805
200,0.2,ILSVRC2012_val_00000681,features.1.2,3,0.5378671431541443
200,0.2,ILSVRC2012_val_00000681,features.2,4,0.5984591543674469
200,0.2,ILSVRC2012_val_00000681,features.3.0,5,0.588956390619278
200,0.2,ILSVRC2012_val_00000681,features.3.1,6,0.5675738763809204
200,0.2,ILSVRC2012_val_00000681,features.3.2,7,0.5582754075527191
200,0.2,ILSVRC2012_val_00000681,features.4,8,0.664297878742218
200,0.2,ILSVRC2012_val_00000681,features.5.0,9,0.660006639957428
200,0.2,ILSVRC2012_val_00000681,features.5.1,10,0.6601751685142517
200,0.2,ILSVRC2012_val_00000681,features.5.2,11,0.6607098746299743
200,0.2,ILSVRC2012_val_00000681,features.5.3,12,0.6577798366546631
200,0.2,ILSVRC2012_val_00000681,features.5.4,13,0.6606631124019623
200,0.2,ILSVRC2012_val_00000681,features.5.5,14,0.6637788319587707
200,0.2,ILSVRC2012_val_00000681,features.5.6,15,0.6558989489078522
200,0.2,ILSVRC2012_val_00000681,features.5.7,16,0.6579622912406922
200,0.2,ILSVRC2012_val_00000681,features.5.8,17,0.6657347536087036
200,0.2,ILSVRC2012_val_00000681,features.5.9,18,0.6694180822372436
200,0.2,ILSVRC2012_val_00000681,features.5.10,19,0.6738665723800659
200,0.2,ILSVRC2012_val_00000681,features.5.11,20,0.667335991859436
200,0.2,ILSVRC2012_val_00000681,features.5.12,21,0.6593481183052063
200,0.2,ILSVRC2012_val_00000681,features.5.13,22,0.6604211103916168
200,0.2,ILSVRC2012_val_00000681,features.5.14,23,0.6595326638221741
200,0.2,ILSVRC2012_val_00000681,features.5.15,24,0.6617347073554992
200,0.2,ILSVRC2012_val_00000681,features.5.16,25,0.6592743980884552
200,0.2,ILSVRC2012_val_00000681,features.5.17,26,0.6632328236103058
200,0.2,ILSVRC2012_val_00000681,features.5.18,27,0.6641651117801666
200,0.2,ILSVRC2012_val_00000681,features.5.19,28,0.673118712902069
200,0.2,ILSVRC2012_val_00000681,features.5.20,29,0.6817913568019867
200,0.2,ILSVRC2012_val_00000681,features.5.21,30,0.7087674677371979
200,0.2,ILSVRC2012_val_00000681,features.5.22,31,0.7171909844875336
200,0.2,ILSVRC2012_val_00000681,features.5.23,32,0.7225709295272827
200,0.2,ILSVRC2012_val_00000681,features.5.24,33,0.7399719178676605
200,0.2,ILSVRC2012_val_00000681,features.5.25,34,0.7559481287002563
200,0.2,ILSVRC2012_val_00000681,features.5.26,35,0.7721084654331207
200,0.2,ILSVRC2012_val_00000681,features.6,36,0.8292921352386474
200,0.2,ILSVRC2012_val_00000681,features.7.0,37,0.831660807132721
200,0.2,ILSVRC2012_val_00000681,features.7.1,38,0.841577320098877
200,0.2,ILSVRC2012_val_00000681,features.7.2,39,0.8472542214393616
200,0.2,ILSVRC2012_val_00000681,classifier,40,0.9661377203464508
200,0.2,ILSVRC2012_val_00000729,features.0,0,0.5439520633738973
200,0.2,ILSVRC2012_val_00000729,features.1.0,1,0.523547166067621
200,0.2,ILSVRC2012_val_00000729,features.1.1,2,0.4858639175477235
200,0.2,ILSVRC2012_val_00000729,features.1.2,3,0.4131765611793684
200,0.2,ILSVRC2012_val_00000729,features.2,4,0.4781058016030685
200,0.2,ILSVRC2012_val_00000729,features.3.0,5,0.48227371599363245
200,0.2,ILSVRC2012_val_00000729,features.3.1,6,0.47317542200503143
200,0.2,ILSVRC2012_val_00000729,features.3.2,7,0.46111435345981433
200,0.2,ILSVRC2012_val_00000729,features.4,8,0.6042324745136759
200,0.2,ILSVRC2012_val_00000729,features.5.0,9,0.6052094179651012
200,0.2,ILSVRC2012_val_00000729,features.5.1,10,0.6162357641303021
200,0.2,ILSVRC2012_val_00000729,features.5.2,11,0.6237928919170214
200,0.2,ILSVRC2012_val_00000729,features.5.3,12,0.6264745411665543
200,0.2,ILSVRC2012_val_00000729,features.5.4,13,0.6322398133899855
200,0.2,ILSVRC2012_val_00000729,features.5.5,14,0.6430430697358173
200,0.2,ILSVRC2012_val_00000729,features.5.6,15,0.6458400513814844
200,0.2,ILSVRC2012_val_00000729,features.5.7,16,0.6554410664931588
200,0.2,ILSVRC2012_val_00000729,features.5.8,17,0.667956601018491
200,0.2,ILSVRC2012_val_00000729,features.5.9,18,0.6776590114054473
200,0.2,ILSVRC2012_val_00000729,features.5.10,19,0.6928357170975726
200,0.2,ILSVRC2012_val_00000729,features.5.11,20,0.6932543749394624
200,0.2,ILSVRC2012_val_00000729,features.5.12,21,0.6859162786732549
200,0.2,ILSVRC2012_val_00000729,features.5.13,22,0.692274896994881
200,0.2,ILSVRC2012_val_00000729,features.5.14,23,0.6918732135192208
200,0.2,ILSVRC2012_val_00000729,features.5.15,24,0.6939493754635686
200,0.2,ILSVRC2012_val_00000729,features.5.16,25,0.6887174119120059
200,0.2,ILSVRC2012_val_00000729,features.5.17,26,0.6885154039963431
200,0.2,ILSVRC2012_val_00000729,features.5.18,27,0.685420969258184
200,0.2,ILSVRC2012_val_00000729,features.5.19,28,0.6850803546283556
200,0.2,ILSVRC2012_val_00000729,features.5.20,29,0.68380432025246
200,0.2,ILSVRC2012_val_00000729,features.5.21,30,0.6883785698724829
200,0.2,ILSVRC2012_val_00000729,features.5.22,31,0.691035358802132
200,0.2,ILSVRC2012_val_00000729,features.5.23,32,0.6881094004796899
200,0.2,ILSVRC2012_val_00000729,features.5.24,33,0.6937428246373716
200,0.2,ILSVRC2012_val_00000729,features.5.25,34,0.6998812323031218
200,0.2,ILSVRC2012_val_00000729,features.5.26,35,0.7025650091793226
200,0.2,ILSVRC2012_val_00000729,features.6,36,0.7781305727751359
200,0.2,ILSVRC2012_val_00000729,features.7.0,37,0.7777274121408877
200,0.2,ILSVRC2012_val_00000729,features.7.1,38,0.7776803633441096
200,0.2,ILSVRC2012_val_00000729,features.7.2,39,0.7814757849859155
200,0.2,ILSVRC2012_val_00000729,classifier,40,0.9352721338686736
200,0.2,ILSVRC2012_val_00000974,features.0,0,0.48402284979820254
200,0.2,ILSVRC2012_val_00000974,features.1.0,1,0.4856978577375412
200,0.2,ILSVRC2012_val_00000974,features.1.1,2,0.46542417526245117
200,0.2,ILSVRC2012_val_00000974,features.1.2,3,0.42746498942375183
200,0.2,ILSVRC2012_val_00000974,features.2,4,0.4864519315958023
200,0.2,ILSVRC2012_val_00000974,features.3.0,5,0.48472323656082156
200,0.2,ILSVRC2012_val_00000974,features.3.1,6,0.46851187109947207
200,0.2,ILSVRC2012_val_00000974,features.3.2,7,0.45343182563781737
200,0.2,ILSVRC2012_val_00000974,features.4,8,0.5970674109458923
200,0.2,ILSVRC2012_val_00000974,features.5.0,9,0.6016772520542145
200,0.2,ILSVRC2012_val_00000974,features.5.1,10,0.6031551599502564
200,0.2,ILSVRC2012_val_00000974,features.5.2,11,0.6125007152557373
200,0.2,ILSVRC2012_val_00000974,features.5.3,12,0.6181953740119934
200,0.2,ILSVRC2012_val_00000974,features.5.4,13,0.6293402302265168
200,0.2,ILSVRC2012_val_00000974,features.5.5,14,0.636629912853241
200,0.2,ILSVRC2012_val_00000974,features.5.6,15,0.6390300703048706
200,0.2,ILSVRC2012_val_00000974,features.5.7,16,0.647926836013794
200,0.2,ILSVRC2012_val_00000974,features.5.8,17,0.6537449455261231
200,0.2,ILSVRC2012_val_00000974,features.5.9,18,0.6577567613124847
200,0.2,ILSVRC2012_val_00000974,features.5.10,19,0.6623459506034851
200,0.2,ILSVRC2012_val_00000974,features.5.11,20,0.6600914704799652
200,0.2,ILSVRC2012_val_00000974,features.5.12,21,0.6577835249900817
200,0.2,ILSVRC2012_val_00000974,features.5.13,22,0.6607335352897644
200,0.2,ILSVRC2012_val_00000974,features.5.14,23,0.6623454558849334
200,0.2,ILSVRC2012_val_00000974,features.5.15,24,0.6688539981842041
200,0.2,ILSVRC2012_val_00000974,features.5.16,25,0.6726452040672303
200,0.2,ILSVRC2012_val_00000974,features.5.17,26,0.6814090204238892
200,0.2,ILSVRC2012_val_00000974,features.5.18,27,0.6822303473949433
200,0.2,ILSVRC2012_val_00000974,features.5.19,28,0.6866740119457245
200,0.2,ILSVRC2012_val_00000974,features.5.20,29,0.6924775242805481
200,0.2,ILSVRC2012_val_00000974,features.5.21,30,0.7078476202487946
200,0.2,ILSVRC2012_val_00000974,features.5.22,31,0.7151402461528779
200,0.2,ILSVRC2012_val_00000974,features.5.23,32,0.7227879893779755
200,0.2,ILSVRC2012_val_00000974,features.5.24,33,0.7380369853973389
200,0.2,ILSVRC2012_val_00000974,features.5.25,34,0.7538673198223114
200,0.2,ILSVRC2012_val_00000974,features.5.26,35,0.7712043941020965
200,0.2,ILSVRC2012_val_00000974,features.6,36,0.8325034201145172
200,0.2,ILSVRC2012_val_00000974,features.7.0,37,0.8408952808380127
200,0.2,ILSVRC2012_val_00000974,features.7.1,38,0.853488073348999
200,0.2,ILSVRC2012_val_00000974,features.7.2,39,0.8627847039699554
200,0.2,ILSVRC2012_val_00000974,classifier,40,0.9822168064117431
200,0.2,ILSVRC2012_val_00003449,features.0,0,0.7328075683116912
200,0.2,ILSVRC2012_val_00003449,features.1.0,1,0.6021419012546539
200,0.2,ILSVRC2012_val_00003449,features.1.1,2,0.5598345696926117
200,0.2,ILSVRC2012_val_00003449,features.1.2,3,0.514516043663025
200,0.2,ILSVRC2012_val_00003449,features.2,4,0.577635852098465
200,0.2,ILSVRC2012_val_00003449,features.3.0,5,0.5759963548183441
200,0.2,ILSVRC2012_val_00003449,features.3.1,6,0.5559291756153106
200,0.2,ILSVRC2012_val_00003449,features.3.2,7,0.5477942502498627
200,0.2,ILSVRC2012_val_00003449,features.4,8,0.6784425759315491
200,0.2,ILSVRC2012_val_00003449,features.5.0,9,0.6781510043144227
200,0.2,ILSVRC2012_val_00003449,features.5.1,10,0.6809737515449524
200,0.2,ILSVRC2012_val_00003449,features.5.2,11,0.6873565018177032
200,0.2,ILSVRC2012_val_00003449,features.5.3,12,0.6908182919025421
200,0.2,ILSVRC2012_val_00003449,features.5.4,13,0.6998360693454743
200,0.2,ILSVRC2012_val_00003449,features.5.5,14,0.7106007635593414
200,0.2,ILSVRC2012_val_00003449,features.5.6,15,0.7117682528495789
200,0.2,ILSVRC2012_val_00003449,features.5.7,16,0.72218759059906
200,0.2,ILSVRC2012_val_00003449,features.5.8,17,0.7297131133079529
200,0.2,ILSVRC2012_val_00003449,features.5.9,18,0.7337441849708557
200,0.2,ILSVRC2012_val_00003449,features.5.10,19,0.7396997964382171
200,0.2,ILSVRC2012_val_00003449,features.5.11,20,0.7418693971633911
200,0.2,ILSVRC2012_val_00003449,features.5.12,21,0.7387108504772186
200,0.2,ILSVRC2012_val_00003449,features.5.13,22,0.7427584409713746
200,0.2,ILSVRC2012_val_00003449,features.5.14,23,0.7435622763633728
200,0.2,ILSVRC2012_val_00003449,features.5.15,24,0.7517070770263672
200,0.2,ILSVRC2012_val_00003449,features.5.16,25,0.7513644516468048
200,0.2,ILSVRC2012_val_00003449,features.5.17,26,0.7565271770954132
200,0.2,ILSVRC2012_val_00003449,features.5.18,27,0.755493540763855
200,0.2,ILSVRC2012_val_00003449,features.5.19,28,0.7589336144924164
200,0.2,ILSVRC2012_val_00003449,features.5.20,29,0.7641031873226166
200,0.2,ILSVRC2012_val_00003449,features.5.21,30,0.7731884932518005
200,0.2,ILSVRC2012_val_00003449,features.5.22,31,0.7777648544311524
200,0.2,ILSVRC2012_val_00003449,features.5.23,32,0.7826412844657898
200,0.2,ILSVRC2012_val_00003449,features.5.24,33,0.7947576570510865
200,0.2,ILSVRC2012_val_00003449,features.5.25,34,0.8059641516208649
200,0.2,ILSVRC2012_val_00003449,features.5.26,35,0.8139857411384582
200,0.2,ILSVRC2012_val_00003449,features.6,36,0.8999796688556672
200,0.2,ILSVRC2012_val_00003449,features.7.0,37,0.8996824538707733
200,0.2,ILSVRC2012_val_00003449,features.7.1,38,0.90431813955307
200,0.2,ILSVRC2012_val_00003449,features.7.2,39,0.9078992676734924
200,0.2,ILSVRC2012_val_00003449,classifier,40,0.9852294921875
200,0.2,ILSVRC2012_val_00005130,features.0,0,0.7718030858039856
200,0.2,ILSVRC2012_val_00005130,features.1.0,1,0.7426819121837616
200,0.2,ILSVRC2012_val_00005130,features.1.1,2,0.6807281482219696
200,0.2,ILSVRC2012_val_00005130,features.1.2,3,0.6168009471893311
200,0.2,ILSVRC2012_val_00005130,features.2,4,0.6626867187023163
200,0.2,ILSVRC2012_val_00005130,features.3.0,5,0.6489257872104645
200,0.2,ILSVRC2012_val_00005130,features.3.1,6,0.6317973279953003
200,0.2,ILSVRC2012_val_00005130,features.3.2,7,0.6251706480979919
200,0.2,ILSVRC2012_val_00005130,features.4,8,0.7201375555992127
200,0.2,ILSVRC2012_val_00005130,features.5.0,9,0.7192742311954499
200,0.2,ILSVRC2012_val_00005130,features.5.1,10,0.7207569611072541
200,0.2,ILSVRC2012_val_00005130,features.5.2,11,0.7251630520820618
200,0.2,ILSVRC2012_val_00005130,features.5.3,12,0.7294017004966736
200,0.2,ILSVRC2012_val_00005130,features.5.4,13,0.740255925655365
200,0.2,ILSVRC2012_val_00005130,features.5.5,14,0.7504911482334137
200,0.2,ILSVRC2012_val_00005130,features.5.6,15,0.7480967688560486
200,0.2,ILSVRC2012_val_00005130,features.5.7,16,0.7539557135105133
200,0.2,ILSVRC2012_val_00005130,features.5.8,17,0.7598986160755158
200,0.2,ILSVRC2012_val_00005130,features.5.9,18,0.7624895322322846
200,0.2,ILSVRC2012_val_00005130,features.5.10,19,0.7652558052539825
200,0.2,ILSVRC2012_val_00005130,features.5.11,20,0.7600705587863922
200,0.2,ILSVRC2012_val_00005130,features.5.12,21,0.7545313930511475
200,0.2,ILSVRC2012_val_00005130,features.5.13,22,0.7544201219081879
200,0.2,ILSVRC2012_val_00005130,features.5.14,23,0.7534102988243103
200,0.2,ILSVRC2012_val_00005130,features.5.15,24,0.7564927184581757
200,0.2,ILSVRC2012_val_00005130,features.5.16,25,0.7548145925998688
200,0.2,ILSVRC2012_val_00005130,features.5.17,26,0.7547160065174103
200,0.2,ILSVRC2012_val_00005130,features.5.18,27,0.7552667737007142
200,0.2,ILSVRC2012_val_00005130,features.5.19,28,0.7584876585006713
200,0.2,ILSVRC2012_val_00005130,features.5.20,29,0.7616515123844146
200,0.2,ILSVRC2012_val_00005130,features.5.21,30,0.767351930141449
200,0.2,ILSVRC2012_val_00005130,features.5.22,31,0.7694320726394653
200,0.2,ILSVRC2012_val_00005130,features.5.23,32,0.7727477216720581
200,0.2,ILSVRC2012_val_00005130,features.5.24,33,0.7806152093410492
200,0.2,ILSVRC2012_val_00005130,features.5.25,34,0.7881598579883575
200,0.2,ILSVRC2012_val_00005130,features.5.26,35,0.7937079203128815
200,0.2,ILSVRC2012_val_00005130,features.6,36,0.8510678994655609
200,0.2,ILSVRC2012_val_00005130,features.7.0,37,0.8525449788570404
200,0.2,ILSVRC2012_val_00005130,features.7.1,38,0.8564775145053863
200,0.2,ILSVRC2012_val_00005130,features.7.2,39,0.8596984815597534
200,0.2,ILSVRC2012_val_00005130,classifier,40,0.9692038440704346
200,0.2,ILSVRC2012_val_00006808,features.0,0,0.8054421436786652
200,0.2,ILSVRC2012_val_00006808,features.1.0,1,0.7697264373302459
200,0.2,ILSVRC2012_val_00006808,features.1.1,2,0.7145618295669556
200,0.2,ILSVRC2012_val_00006808,features.1.2,3,0.6533279705047608
200,0.2,ILSVRC2012_val_00006808,features.2,4,0.6982567024230957
200,0.2,ILSVRC2012_val_00006808,features.3.0,5,0.6755781447887421
200,0.2,ILSVRC2012_val_00006808,features.3.1,6,0.6415713250637054
200,0.2,ILSVRC2012_val_00006808,features.3.2,7,0.6268712627887726
200,0.2,ILSVRC2012_val_00006808,features.4,8,0.7339205098152161
200,0.2,ILSVRC2012_val_00006808,features.5.0,9,0.7318864798545838
200,0.2,ILSVRC2012_val_00006808,features.5.1,10,0.7236194741725922
200,0.2,ILSVRC2012_val_00006808,features.5.2,11,0.7205969500541687
200,0.2,ILSVRC2012_val_00006808,features.5.3,12,0.7162320876121521
200,0.2,ILSVRC2012_val_00006808,features.5.4,13,0.7271640479564667
200,0.2,ILSVRC2012_val_00006808,features.5.5,14,0.7310232794284821
200,0.2,ILSVRC2012_val_00006808,features.5.6,15,0.7200810503959656
200,0.2,ILSVRC2012_val_00006808,features.5.7,16,0.7156171810626983
200,0.2,ILSVRC2012_val_00006808,features.5.8,17,0.7229478442668915
200,0.2,ILSVRC2012_val_00006808,features.5.9,18,0.7225036633014679
200,0.2,ILSVRC2012_val_00006808,features.5.10,19,0.7282140803337097
200,0.2,ILSVRC2012_val_00006808,features.5.11,20,0.7256919169425964
200,0.2,ILSVRC2012_val_00006808,features.5.12,21,0.7225938057899475
200,0.2,ILSVRC2012_val_00006808,features.5.13,22,0.7199851441383361
200,0.2,ILSVRC2012_val_00006808,features.5.14,23,0.7243815565109253
200,0.2,ILSVRC2012_val_00006808,features.5.15,24,0.7215081906318664
200,0.2,ILSVRC2012_val_00006808,features.5.16,25,0.7168816566467285
200,0.2,ILSVRC2012_val_00006808,features.5.17,26,0.7124195110797882
200,0.2,ILSVRC2012_val_00006808,features.5.18,27,0.7086216092109681
200,0.2,ILSVRC2012_val_00006808,features.5.19,28,0.7096838927268982
200,0.2,ILSVRC2012_val_00006808,features.5.20,29,0.7072592496871948
200,0.2,ILSVRC2012_val_00006808,features.5.21,30,0.7092918157577515
200,0.2,ILSVRC2012_val_00006808,features.5.22,31,0.7072251880168915
200,0.2,ILSVRC2012_val_00006808,features.5.23,32,0.7063968980312347
200,0.2,ILSVRC2012_val_00006808,features.5.24,33,0.7058480584621429
200,0.2,ILSVRC2012_val_00006808,features.5.25,34,0.714855991601944
200,0.2,ILSVRC2012_val_00006808,features.5.26,35,0.7202345502376556
200,0.2,ILSVRC2012_val_00006808,features.6,36,0.7440056705474853
200,0.2,ILSVRC2012_val_00006808,features.7.0,37,0.742016680240631
200,0.2,ILSVRC2012_val_00006808,features.7.1,38,0.746434246301651
200,0.2,ILSVRC2012_val_00006808,features.7.2,39,0.7437269127368927
200,0.2,ILSVRC2012_val_00006808,classifier,40,0.9304708325862885
200,0.2,ILSVRC2012_val_00010733,features.0,0,0.6861313951015472
200,0.2,ILSVRC2012_val_00010733,features.1.0,1,0.6070149648189545
200,0.2,ILSVRC2012_val_00010733,features.1.1,2,0.5581906771659851
200,0.2,ILSVRC2012_val_00010733,features.1.2,3,0.4953487467765808
200,0.2,ILSVRC2012_val_00010733,features.2,4,0.5502536082267762
200,0.2,ILSVRC2012_val_00010733,features.3.0,5,0.5384061741828918
200,0.2,ILSVRC2012_val_00010733,features.3.1,6,0.5252969872951507
200,0.2,ILSVRC2012_val_00010733,features.3.2,7,0.510808270573616
200,0.2,ILSVRC2012_val_00010733,features.4,8,0.6310100579261779
200,0.2,ILSVRC2012_val_00010733,features.5.0,9,0.6262667691707611
200,0.2,ILSVRC2012_val_00010733,features.5.1,10,0.627144821882248
200,0.2,ILSVRC2012_val_00010733,features.5.2,11,0.6285742509365082
200,0.2,ILSVRC2012_val_00010733,features.5.3,12,0.6301900517940521
200,0.2,ILSVRC2012_val_00010733,features.5.4,13,0.6381220185756683
200,0.2,ILSVRC2012_val_00010733,features.5.5,14,0.6470656883716583
200,0.2,ILSVRC2012_val_00010733,features.5.6,15,0.6449791991710663
200,0.2,ILSVRC2012_val_00010733,features.5.7,16,0.6511484503746032
200,0.2,ILSVRC2012_val_00010733,features.5.8,17,0.6562588894367218
200,0.2,ILSVRC2012_val_00010733,features.5.9,18,0.6608167791366577
200,0.2,ILSVRC2012_val_00010733,features.5.10,19,0.6641500413417816
200,0.2,ILSVRC2012_val_00010733,features.5.11,20,0.6621305954456329
200,0.2,ILSVRC2012_val_00010733,features.5.12,21,0.6580722010135651
200,0.2,ILSVRC2012_val_00010733,features.5.13,22,0.655906652212143
200,0.2,ILSVRC2012_val_00010733,features.5.14,23,0.6562525284290314
200,0.2,ILSVRC2012_val_00010733,features.5.15,24,0.6617055726051331
200,0.2,ILSVRC2012_val_00010733,features.5.16,25,0.6607401823997497
200,0.2,ILSVRC2012_val_00010733,features.5.17,26,0.6639751613140106
200,0.2,ILSVRC2012_val_00010733,features.5.18,27,0.6657475173473358
200,0.2,ILSVRC2012_val_00010733,features.5.19,28,0.6723027014732361
200,0.2,ILSVRC2012_val_00010733,features.5.20,29,0.6763707327842713
200,0.2,ILSVRC2012_val_00010733,features.5.21,30,0.6841916120052338
200,0.2,ILSVRC2012_val_00010733,features.5.22,31,0.6905078315734863
200,0.2,ILSVRC2012_val_00010733,features.5.23,32,0.6933779501914978
200,0.2,ILSVRC2012_val_00010733,features.5.24,33,0.7026904833316803
200,0.2,ILSVRC2012_val_00010733,features.5.25,34,0.7124191057682038
200,0.2,ILSVRC2012_val_00010733,features.5.26,35,0.7219963896274567
200,0.2,ILSVRC2012_val_00010733,features.6,36,0.7800836992263794
200,0.2,ILSVRC2012_val_00010733,features.7.0,37,0.7837532114982605
200,0.2,ILSVRC2012_val_00010733,features.7.1,38,0.7904651844501496
200,0.2,ILSVRC2012_val_00010733,features.7.2,39,0.7978866922855378
200,0.2,ILSVRC2012_val_00010733,classifier,40,0.9245638775825501
200,0.2,ILSVRC2012_val_00014541,features.0,0,0.7000961983203888
200,0.2,ILSVRC2012_val_00014541,features.1.0,1,0.6577081859111786
200,0.2,ILSVRC2012_val_00014541,features.1.1,2,0.6245088124275208
200,0.2,ILSVRC2012_val_00014541,features.1.2,3,0.5619280564785004
200,0.2,ILSVRC2012_val_00014541,features.2,4,0.6403009843826294
200,0.2,ILSVRC2012_val_00014541,features.3.0,5,0.6402221059799195
200,0.2,ILSVRC2012_val_00014541,features.3.1,6,0.6236650335788727
200,0.2,ILSVRC2012_val_00014541,features.3.2,7,0.6156665253639221
200,0.2,ILSVRC2012_val_00014541,features.4,8,0.7172118389606476
200,0.2,ILSVRC2012_val_00014541,features.5.0,9,0.7146105408668518
200,0.2,ILSVRC2012_val_00014541,features.5.1,10,0.7191308200359344
200,0.2,ILSVRC2012_val_00014541,features.5.2,11,0.726356383562088
200,0.2,ILSVRC2012_val_00014541,features.5.3,12,0.7320871829986573
200,0.2,ILSVRC2012_val_00014541,features.5.4,13,0.7462270593643189
200,0.2,ILSVRC2012_val_00014541,features.5.5,14,0.7601460528373718
200,0.2,ILSVRC2012_val_00014541,features.5.6,15,0.7657054662704468
200,0.2,ILSVRC2012_val_00014541,features.5.7,16,0.7746392405033111
200,0.2,ILSVRC2012_val_00014541,features.5.8,17,0.7781530177593231
200,0.2,ILSVRC2012_val_00014541,features.5.9,18,0.7815480124950409
200,0.2,ILSVRC2012_val_00014541,features.5.10,19,0.7842373859882354
200,0.2,ILSVRC2012_val_00014541,features.5.11,20,0.7831480777263642
200,0.2,ILSVRC2012_val_00014541,features.5.12,21,0.7809584248065948
200,0.2,ILSVRC2012_val_00014541,features.5.13,22,0.7800175654888153
200,0.2,ILSVRC2012_val_00014541,features.5.14,23,0.7800525772571564
200,0.2,ILSVRC2012_val_00014541,features.5.15,24,0.7839373826980591
200,0.2,ILSVRC2012_val_00014541,features.5.16,25,0.7836778640747071
200,0.2,ILSVRC2012_val_00014541,features.5.17,26,0.7834121096134186
200,0.2,ILSVRC2012_val_00014541,features.5.18,27,0.783124018907547
200,0.2,ILSVRC2012_val_00014541,features.5.19,28,0.7844543313980102
200,0.2,ILSVRC2012_val_00014541,features.5.20,29,0.7859610891342164
200,0.2,ILSVRC2012_val_00014541,features.5.21,30,0.786474437713623
200,0.2,ILSVRC2012_val_00014541,features.5.22,31,0.7860759091377258
200,0.2,ILSVRC2012_val_00014541,features.5.23,32,0.7857360887527466
200,0.2,ILSVRC2012_val_00014541,features.5.24,33,0.7869958829879761
200,0.2,ILSVRC2012_val_00014541,features.5.25,34,0.7904229664802551
200,0.2,ILSVRC2012_val_00014541,features.5.26,35,0.7923945748806
200,0.2,ILSVRC2012_val_00014541,features.6,36,0.8449376618862152
200,0.2,ILSVRC2012_val_00014541,features.7.0,37,0.8437214624881745
200,0.2,ILSVRC2012_val_00014541,features.7.1,38,0.845120929479599
200,0.2,ILSVRC2012_val_00014541,features.7.2,39,0.8484201157093048
200,0.2,ILSVRC2012_val_00014541,classifier,40,0.9670502805709839
200,0.2,ILSVRC2012_val_00018922,features.0,0,0.7603665745258331
200,0.2,ILSVRC2012_val_00018922,features.1.0,1,0.7163586318492889
200,0.2,ILSVRC2012_val_00018922,features.1.1,2,0.635381602048874
200,0.2,ILSVRC2012_val_00018922,features.1.2,3,0.5346953582763672
200,0.2,ILSVRC2012_val_00018922,features.2,4,0.5507865297794342
200,0.2,ILSVRC2012_val_00018922,features.3.0,5,0.5037733441591263
200,0.2,ILSVRC2012_val_00018922,features.3.1,6,0.4752664369344711
200,0.2,ILSVRC2012_val_00018922,features.3.2,7,0.4782284224033356
200,0.2,ILSVRC2012_val_00018922,features.4,8,0.6200003409385682
200,0.2,ILSVRC2012_val_00018922,features.5.0,9,0.6189627110958099
200,0.2,ILSVRC2012_val_00018922,features.5.1,10,0.6070466589927673
200,0.2,ILSVRC2012_val_00018922,features.5.2,11,0.6039448380470276
200,0.2,ILSVRC2012_val_00018922,features.5.3,12,0.6083934020996093
200,0.2,ILSVRC2012_val_00018922,features.5.4,13,0.6243835306167602
200,0.2,ILSVRC2012_val_00018922,features.5.5,14,0.6326796960830688
200,0.2,ILSVRC2012_val_00018922,features.5.6,15,0.6289363038539887
200,0.2,ILSVRC2012_val_00018922,features.5.7,16,0.629905823469162
200,0.2,ILSVRC2012_val_00018922,features.5.8,17,0.634658682346344
200,0.2,ILSVRC2012_val_00018922,features.5.9,18,0.635278412103653
200,0.2,ILSVRC2012_val_00018922,features.5.10,19,0.63903240442276
200,0.2,ILSVRC2012_val_00018922,features.5.11,20,0.6326807081699372
200,0.2,ILSVRC2012_val_00018922,features.5.12,21,0.626465767621994
200,0.2,ILSVRC2012_val_00018922,features.5.13,22,0.6235133051872254
200,0.2,ILSVRC2012_val_00018922,features.5.14,23,0.6275347447395325
200,0.2,ILSVRC2012_val_00018922,features.5.15,24,0.6269139981269837
200,0.2,ILSVRC2012_val_00018922,features.5.16,25,0.6294312167167664
200,0.2,ILSVRC2012_val_00018922,features.5.17,26,0.6222958326339721
200,0.2,ILSVRC2012_val_00018922,features.5.18,27,0.6239790558815003
200,0.2,ILSVRC2012_val_00018922,features.5.19,28,0.6304951107501984
200,0.2,ILSVRC2012_val_00018922,features.5.20,29,0.6379255020618438
200,0.2,ILSVRC2012_val_00018922,features.5.21,30,0.6503258836269379
200,0.2,ILSVRC2012_val_00018922,features.5.22,31,0.6530586898326873
200,0.2,ILSVRC2012_val_00018922,features.5.23,32,0.6613905310630799
200,0.2,ILSVRC2012_val_00018922,features.5.24,33,0.6784291207790375
200,0.2,ILSVRC2012_val_00018922,features.5.25,34,0.6966004240512848
200,0.2,ILSVRC2012_val_00018922,features.5.26,35,0.7103587806224823
200,0.2,ILSVRC2012_val_00018922,features.6,36,0.7808144068717957
200,0.2,ILSVRC2012_val_00018922,features.7.0,37,0.7826351356506348
200,0.2,ILSVRC2012_val_00018922,features.7.1,38,0.7901115047931672
200,0.2,ILSVRC2012_val_00018922,features.7.2,39,0.7949767541885376
200,0.2,ILSVRC2012_val_00018922,classifier,40,0.9567509853839874
200,0.2,ILSVRC2012_val_00025924,features.0,0,0.5794173347949981
200,0.2,ILSVRC2012_val_00025924,features.1.0,1,0.5209921741485596
200,0.2,ILSVRC2012_val_00025924,features.1.1,2,0.4842213761806488
200,0.2,ILSVRC2012_val_00025924,features.1.2,3,0.4216611635684967
200,0.2,ILSVRC2012_val_00025924,features.2,4,0.4894171351194382
200,0.2,ILSVRC2012_val_00025924,features.3.0,5,0.4821405625343323
200,0.2,ILSVRC2012_val_00025924,features.3.1,6,0.4494377279281616
200,0.2,ILSVRC2012_val_00025924,features.3.2,7,0.43258389353752136
200,0.2,ILSVRC2012_val_00025924,features.4,8,0.5602453172206878
200,0.2,ILSVRC2012_val_00025924,features.5.0,9,0.5565580546855926
200,0.2,ILSVRC2012_val_00025924,features.5.1,10,0.5588581824302673
200,0.2,ILSVRC2012_val_00025924,features.5.2,11,0.5617950689792633
200,0.2,ILSVRC2012_val_00025924,features.5.3,12,0.5667510640621185
200,0.2,ILSVRC2012_val_00025924,features.5.4,13,0.5745718348026275
200,0.2,ILSVRC2012_val_00025924,features.5.5,14,0.5868307447433472
200,0.2,ILSVRC2012_val_00025924,features.5.6,15,0.5878890085220337
200,0.2,ILSVRC2012_val_00025924,features.5.7,16,0.5941872358322143
200,0.2,ILSVRC2012_val_00025924,features.5.8,17,0.6041796779632569
200,0.2,ILSVRC2012_val_00025924,features.5.9,18,0.60721750497818
200,0.2,ILSVRC2012_val_00025924,features.5.10,19,0.6144597482681274
200,0.2,ILSVRC2012_val_00025924,features.5.11,20,0.6127880430221557
200,0.2,ILSVRC2012_val_00025924,features.5.12,21,0.6135436248779297
200,0.2,ILSVRC2012_val_00025924,features.5.13,22,0.6118650567531586
200,0.2,ILSVRC2012_val_00025924,features.5.14,23,0.6184242856502533
200,0.2,ILSVRC2012_val_00025924,features.5.15,24,0.6185380899906159
200,0.2,ILSVRC2012_val_00025924,features.5.16,25,0.6198170900344848
200,0.2,ILSVRC2012_val_00025924,features.5.17,26,0.6203564679622651
200,0.2,ILSVRC2012_val_00025924,features.5.18,27,0.6236782157421112
200,0.2,ILSVRC2012_val_00025924,features.5.19,28,0.6261301207542419
200,0.2,ILSVRC2012_val_00025924,features.5.20,29,0.6250684833526612
200,0.2,ILSVRC2012_val_00025924,features.5.21,30,0.6270403528213501
200,0.2,ILSVRC2012_val_00025924,features.5.22,31,0.6268825972080231
200,0.2,ILSVRC2012_val_00025924,features.5.23,32,0.63376424908638
200,0.2,ILSVRC2012_val_00025924,features.5.24,33,0.6443413329124451
200,0.2,ILSVRC2012_val_00025924,features.5.25,34,0.6535941290855408
200,0.2,ILSVRC2012_val_00025924,features.5.26,35,0.6603423810005188
200,0.2,ILSVRC2012_val_00025924,features.6,36,0.6962048065662384
200,0.2,ILSVRC2012_val_00025924,features.7.0,37,0.6952472186088562
200,0.2,ILSVRC2012_val_00025924,features.7.1,38,0.6944703936576844
200,0.2,ILSVRC2012_val_00025924,features.7.2,39,0.6925578081607818
200,0.2,ILSVRC2012_val_00025924,classifier,40,0.9059603178501129
200,0.2,ILSVRC2012_val_00027450,features.0,0,0.5244566905498504
200,0.2,ILSVRC2012_val_00027450,features.1.0,1,0.5220686733722687
200,0.2,ILSVRC2012_val_00027450,features.1.1,2,0.49858975172042846
200,0.2,ILSVRC2012_val_00027450,features.1.2,3,0.45254108428955075
200,0.2,ILSVRC2012_val_00027450,features.2,4,0.5286854469776153
200,0.2,ILSVRC2012_val_00027450,features.3.0,5,0.5341404759883881
200,0.2,ILSVRC2012_val_00027450,features.3.1,6,0.5292277407646179
200,0.2,ILSVRC2012_val_00027450,features.3.2,7,0.526148726940155
200,0.2,ILSVRC2012_val_00027450,features.4,8,0.6553350365161896
200,0.2,ILSVRC2012_val_00027450,features.5.0,9,0.6533261561393737
200,0.2,ILSVRC2012_val_00027450,features.5.1,10,0.6629692947864533
200,0.2,ILSVRC2012_val_00027450,features.5.2,11,0.6746805989742279
200,0.2,ILSVRC2012_val_00027450,features.5.3,12,0.6820302283763886
200,0.2,ILSVRC2012_val_00027450,features.5.4,13,0.6941200947761536
200,0.2,ILSVRC2012_val_00027450,features.5.5,14,0.7040947806835175
200,0.2,ILSVRC2012_val_00027450,features.5.6,15,0.7043893516063691
200,0.2,ILSVRC2012_val_00027450,features.5.7,16,0.7120909214019775
200,0.2,ILSVRC2012_val_00027450,features.5.8,17,0.7167908251285553
200,0.2,ILSVRC2012_val_00027450,features.5.9,18,0.720047949552536
200,0.2,ILSVRC2012_val_00027450,features.5.10,19,0.7272085976600647
200,0.2,ILSVRC2012_val_00027450,features.5.11,20,0.7255736541748047
200,0.2,ILSVRC2012_val_00027450,features.5.12,21,0.7202830374240875
200,0.2,ILSVRC2012_val_00027450,features.5.13,22,0.7201122474670411
200,0.2,ILSVRC2012_val_00027450,features.5.14,23,0.7222157084941864
200,0.2,ILSVRC2012_val_00027450,features.5.15,24,0.7253350269794464
200,0.2,ILSVRC2012_val_00027450,features.5.16,25,0.7246677529811859
200,0.2,ILSVRC2012_val_00027450,features.5.17,26,0.7229945814609527
200,0.2,ILSVRC2012_val_00027450,features.5.18,27,0.7270668816566467
200,0.2,ILSVRC2012_val_00027450,features.5.19,28,0.7292322754859925
200,0.2,ILSVRC2012_val_00027450,features.5.20,29,0.7294908368587494
200,0.2,ILSVRC2012_val_00027450,features.5.21,30,0.7325274538993836
200,0.2,ILSVRC2012_val_00027450,features.5.22,31,0.7359840285778045
200,0.2,ILSVRC2012_val_00027450,features.5.23,32,0.7393738102912902
200,0.2,ILSVRC2012_val_00027450,features.5.24,33,0.7459617638587952
200,0.2,ILSVRC2012_val_00027450,features.5.25,34,0.7533269703388215
200,0.2,ILSVRC2012_val_00027450,features.5.26,35,0.7593058061599731
200,0.2,ILSVRC2012_val_00027450,features.6,36,0.8220999121665955
200,0.2,ILSVRC2012_val_00027450,features.7.0,37,0.8273901677131653
200,0.2,ILSVRC2012_val_00027450,features.7.1,38,0.8359543490409851
200,0.2,ILSVRC2012_val_00027450,features.7.2,39,0.8423840594291687
200,0.2,ILSVRC2012_val_00027450,classifier,40,0.9694839930534362
200,0.2,ILSVRC2012_val_00029063,features.0,0,0.45411398708820344
200,0.2,ILSVRC2012_val_00029063,features.1.0,1,0.47852944731712344
200,0.2,ILSVRC2012_val_00029063,features.1.1,2,0.4609793072938919
200,0.2,ILSVRC2012_val_00029063,features.1.2,3,0.4218291586637497
200,0.2,ILSVRC2012_val_00029063,features.2,4,0.4983647119998932
200,0.2,ILSVRC2012_val_00029063,features.3.0,5,0.49928277552127837
200,0.2,ILSVRC2012_val_00029063,features.3.1,6,0.4787748712301254
200,0.2,ILSVRC2012_val_00029063,features.3.2,7,0.46830389738082884
200,0.2,ILSVRC2012_val_00029063,features.4,8,0.6094303894042968
200,0.2,ILSVRC2012_val_00029063,features.5.0,9,0.6095667064189911
200,0.2,ILSVRC2012_val_00029063,features.5.1,10,0.6146845591068267
200,0.2,ILSVRC2012_val_00029063,features.5.2,11,0.6205862951278687
200,0.2,ILSVRC2012_val_00029063,features.5.3,12,0.6243456363677978
200,0.2,ILSVRC2012_val_00029063,features.5.4,13,0.631449990272522
200,0.2,ILSVRC2012_val_00029063,features.5.5,14,0.6447724545001984
200,0.2,ILSVRC2012_val_00029063,features.5.6,15,0.6457000148296356
200,0.2,ILSVRC2012_val_00029063,features.5.7,16,0.6549976062774658
200,0.2,ILSVRC2012_val_00029063,features.5.8,17,0.6586185085773468
200,0.2,ILSVRC2012_val_00029063,features.5.9,18,0.662206095457077
200,0.2,ILSVRC2012_val_00029063,features.5.10,19,0.6657273864746094
200,0.2,ILSVRC2012_val_00029063,features.5.11,20,0.6630144703388214
200,0.2,ILSVRC2012_val_00029063,features.5.12,21,0.6598946344852448
200,0.2,ILSVRC2012_val_00029063,features.5.13,22,0.6605208921432495
200,0.2,ILSVRC2012_val_00029063,features.5.14,23,0.6659871411323547
200,0.2,ILSVRC2012_val_00029063,features.5.15,24,0.6713740026950836
200,0.2,ILSVRC2012_val_00029063,features.5.16,25,0.6722671055793762
200,0.2,ILSVRC2012_val_00029063,features.5.17,26,0.674027545452118
200,0.2,ILSVRC2012_val_00029063,features.5.18,27,0.6757880318164825
200,0.2,ILSVRC2012_val_00029063,features.5.19,28,0.6787030124664306
200,0.2,ILSVRC2012_val_00029063,features.5.20,29,0.6796564829349517
200,0.2,ILSVRC2012_val_00029063,features.5.21,30,0.6958044457435608
200,0.2,ILSVRC2012_val_00029063,features.5.22,31,0.7079316258430481
200,0.2,ILSVRC2012_val_00029063,features.5.23,32,0.7192857873439789
200,0.2,ILSVRC2012_val_00029063,features.5.24,33,0.7382085537910461
200,0.2,ILSVRC2012_val_00029063,features.5.25,34,0.7568225395679474
200,0.2,ILSVRC2012_val_00029063,features.5.26,35,0.7723127734661103
200,0.2,ILSVRC2012_val_00029063,features.6,36,0.8398664379119873
200,0.2,ILSVRC2012_val_00029063,features.7.0,37,0.843883547782898
200,0.2,ILSVRC2012_val_00029063,features.7.1,38,0.853271815776825
200,0.2,ILSVRC2012_val_00029063,features.7.2,39,0.8587033820152282
200,0.2,ILSVRC2012_val_00029063,classifier,40,0.9783235335350037
200,0.2,ILSVRC2012_val_00030419,features.0,0,0.40217834293842314
200,0.2,ILSVRC2012_val_00030419,features.1.0,1,0.4137853741645813
200,0.2,ILSVRC2012_val_00030419,features.1.1,2,0.3928039926290512
200,0.2,ILSVRC2012_val_00030419,features.1.2,3,0.33726726174354554
200,0.2,ILSVRC2012_val_00030419,features.2,4,0.41308699786663056
200,0.2,ILSVRC2012_val_00030419,features.3.0,5,0.4065964728593826
200,0.2,ILSVRC2012_val_00030419,features.3.1,6,0.37645879089832307
200,0.2,ILSVRC2012_val_00030419,features.3.2,7,0.36041132986545565
200,0.2,ILSVRC2012_val_00030419,features.4,8,0.5073980855941772
200,0.2,ILSVRC2012_val_00030419,features.5.0,9,0.5130662941932678
200,0.2,ILSVRC2012_val_00030419,features.5.1,10,0.5158683621883392
200,0.2,ILSVRC2012_val_00030419,features.5.2,11,0.5346102035045623
200,0.2,ILSVRC2012_val_00030419,features.5.3,12,0.5553364193439484
200,0.2,ILSVRC2012_val_00030419,features.5.4,13,0.5814802253246307
200,0.2,ILSVRC2012_val_00030419,features.5.5,14,0.6043433666229248
200,0.2,ILSVRC2012_val_00030419,features.5.6,15,0.6112606930732727
200,0.2,ILSVRC2012_val_00030419,features.5.7,16,0.6179682898521424
200,0.2,ILSVRC2012_val_00030419,features.5.8,17,0.6256573569774627
200,0.2,ILSVRC2012_val_00030419,features.5.9,18,0.6297726833820343
200,0.2,ILSVRC2012_val_00030419,features.5.10,19,0.6334303367137909
200,0.2,ILSVRC2012_val_00030419,features.5.11,20,0.6302648568153382
200,0.2,ILSVRC2012_val_00030419,features.5.12,21,0.6309942853450775
200,0.2,ILSVRC2012_val_00030419,features.5.13,22,0.6313561236858368
200,0.2,ILSVRC2012_val_00030419,features.5.14,23,0.6376976132392883
200,0.2,ILSVRC2012_val_00030419,features.5.15,24,0.6397525024414062
200,0.2,ILSVRC2012_val_00030419,features.5.16,25,0.6471728837490082
200,0.2,ILSVRC2012_val_00030419,features.5.17,26,0.6483876335620881
200,0.2,ILSVRC2012_val_00030419,features.5.18,27,0.6549500477313995
200,0.2,ILSVRC2012_val_00030419,features.5.19,28,0.6570001530647278
200,0.2,ILSVRC2012_val_00030419,features.5.20,29,0.6575972664356232
200,0.2,ILSVRC2012_val_00030419,features.5.21,30,0.660619603395462
200,0.2,ILSVRC2012_val_00030419,features.5.22,31,0.6674848926067353
200,0.2,ILSVRC2012_val_00030419,features.5.23,32,0.6748875379562378
200,0.2,ILSVRC2012_val_00030419,features.5.24,33,0.6887579083442688
200,0.2,ILSVRC2012_val_00030419,features.5.25,34,0.7043510019779206
200,0.2,ILSVRC2012_val_00030419,features.5.26,35,0.7197612702846528
200,0.2,ILSVRC2012_val_00030419,features.6,36,0.787893682718277
200,0.2,ILSVRC2012_val_00030419,features.7.0,37,0.7934986329078675
200,0.2,ILSVRC2012_val_00030419,features.7.1,38,0.8070768177509308
200,0.2,ILSVRC2012_val_00030419,features.7.2,39,0.8148995542526245
200,0.2,ILSVRC2012_val_00030419,classifier,40,0.9496441578865051
200,0.2,ILSVRC2012_val_00030425,features.0,0,0.7334367823600769
200,0.2,ILSVRC2012_val_00030425,features.1.0,1,0.5965937578678131
200,0.2,ILSVRC2012_val_00030425,features.1.1,2,0.5350909000635147
200,0.2,ILSVRC2012_val_00030425,features.1.2,3,0.478173828125
200,0.2,ILSVRC2012_val_00030425,features.2,4,0.5272556221485138
200,0.2,ILSVRC2012_val_00030425,features.3.0,5,0.518475142121315
200,0.2,ILSVRC2012_val_00030425,features.3.1,6,0.49158374428749085
200,0.2,ILSVRC2012_val_00030425,features.3.2,7,0.48223157167434694
200,0.2,ILSVRC2012_val_00030425,features.4,8,0.6227360200881958
200,0.2,ILSVRC2012_val_00030425,features.5.0,9,0.6096219682693481
200,0.2,ILSVRC2012_val_00030425,features.5.1,10,0.609481211900711
200,0.2,ILSVRC2012_val_00030425,features.5.2,11,0.6111966776847839
200,0.2,ILSVRC2012_val_00030425,features.5.3,12,0.609647308588028
200,0.2,ILSVRC2012_val_00030425,features.5.4,13,0.6177662682533264
200,0.2,ILSVRC2012_val_00030425,features.5.5,14,0.6282142269611358
200,0.2,ILSVRC2012_val_00030425,features.5.6,15,0.6192404198646545
200,0.2,ILSVRC2012_val_00030425,features.5.7,16,0.6254845094680787
200,0.2,ILSVRC2012_val_00030425,features.5.8,17,0.6323994195461273
200,0.2,ILSVRC2012_val_00030425,features.5.9,18,0.6353320240974426
200,0.2,ILSVRC2012_val_00030425,features.5.10,19,0.6398722839355468
200,0.2,ILSVRC2012_val_00030425,features.5.11,20,0.6299586248397827
200,0.2,ILSVRC2012_val_00030425,features.5.12,21,0.6169109809398651
200,0.2,ILSVRC2012_val_00030425,features.5.13,22,0.6150432062149048
200,0.2,ILSVRC2012_val_00030425,features.5.14,23,0.6128019070625306
200,0.2,ILSVRC2012_val_00030425,features.5.15,24,0.6144370293617248
200,0.2,ILSVRC2012_val_00030425,features.5.16,25,0.6088343381881713
200,0.2,ILSVRC2012_val_00030425,features.5.17,26,0.6069861209392547
200,0.2,ILSVRC2012_val_00030425,features.5.18,27,0.6062878501415253
200,0.2,ILSVRC2012_val_00030425,features.5.19,28,0.6099660420417785
200,0.2,ILSVRC2012_val_00030425,features.5.20,29,0.609084860086441
200,0.2,ILSVRC2012_val_00030425,features.5.21,30,0.6140921115875244
200,0.2,ILSVRC2012_val_00030425,features.5.22,31,0.6179186534881592
200,0.2,ILSVRC2012_val_00030425,features.5.23,32,0.6163266491889954
200,0.2,ILSVRC2012_val_00030425,features.5.24,33,0.620681654214859
200,0.2,ILSVRC2012_val_00030425,features.5.25,34,0.6291403579711914
200,0.2,ILSVRC2012_val_00030425,features.5.26,35,0.6372186183929444
200,0.2,ILSVRC2012_val_00030425,features.6,36,0.6719421005249023
200,0.2,ILSVRC2012_val_00030425,features.7.0,37,0.6816418492794036
200,0.2,ILSVRC2012_val_00030425,features.7.1,38,0.685764889717102
200,0.2,ILSVRC2012_val_00030425,features.7.2,39,0.6906153285503387
200,0.2,ILSVRC2012_val_00030425,classifier,40,0.8981165218353272
200,0.2,ILSVRC2012_val_00035318,features.0,0,0.6613885688781739
200,0.2,ILSVRC2012_val_00035318,features.1.0,1,0.7008989608287811
200,0.2,ILSVRC2012_val_00035318,features.1.1,2,0.6440193378925323
200,0.2,ILSVRC2012_val_00035318,features.1.2,3,0.575859727859497
200,0.2,ILSVRC2012_val_00035318,features.2,4,0.6221711158752441
200,0.2,ILSVRC2012_val_00035318,features.3.0,5,0.6097767245769501
200,0.2,ILSVRC2012_val_00035318,features.3.1,6,0.5880418550968171
200,0.2,ILSVRC2012_val_00035318,features.3.2,7,0.5892836582660675
200,0.2,ILSVRC2012_val_00035318,features.4,8,0.6982273590564728
200,0.2,ILSVRC2012_val_00035318,features.5.0,9,0.6967974019050598
200,0.2,ILSVRC2012_val_00035318,features.5.1,10,0.6961257338523865
200,0.2,ILSVRC2012_val_00035318,features.5.2,11,0.7021939468383789
200,0.2,ILSVRC2012_val_00035318,features.5.3,12,0.7083733117580414
200,0.2,ILSVRC2012_val_00035318,features.5.4,13,0.7176801526546478
200,0.2,ILSVRC2012_val_00035318,features.5.5,14,0.7267778933048248
200,0.2,ILSVRC2012_val_00035318,features.5.6,15,0.724032279253006
200,0.2,ILSVRC2012_val_00035318,features.5.7,16,0.730592451095581
200,0.2,ILSVRC2012_val_00035318,features.5.8,17,0.7373939383029938
200,0.2,ILSVRC2012_val_00035318,features.5.9,18,0.7358618867397309
200,0.2,ILSVRC2012_val_00035318,features.5.10,19,0.7363357305526733
200,0.2,ILSVRC2012_val_00035318,features.5.11,20,0.7334540724754334
200,0.2,ILSVRC2012_val_00035318,features.5.12,21,0.7283742713928223
200,0.2,ILSVRC2012_val_00035318,features.5.13,22,0.7267527961730957
200,0.2,ILSVRC2012_val_00035318,features.5.14,23,0.7289968037605286
200,0.2,ILSVRC2012_val_00035318,features.5.15,24,0.7301900494098663
200,0.2,ILSVRC2012_val_00035318,features.5.16,25,0.7306965470314026
200,0.2,ILSVRC2012_val_00035318,features.5.17,26,0.7334332382678985
200,0.2,ILSVRC2012_val_00035318,features.5.18,27,0.7366140031814575
200,0.2,ILSVRC2012_val_00035318,features.5.19,28,0.7423451888561249
200,0.2,ILSVRC2012_val_00035318,features.5.20,29,0.7493749213218689
200,0.2,ILSVRC2012_val_00035318,features.5.21,30,0.7605431509017945
200,0.2,ILSVRC2012_val_00035318,features.5.22,31,0.7690107524394989
200,0.2,ILSVRC2012_val_00035318,features.5.23,32,0.7749212670326233
200,0.2,ILSVRC2012_val_00035318,features.5.24,33,0.7868086206912994
200,0.2,ILSVRC2012_val_00035318,features.5.25,34,0.7982024729251862
200,0.2,ILSVRC2012_val_00035318,features.5.26,35,0.8081701922416688
200,0.2,ILSVRC2012_val_00035318,features.6,36,0.8736857259273529
200,0.2,ILSVRC2012_val_00035318,features.7.0,37,0.8788156962394714
200,0.2,ILSVRC2012_val_00035318,features.7.1,38,0.8873801231384277
200,0.2,ILSVRC2012_val_00035318,features.7.2,39,0.8926843678951264
200,0.2,ILSVRC2012_val_00035318,classifier,40,0.9772724425792694
200,0.2,ILSVRC2012_val_00035574,features.0,0,0.6539247190952301
200,0.2,ILSVRC2012_val_00035574,features.1.0,1,0.6105020093917847
200,0.2,ILSVRC2012_val_00035574,features.1.1,2,0.5701325511932374
200,0.2,ILSVRC2012_val_00035574,features.1.2,3,0.510928344130516
200,0.2,ILSVRC2012_val_00035574,features.2,4,0.5824118065834045
200,0.2,ILSVRC2012_val_00035574,features.3.0,5,0.5835388159751892
200,0.2,ILSVRC2012_val_00035574,features.3.1,6,0.5696786391735077
200,0.2,ILSVRC2012_val_00035574,features.3.2,7,0.5662139284610749
200,0.2,ILSVRC2012_val_00035574,features.4,8,0.6697489023208618
200,0.2,ILSVRC2012_val_00035574,features.5.0,9,0.66896005153656
200,0.2,ILSVRC2012_val_00035574,features.5.1,10,0.6741308641433715
200,0.2,ILSVRC2012_val_00035574,features.5.2,11,0.6797114038467407
200,0.2,ILSVRC2012_val_00035574,features.5.3,12,0.6881873834133149
200,0.2,ILSVRC2012_val_00035574,features.5.4,13,0.6980296015739441
200,0.2,ILSVRC2012_val_00035574,features.5.5,14,0.709483596086502
200,0.2,ILSVRC2012_val_00035574,features.5.6,15,0.7082574343681336
200,0.2,ILSVRC2012_val_00035574,features.5.7,16,0.7136481118202209
200,0.2,ILSVRC2012_val_00035574,features.5.8,17,0.7186887407302857
200,0.2,ILSVRC2012_val_00035574,features.5.9,18,0.7219386410713196
200,0.2,ILSVRC2012_val_00035574,features.5.10,19,0.7248053789138794
200,0.2,ILSVRC2012_val_00035574,features.5.11,20,0.7212072157859802
200,0.2,ILSVRC2012_val_00035574,features.5.12,21,0.7180939114093781
200,0.2,ILSVRC2012_val_00035574,features.5.13,22,0.7173797941207886
200,0.2,ILSVRC2012_val_00035574,features.5.14,23,0.7165285789966583
200,0.2,ILSVRC2012_val_00035574,features.5.15,24,0.7165821731090546
200,0.2,ILSVRC2012_val_00035574,features.5.16,25,0.715638154745102
200,0.2,ILSVRC2012_val_00035574,features.5.17,26,0.7212938165664673
200,0.2,ILSVRC2012_val_00035574,features.5.18,27,0.7246685135364532
200,0.2,ILSVRC2012_val_00035574,features.5.19,28,0.7279463529586792
200,0.2,ILSVRC2012_val_00035574,features.5.20,29,0.7352760791778564
200,0.2,ILSVRC2012_val_00035574,features.5.21,30,0.7443559694290162
200,0.2,ILSVRC2012_val_00035574,features.5.22,31,0.7528343796730042
200,0.2,ILSVRC2012_val_00035574,features.5.23,32,0.7587217736244202
200,0.2,ILSVRC2012_val_00035574,features.5.24,33,0.7683880043029785
200,0.2,ILSVRC2012_val_00035574,features.5.25,34,0.7795080304145813
200,0.2,ILSVRC2012_val_00035574,features.5.26,35,0.7882131147384643
200,0.2,ILSVRC2012_val_00035574,features.6,36,0.8431046223640442
200,0.2,ILSVRC2012_val_00035574,features.7.0,37,0.8440002179145814
200,0.2,ILSVRC2012_val_00035574,features.7.1,38,0.849296532869339
200,0.2,ILSVRC2012_val_00035574,features.7.2,39,0.8538619422912598
200,0.2,ILSVRC2012_val_00035574,classifier,40,0.9559810125827789
200,0.2,ILSVRC2012_val_00036158,features.0,0,0.45059239864349365
200,0.2,ILSVRC2012_val_00036158,features.1.0,1,0.4995570635795593
200,0.2,ILSVRC2012_val_00036158,features.1.1,2,0.4569162231683731
200,0.2,ILSVRC2012_val_00036158,features.1.2,3,0.39578442633152006
200,0.2,ILSVRC2012_val_00036158,features.2,4,0.48548203349113467
200,0.2,ILSVRC2012_val_00036158,features.3.0,5,0.46493090569972995
200,0.2,ILSVRC2012_val_00036158,features.3.1,6,0.42440031468868256
200,0.2,ILSVRC2012_val_00036158,features.3.2,7,0.40876988530159
200,0.2,ILSVRC2012_val_00036158,features.4,8,0.5984858024120331
200,0.2,ILSVRC2012_val_00036158,features.5.0,9,0.5997498571872711
200,0.2,ILSVRC2012_val_00036158,features.5.1,10,0.593010984659195
200,0.2,ILSVRC2012_val_00036158,features.5.2,11,0.6022649335861207
200,0.2,ILSVRC2012_val_00036158,features.5.3,12,0.6114902091026306
200,0.2,ILSVRC2012_val_00036158,features.5.4,13,0.6237971222400666
200,0.2,ILSVRC2012_val_00036158,features.5.5,14,0.6464923274517059
200,0.2,ILSVRC2012_val_00036158,features.5.6,15,0.6491319692134857
200,0.2,ILSVRC2012_val_00036158,features.5.7,16,0.6513748264312744
200,0.2,ILSVRC2012_val_00036158,features.5.8,17,0.6628471386432647
200,0.2,ILSVRC2012_val_00036158,features.5.9,18,0.6661191022396088
200,0.2,ILSVRC2012_val_00036158,features.5.10,19,0.6780569791793823
200,0.2,ILSVRC2012_val_00036158,features.5.11,20,0.6736237621307373
200,0.2,ILSVRC2012_val_00036158,features.5.12,21,0.6703539526462555
200,0.2,ILSVRC2012_val_00036158,features.5.13,22,0.6688801968097686
200,0.2,ILSVRC2012_val_00036158,features.5.14,23,0.669772264957428
200,0.2,ILSVRC2012_val_00036158,features.5.15,24,0.6697170221805573
200,0.2,ILSVRC2012_val_00036158,features.5.16,25,0.6723708617687225
200,0.2,ILSVRC2012_val_00036158,features.5.17,26,0.6750564837455749
200,0.2,ILSVRC2012_val_00036158,features.5.18,27,0.6775603091716766
200,0.2,ILSVRC2012_val_00036158,features.5.19,28,0.6818240368366242
200,0.2,ILSVRC2012_val_00036158,features.5.20,29,0.6848497962951661
200,0.2,ILSVRC2012_val_00036158,features.5.21,30,0.6921851503849029
200,0.2,ILSVRC2012_val_00036158,features.5.22,31,0.7004192507266999
200,0.2,ILSVRC2012_val_00036158,features.5.23,32,0.7058183825016022
200,0.2,ILSVRC2012_val_00036158,features.5.24,33,0.71254487991333
200,0.2,ILSVRC2012_val_00036158,features.5.25,34,0.7214171767234803
200,0.2,ILSVRC2012_val_00036158,features.5.26,35,0.7279371857643128
200,0.2,ILSVRC2012_val_00036158,features.6,36,0.7948639082908631
200,0.2,ILSVRC2012_val_00036158,features.7.0,37,0.7954320323467254
200,0.2,ILSVRC2012_val_00036158,features.7.1,38,0.8034094417095184
200,0.2,ILSVRC2012_val_00036158,features.7.2,39,0.809583512544632
200,0.2,ILSVRC2012_val_00036158,classifier,40,0.9204431736469268
200,0.2,ILSVRC2012_val_00041330,features.0,0,0.6262129950523376
200,0.2,ILSVRC2012_val_00041330,features.1.0,1,0.6340918660163879
200,0.2,ILSVRC2012_val_00041330,features.1.1,2,0.5968001544475555
200,0.2,ILSVRC2012_val_00041330,features.1.2,3,0.5418656182289123
200,0.2,ILSVRC2012_val_00041330,features.2,4,0.61663658618927
200,0.2,ILSVRC2012_val_00041330,features.3.0,5,0.6096008551120758
200,0.2,ILSVRC2012_val_00041330,features.3.1,6,0.5805511546134948
200,0.2,ILSVRC2012_val_00041330,features.3.2,7,0.585729433298111
200,0.2,ILSVRC2012_val_00041330,features.4,8,0.6924495732784272
200,0.2,ILSVRC2012_val_00041330,features.5.0,9,0.6877837026119232
200,0.2,ILSVRC2012_val_00041330,features.5.1,10,0.6817935395240784
200,0.2,ILSVRC2012_val_00041330,features.5.2,11,0.6830461144447326
200,0.2,ILSVRC2012_val_00041330,features.5.3,12,0.6898245489597321
200,0.2,ILSVRC2012_val_00041330,features.5.4,13,0.703893826007843
200,0.2,ILSVRC2012_val_00041330,features.5.5,14,0.7099187493324279
200,0.2,ILSVRC2012_val_00041330,features.5.6,15,0.6991622698307037
200,0.2,ILSVRC2012_val_00041330,features.5.7,16,0.6996251654624939
200,0.2,ILSVRC2012_val_00041330,features.5.8,17,0.708288094997406
200,0.2,ILSVRC2012_val_00041330,features.5.9,18,0.7065127241611481
200,0.2,ILSVRC2012_val_00041330,features.5.10,19,0.7087101018428803
200,0.2,ILSVRC2012_val_00041330,features.5.11,20,0.7066614639759063
200,0.2,ILSVRC2012_val_00041330,features.5.12,21,0.7018929016590119
200,0.2,ILSVRC2012_val_00041330,features.5.13,22,0.6977145481109619
200,0.2,ILSVRC2012_val_00041330,features.5.14,23,0.7082947337627411
200,0.2,ILSVRC2012_val_00041330,features.5.15,24,0.70695361495018
200,0.2,ILSVRC2012_val_00041330,features.5.16,25,0.7058268547058105
200,0.2,ILSVRC2012_val_00041330,features.5.17,26,0.7033572256565094
200,0.2,ILSVRC2012_val_00041330,features.5.18,27,0.7083373630046844
200,0.2,ILSVRC2012_val_00041330,features.5.19,28,0.7116483914852142
200,0.2,ILSVRC2012_val_00041330,features.5.20,29,0.7145803117752075
200,0.2,ILSVRC2012_val_00041330,features.5.21,30,0.7207877945899963
200,0.2,ILSVRC2012_val_00041330,features.5.22,31,0.732458370923996
200,0.2,ILSVRC2012_val_00041330,features.5.23,32,0.7465353620052337
200,0.2,ILSVRC2012_val_00041330,features.5.24,33,0.7586455082893372
200,0.2,ILSVRC2012_val_00041330,features.5.25,34,0.7729997134208679
200,0.2,ILSVRC2012_val_00041330,features.5.26,35,0.7870694446563721
200,0.2,ILSVRC2012_val_00041330,features.6,36,0.860041708946228
200,0.2,ILSVRC2012_val_00041330,features.7.0,37,0.8632871639728547
200,0.2,ILSVRC2012_val_00041330,features.7.1,38,0.8706806004047394
200,0.2,ILSVRC2012_val_00041330,features.7.2,39,0.8767143309116363
200,0.2,ILSVRC2012_val_00041330,classifier,40,0.9728228616714477
200,0.2,ILSVRC2012_val_00048463,features.0,0,0.4030420309305191
200,0.2,ILSVRC2012_val_00048463,features.1.0,1,0.3851534539461136
200,0.2,ILSVRC2012_val_00048463,features.1.1,2,0.3811019098758697
200,0.2,ILSVRC2012_val_00048463,features.1.2,3,0.34642254292964936
200,0.2,ILSVRC2012_val_00048463,features.2,4,0.39944176077842714
200,0.2,ILSVRC2012_val_00048463,features.3.0,5,0.4009577250480652
200,0.2,ILSVRC2012_val_00048463,features.3.1,6,0.38373660266399384
200,0.2,ILSVRC2012_val_00048463,features.3.2,7,0.376467267870903
200,0.2,ILSVRC2012_val_00048463,features.4,8,0.5180978339910507
200,0.2,ILSVRC2012_val_00048463,features.5.0,9,0.5229048562049866
200,0.2,ILSVRC2012_val_00048463,features.5.1,10,0.5244249057769775
200,0.2,ILSVRC2012_val_00048463,features.5.2,11,0.5337972545623779
200,0.2,ILSVRC2012_val_00048463,features.5.3,12,0.542021027803421
200,0.2,ILSVRC2012_val_00048463,features.5.4,13,0.5563446176052094
200,0.2,ILSVRC2012_val_00048463,features.5.5,14,0.5721850788593292
200,0.2,ILSVRC2012_val_00048463,features.5.6,15,0.5791683745384216
200,0.2,ILSVRC2012_val_00048463,features.5.7,16,0.5871175396442413
200,0.2,ILSVRC2012_val_00048463,features.5.8,17,0.5935855007171631
200,0.2,ILSVRC2012_val_00048463,features.5.9,18,0.5963872706890107
200,0.2,ILSVRC2012_val_00048463,features.5.10,19,0.5971807074546814
200,0.2,ILSVRC2012_val_00048463,features.5.11,20,0.5900086462497711
200,0.2,ILSVRC2012_val_00048463,features.5.12,21,0.5912959182262421
200,0.2,ILSVRC2012_val_00048463,features.5.13,22,0.5914559614658356
200,0.2,ILSVRC2012_val_00048463,features.5.14,23,0.5982838559150696
200,0.2,ILSVRC2012_val_00048463,features.5.15,24,0.602078058719635
200,0.2,ILSVRC2012_val_00048463,features.5.16,25,0.6054086649417877
200,0.2,ILSVRC2012_val_00048463,features.5.17,26,0.6093576884269715
200,0.2,ILSVRC2012_val_00048463,features.5.18,27,0.6115009105205536
200,0.2,ILSVRC2012_val_00048463,features.5.19,28,0.620903936624527
200,0.2,ILSVRC2012_val_00048463,features.5.20,29,0.6279217517375946
200,0.2,ILSVRC2012_val_00048463,features.5.21,30,0.6397511982917785
200,0.2,ILSVRC2012_val_00048463,features.5.22,31,0.6512758111953736
200,0.2,ILSVRC2012_val_00048463,features.5.23,32,0.6632305800914764
200,0.2,ILSVRC2012_val_00048463,features.5.24,33,0.6788897752761841
200,0.2,ILSVRC2012_val_00048463,features.5.25,34,0.6960196030139923
200,0.2,ILSVRC2012_val_00048463,features.5.26,35,0.7126346278190613
200,0.2,ILSVRC2012_val_00048463,features.6,36,0.8673407363891602
200,0.2,ILSVRC2012_val_00048463,features.7.0,37,0.8715879487991333
200,0.2,ILSVRC2012_val_00048463,features.7.1,38,0.8809928011894226
200,0.2,ILSVRC2012_val_00048463,features.7.2,39,0.8882991790771484
200,0.2,ILSVRC2012_val_00048463,classifier,40,0.9711430633068084
400,0.4,ILSVRC2012_val_00000487,features.0,0,0.18823303803801536
400,0.4,ILSVRC2012_val_00000487,features.1.0,1,0.2548633098602295
400,0.4,ILSVRC2012_val_00000487,features.1.1,2,0.24610181897878647
400,0.4,ILSVRC2012_val_00000487,features.1.2,3,0.20346660986542703
400,0.4,ILSVRC2012_val_00000487,features.2,4,0.26222434639930725
400,0.4,ILSVRC2012_val_00000487,features.3.0,5,0.2600267745554447
400,0.4,ILSVRC2012_val_00000487,features.3.1,6,0.2410595454275608
400,0.4,ILSVRC2012_val_00000487,features.3.2,7,0.2187803715467453
400,0.4,ILSVRC2012_val_00000487,features.4,8,0.3341813117265701
400,0.4,ILSVRC2012_val_00000487,features.5.0,9,0.3249905496835709
400,0.4,ILSVRC2012_val_00000487,features.5.1,10,0.32440820187330244
400,0.4,ILSVRC2012_val_00000487,features.5.2,11,0.32608039677143097
400,0.4,ILSVRC2012_val_00000487,features.5.3,12,0.32511875927448275
400,0.4,ILSVRC2012_val_00000487,features.5.4,13,0.328271421790123
400,0.4,ILSVRC2012_val_00000487,features.5.5,14,0.3393042579293251
400,0.4,ILSVRC2012_val_00000487,features.5.6,15,0.33922896832227706
400,0.4,ILSVRC2012_val_00000487,features.5.7,16,0.3442798972129822
400,0.4,ILSVRC2012_val_00000487,features.5.8,17,0.34794857650995253
400,0.4,ILSVRC2012_val_00000487,features.5.9,18,0.35047474056482314
400,0.4,ILSVRC2012_val_00000487,features.5.10,19,0.35067182034254074
400,0.4,ILSVRC2012_val_00000487,features.5.11,20,0.3403234377503395
400,0.4,ILSVRC2012_val_00000487,features.5.12,21,0.33141293227672575
400,0.4,ILSVRC2012_val_00000487,features.5.13,22,0.329571059346199
400,0.4,ILSVRC2012_val_00000487,features.5.14,23,0.32636758089065554
400,0.4,ILSVRC2012_val_00000487,features.5.15,24,0.32442603558301925
400,0.4,ILSVRC2012_val_00000487,features.5.16,25,0.3195047989487648
400,0.4,ILSVRC2012_val_00000487,features.5.17,26,0.3145584240555763
400,0.4,ILSVRC2012_val_00000487,features.5.18,27,0.31244144439697263
400,0.4,ILSVRC2012_val_00000487,features.5.19,28,0.3106476828455925
400,0.4,ILSVRC2012_val_00000487,features.5.20,29,0.30741837695240976
400,0.4,ILSVRC2012_val_00000487,features.5.21,30,0.3076652556657791
400,0.4,ILSVRC2012_val_00000487,features.5.22,31,0.3072702378034592
400,0.4,ILSVRC2012_val_00000487,features.5.23,32,0.3063578575849533
400,0.4,ILSVRC2012_val_00000487,features.5.24,33,0.30855862200260165
400,0.4,ILSVRC2012_val_00000487,features.5.25,34,0.31307906806468966
400,0.4,ILSVRC2012_val_00000487,features.5.26,35,0.315227959305048
400,0.4,ILSVRC2012_val_00000487,features.6,36,0.3511927865445614
400,0.4,ILSVRC2012_val_00000487,features.7.0,37,0.34643719419837
400,0.4,ILSVRC2012_val_00000487,features.7.1,38,0.3366920635104179
400,0.4,ILSVRC2012_val_00000487,features.7.2,39,0.33005926162004473
400,0.4,ILSVRC2012_val_00000487,classifier,40,0.5057661384344101
400,0.4,ILSVRC2012_val_00000681,features.0,0,0.49058719277381896
400,0.4,ILSVRC2012_val_00000681,features.1.0,1,0.4716689229011536
400,0.4,ILSVRC2012_val_00000681,features.1.1,2,0.4056148439645767
400,0.4,ILSVRC2012_val_00000681,features.1.2,3,0.3391497999429703
400,0.4,ILSVRC2012_val_00000681,features.2,4,0.37282613962888717
400,0.4,ILSVRC2012_val_00000681,features.3.0,5,0.3596544548869133
400,0.4,ILSVRC2012_val_00000681,features.3.1,6,0.33957872837781905
400,0.4,ILSVRC2012_val_00000681,features.3.2,7,0.32835263162851336
400,0.4,ILSVRC2012_val_00000681,features.4,8,0.42207212299108504
400,0.4,ILSVRC2012_val_00000681,features.5.0,9,0.4170141264796257
400,0.4,ILSVRC2012_val_00000681,features.5.1,10,0.41203034669160843
400,0.4,ILSVRC2012_val_00000681,features.5.2,11,0.409117716550827
400,0.4,ILSVRC2012_val_00000681,features.5.3,12,0.40381460040807726
400,0.4,ILSVRC2012_val_00000681,features.5.4,13,0.4081407591700554
400,0.4,ILSVRC2012_val_00000681,features.5.5,14,0.4083483204245567
400,0.4,ILSVRC2012_val_00000681,features.5.6,15,0.3979272052645683
400,0.4,ILSVRC2012_val_00000681,features.5.7,16,0.3980762094259262
400,0.4,ILSVRC2012_val_00000681,features.5.8,17,0.4088661879301071
400,0.4,ILSVRC2012_val_00000681,features.5.9,18,0.4119819164276123
400,0.4,ILSVRC2012_val_00000681,features.5.10,19,0.4158602625131607
400,0.4,ILSVRC2012_val_00000681,features.5.11,20,0.4086462765932083
400,0.4,ILSVRC2012_val_00000681,features.5.12,21,0.3994179591536522
400,0.4,ILSVRC2012_val_00000681,features.5.13,22,0.4005989134311676
400,0.4,ILSVRC2012_val_00000681,features.5.14,23,0.40096729397773745
400,0.4,ILSVRC2012_val_00000681,features.5.15,24,0.40140528082847593
400,0.4,ILSVRC2012_val_00000681,features.5.16,25,0.397701695561409
400,0.4,ILSVRC2012_val_00000681,features.5.17,26,0.40049611777067184
400,0.4,ILSVRC2012_val_00000681,features.5.18,27,0.40266271978616713
400,0.4,ILSVRC2012_val_00000681,features.5.19,28,0.4114142179489136
400,0.4,ILSVRC2012_val_00000681,features.5.20,29,0.419633737206459
400,0.4,ILSVRC2012_val_00000681,features.5.21,30,0.45291891843080523
400,0.4,ILSVRC2012_val_00000681,features.5.22,31,0.4618187084794044
400,0.4,ILSVRC2012_val_00000681,features.5.23,32,0.4716027155518532
400,0.4,ILSVRC2012_val_00000681,features.5.24,33,0.4996056452393532
400,0.4,ILSVRC2012_val_00000681,features.5.25,34,0.5244923576712608
400,0.4,ILSVRC2012_val_00000681,features.5.26,35,0.5494420617818833
400,0.4,ILSVRC2012_val_00000681,features.6,36,0.6469076991081237
400,0.4,ILSVRC2012_val_00000681,features.7.0,37,0.6500339686870575
400,0.4,ILSVRC2012_val_00000681,features.7.1,38,0.6663389980793
400,0.4,ILSVRC2012_val_00000681,features.7.2,39,0.6750359296798706
400,0.4,ILSVRC2012_val_00000681,classifier,40,0.9121534407138825
400,0.4,ILSVRC2012_val_00000729,features.0,0,0.39880251735448835
400,0.4,ILSVRC2012_val_00000729,features.1.0,1,0.4113943487405777
400,0.4,ILSVRC2012_val_00000729,features.1.1,2,0.3871155381202698
400,0.4,ILSVRC2012_val_00000729,features.1.2,3,0.3487241446971893
400,0.4,ILSVRC2012_val_00000729,features.2,4,0.3786313429474831
400,0.4,ILSVRC2012_val_00000729,features.3.0,5,0.3799313023686409
400,0.4,ILSVRC2012_val_00000729,features.3.1,6,0.370684552192688
400,0.4,ILSVRC2012_val_00000729,features.3.2,7,0.360596626996994
400,0.4,ILSVRC2012_val_00000729,features.4,8,0.49585566371679307
400,0.4,ILSVRC2012_val_00000729,features.5.0,9,0.4953026294708252
400,0.4,ILSVRC2012_val_00000729,features.5.1,10,0.5000215753912925
400,0.4,ILSVRC2012_val_00000729,features.5.2,11,0.5050066158175468
400,0.4,ILSVRC2012_val_00000729,features.5.3,12,0.510198499262333
400,0.4,ILSVRC2012_val_00000729,features.5.4,13,0.5224321126937866
400,0.4,ILSVRC2012_val_00000729,features.5.5,14,0.5345382630825043
400,0.4,ILSVRC2012_val_00000729,features.5.6,15,0.5349890768527985
400,0.4,ILSVRC2012_val_00000729,features.5.7,16,0.5436777591705322
400,0.4,ILSVRC2012_val_00000729,features.5.8,17,0.5615536838769912
400,0.4,ILSVRC2012_val_00000729,features.5.9,18,0.5725528776645661
400,0.4,ILSVRC2012_val_00000729,features.5.10,19,0.5925711542367935
400,0.4,ILSVRC2012_val_00000729,features.5.11,20,0.5932474255561828
400,0.4,ILSVRC2012_val_00000729,features.5.12,21,0.5836209237575531
400,0.4,ILSVRC2012_val_00000729,features.5.13,22,0.5902762919664383
400,0.4,ILSVRC2012_val_00000729,features.5.14,23,0.5891947358846664
400,0.4,ILSVRC2012_val_00000729,features.5.15,24,0.5894037395715713
400,0.4,ILSVRC2012_val_00000729,features.5.16,25,0.5819435238838195
400,0.4,ILSVRC2012_val_00000729,features.5.17,26,0.5778178721666336
400,0.4,ILSVRC2012_val_00000729,features.5.18,27,0.5726440995931625
400,0.4,ILSVRC2012_val_00000729,features.5.19,28,0.5709951281547546
400,0.4,ILSVRC2012_val_00000729,features.5.20,29,0.5684832066297532
400,0.4,ILSVRC2012_val_00000729,features.5.21,30,0.5738810852169991
400,0.4,ILSVRC2012_val_00000729,features.5.22,31,0.5765636056661606
400,0.4,ILSVRC2012_val_00000729,features.5.23,32,0.5750491738319397
400,0.4,ILSVRC2012_val_00000729,features.5.24,33,0.5833947509527206
400,0.4,ILSVRC2012_val_00000729,features.5.25,34,0.5912451207637787
400,0.4,ILSVRC2012_val_00000729,features.5.26,35,0.5953543335199356
400,0.4,ILSVRC2012_val_00000729,features.6,36,0.6753911644220352
400,0.4,ILSVRC2012_val_00000729,features.7.0,37,0.6762807428836822
400,0.4,ILSVRC2012_val_00000729,features.7.1,38,0.6772476702928543
400,0.4,ILSVRC2012_val_00000729,features.7.2,39,0.6817097127437591
400,0.4,ILSVRC2012_val_00000729,classifier,40,0.902526804804802
400,0.4,ILSVRC2012_val_00000974,features.0,0,0.3219378039240837
400,0.4,ILSVRC2012_val_00000974,features.1.0,1,0.3531431570649147
400,0.4,ILSVRC2012_val_00000974,features.1.1,2,0.328727713227272
400,0.4,ILSVRC2012_val_00000974,features.1.2,3,0.29233451187610626
400,0.4,ILSVRC2012_val_00000974,features.2,4,0.3313635751605034
400,0.4,ILSVRC2012_val_00000974,features.3.0,5,0.3247622162103653
400,0.4,ILSVRC2012_val_00000974,features.3.1,6,0.3121647760272026
400,0.4,ILSVRC2012_val_00000974,features.3.2,7,0.29695966839790344
400,0.4,ILSVRC2012_val_00000974,features.4,8,0.4364956423640251
400,0.4,ILSVRC2012_val_00000974,features.5.0,9,0.4393551215529442
400,0.4,ILSVRC2012_val_00000974,features.5.1,10,0.4398105710744858
400,0.4,ILSVRC2012_val_00000974,features.5.2,11,0.4486186385154724
400,0.4,ILSVRC2012_val_00000974,features.5.3,12,0.4540108934044838
400,0.4,ILSVRC2012_val_00000974,features.5.4,13,0.4667675748467445
400,0.4,ILSVRC2012_val_00000974,features.5.5,14,0.47346161454916
400,0.4,ILSVRC2012_val_00000974,features.5.6,15,0.47428729832172395
400,0.4,ILSVRC2012_val_00000974,features.5.7,16,0.48229485750198364
400,0.4,ILSVRC2012_val_00000974,features.5.8,17,0.48782234340906144
400,0.4,ILSVRC2012_val_00000974,features.5.9,18,0.4922968626022339
400,0.4,ILSVRC2012_val_00000974,features.5.10,19,0.49563226848840714
400,0.4,ILSVRC2012_val_00000974,features.5.11,20,0.49206584244966506
400,0.4,ILSVRC2012_val_00000974,features.5.12,21,0.4871564507484436
400,0.4,ILSVRC2012_val_00000974,features.5.13,22,0.49033630043268206
400,0.4,ILSVRC2012_val_00000974,features.5.14,23,0.48991102576255796
400,0.4,ILSVRC2012_val_00000974,features.5.15,24,0.49775578677654264
400,0.4,ILSVRC2012_val_00000974,features.5.16,25,0.5009124055504799
400,0.4,ILSVRC2012_val_00000974,features.5.17,26,0.5101211428642273
400,0.4,ILSVRC2012_val_00000974,features.5.18,27,0.5082940682768822
400,0.4,ILSVRC2012_val_00000974,features.5.19,28,0.5146527960896492
400,0.4,ILSVRC2012_val_00000974,features.5.20,29,0.5190967738628387
400,0.4,ILSVRC2012_val_00000974,features.5.21,30,0.5398695051670075
400,0.4,ILSVRC2012_val_00000974,features.5.22,31,0.5494473248720169
400,0.4,ILSVRC2012_val_00000974,features.5.23,32,0.5598804771900177
400,0.4,ILSVRC2012_val_00000974,features.5.24,33,0.5819459378719329
400,0.4,ILSVRC2012_val_00000974,features.5.25,34,0.6053749412298203
400,0.4,ILSVRC2012_val_00000974,features.5.26,35,0.6303542226552963
400,0.4,ILSVRC2012_val_00000974,features.6,36,0.702001091837883
400,0.4,ILSVRC2012_val_00000974,features.7.0,37,0.7135214537382126
400,0.4,ILSVRC2012_val_00000974,features.7.1,38,0.7309896618127822
400,0.4,ILSVRC2012_val_00000974,features.7.2,39,0.7444063067436218
400,0.4,ILSVRC2012_val_00000974,classifier,40,0.9594309389591217
400,0.4,ILSVRC2012_val_00003449,features.0,0,0.5139380633831024
400,0.4,ILSVRC2012_val_00003449,features.1.0,1,0.4431919723749161
400,0.4,ILSVRC2012_val_00003449,features.1.1,2,0.40868164747953417
400,0.4,ILSVRC2012_val_00003449,features.1.2,3,0.3674731984734535
400,0.4,ILSVRC2012_val_00003449,features.2,4,0.40409267097711565
400,0.4,ILSVRC2012_val_00003449,features.3.0,5,0.4050675705075264
400,0.4,ILSVRC2012_val_00003449,features.3.1,6,0.39047581404447557
400,0.4,ILSVRC2012_val_00003449,features.3.2,7,0.38191203474998475
400,0.4,ILSVRC2012_val_00003449,features.4,8,0.5131111651659012
400,0.4,ILSVRC2012_val_00003449,features.5.0,9,0.5129471838474273
400,0.4,ILSVRC2012_val_00003449,features.5.1,10,0.5169232696294784
400,0.4,ILSVRC2012_val_00003449,features.5.2,11,0.5257664561271668
400,0.4,ILSVRC2012_val_00003449,features.5.3,12,0.5301377713680268
400,0.4,ILSVRC2012_val_00003449,features.5.4,13,0.5401530086994171
400,0.4,ILSVRC2012_val_00003449,features.5.5,14,0.5550072431564331
400,0.4,ILSVRC2012_val_00003449,features.5.6,15,0.5597421616315842
400,0.4,ILSVRC2012_val_00003449,features.5.7,16,0.5756755262613297
400,0.4,ILSVRC2012_val_00003449,features.5.8,17,0.5861825048923492
400,0.4,ILSVRC2012_val_00003449,features.5.9,18,0.5933589965105057
400,0.4,ILSVRC2012_val_00003449,features.5.10,19,0.6010198712348938
400,0.4,ILSVRC2012_val_00003449,features.5.11,20,0.6029055923223495
400,0.4,ILSVRC2012_val_00003449,features.5.12,21,0.5982820302248001
400,0.4,ILSVRC2012_val_00003449,features.5.13,22,0.6044170588254929
400,0.4,ILSVRC2012_val_00003449,features.5.14,23,0.6018836438655853
400,0.4,ILSVRC2012_val_00003449,features.5.15,24,0.61315538585186
400,0.4,ILSVRC2012_val_00003449,features.5.16,25,0.6102267533540726
400,0.4,ILSVRC2012_val_00003449,features.5.17,26,0.6163526862859726
400,0.4,ILSVRC2012_val_00003449,features.5.18,27,0.6132193297147751
400,0.4,ILSVRC2012_val_00003449,features.5.19,28,0.6179004549980164
400,0.4,ILSVRC2012_val_00003449,features.5.20,29,0.6229359626770019
400,0.4,ILSVRC2012_val_00003449,features.5.21,30,0.6355215787887574
400,0.4,ILSVRC2012_val_00003449,features.5.22,31,0.6402194142341614
400,0.4,ILSVRC2012_val_00003449,features.5.23,32,0.6443308472633362
400,0.4,ILSVRC2012_val_00003449,features.5.24,33,0.6630768090486526
400,0.4,ILSVRC2012_val_00003449,features.5.25,34,0.6799139171838761
400,0.4,ILSVRC2012_val_00003449,features.5.26,35,0.6923520743846894
400,0.4,ILSVRC2012_val_00003449,features.6,36,0.8055722445249558
400,0.4,ILSVRC2012_val_00003449,features.7.0,37,0.8051563590765
400,0.4,ILSVRC2012_val_00003449,features.7.1,38,0.8137370884418488
400,0.4,ILSVRC2012_val_00003449,features.7.2,39,0.8206590354442597
400,0.4,ILSVRC2012_val_00003449,classifier,40,0.9641274780035018
400,0.4,ILSVRC2012_val_00005130,features.0,0,0.5487480878829956
400,0.4,ILSVRC2012_val_00005130,features.1.0,1,0.5726576119661331
400,0.4,ILSVRC2012_val_00005130,features.1.1,2,0.5008774638175965
400,0.4,ILSVRC2012_val_00005130,features.1.2,3,0.4371536523103714
400,0.4,ILSVRC2012_val_00005130,features.2,4,0.47596631199121475
400,0.4,ILSVRC2012_val_00005130,features.3.0,5,0.456847670674324
400,0.4,ILSVRC2012_val_00005130,features.3.1,6,0.4339467719197273
400,0.4,ILSVRC2012_val_00005130,features.3.2,7,0.4281494081020355
400,0.4,ILSVRC2012_val_00005130,features.4,8,0.5434058547019959
400,0.4,ILSVRC2012_val_00005130,features.5.0,9,0.5406819522380829
400,0.4,ILSVRC2012_val_00005130,features.5.1,10,0.5378462225198746
400,0.4,ILSVRC2012_val_00005130,features.5.2,11,0.5416110813617706
400,0.4,ILSVRC2012_val_00005130,features.5.3,12,0.5460755616426468
400,0.4,ILSVRC2012_val_00005130,features.5.4,13,0.5614913523197174
400,0.4,ILSVRC2012_val_00005130,features.5.5,14,0.5745131313800812
400,0.4,ILSVRC2012_val_00005130,features.5.6,15,0.5690309584140778
400,0.4,ILSVRC2012_val_00005130,features.5.7,16,0.5740668386220932
400,0.4,ILSVRC2012_val_00005130,features.5.8,17,0.5807918071746826
400,0.4,ILSVRC2012_val_00005130,features.5.9,18,0.5836445957422256
400,0.4,ILSVRC2012_val_00005130,features.5.10,19,0.5876878261566162
400,0.4,ILSVRC2012_val_00005130,features.5.11,20,0.5783645153045655
400,0.4,ILSVRC2012_val_00005130,features.5.12,21,0.5655779629945755
400,0.4,ILSVRC2012_val_00005130,features.5.13,22,0.5634742110967637
400,0.4,ILSVRC2012_val_00005130,features.5.14,23,0.560393425822258
400,0.4,ILSVRC2012_val_00005130,features.5.15,24,0.5633977770805358
400,0.4,ILSVRC2012_val_00005130,features.5.16,25,0.5597312897443771
400,0.4,ILSVRC2012_val_00005130,features.5.17,26,0.5557800590991974
400,0.4,ILSVRC2012_val_00005130,features.5.18,27,0.5570830702781677
400,0.4,ILSVRC2012_val_00005130,features.5.19,28,0.5608666390180588
400,0.4,ILSVRC2012_val_00005130,features.5.20,29,0.5641068011522293
400,0.4,ILSVRC2012_val_00005130,features.5.21,30,0.5744590312242508
400,0.4,ILSVRC2012_val_00005130,features.5.22,31,0.5782604694366456
400,0.4,ILSVRC2012_val_00005130,features.5.23,32,0.5835270345211029
400,0.4,ILSVRC2012_val_00005130,features.5.24,33,0.6005295783281326
400,0.4,ILSVRC2012_val_00005130,features.5.25,34,0.615203183889389
400,0.4,ILSVRC2012_val_00005130,features.5.26,35,0.6260621964931488
400,0.4,ILSVRC2012_val_00005130,features.6,36,0.7160365909337998
400,0.4,ILSVRC2012_val_00005130,features.7.0,37,0.7178078055381775
400,0.4,ILSVRC2012_val_00005130,features.7.1,38,0.724848622083664
400,0.4,ILSVRC2012_val_00005130,features.7.2,39,0.7305570006370544
400,0.4,ILSVRC2012_val_00005130,classifier,40,0.9414005637168884
400,0.4,ILSVRC2012_val_00006808,features.0,0,0.5358617141842842
400,0.4,ILSVRC2012_val_00006808,features.1.0,1,0.5468870729207993
400,0.4,ILSVRC2012_val_00006808,features.1.1,2,0.49265416860580447
400,0.4,ILSVRC2012_val_00006808,features.1.2,3,0.4366630256175995
400,0.4,ILSVRC2012_val_00006808,features.2,4,0.4681054189801216
400,0.4,ILSVRC2012_val_00006808,features.3.0,5,0.44000999331474305
400,0.4,ILSVRC2012_val_00006808,features.3.1,6,0.4019528552889824
400,0.4,ILSVRC2012_val_00006808,features.3.2,7,0.37953952699899673
400,0.4,ILSVRC2012_val_00006808,features.4,8,0.5035340651869774
400,0.4,ILSVRC2012_val_00006808,features.5.0,9,0.4950857043266296
400,0.4,ILSVRC2012_val_00006808,features.5.1,10,0.47853277027606966
400,0.4,ILSVRC2012_val_00006808,features.5.2,11,0.4689568758010864
400,0.4,ILSVRC2012_val_00006808,features.5.3,12,0.46077250838279726
400,0.4,ILSVRC2012_val_00006808,features.5.4,13,0.47151652723550797
400,0.4,ILSVRC2012_val_00006808,features.5.5,14,0.4708834305405617
400,0.4,ILSVRC2012_val_00006808,features.5.6,15,0.4568366825580597
400,0.4,ILSVRC2012_val_00006808,features.5.7,16,0.4481133118271828
400,0.4,ILSVRC2012_val_00006808,features.5.8,17,0.4566893860697746
400,0.4,ILSVRC2012_val_00006808,features.5.9,18,0.4554523408412933
400,0.4,ILSVRC2012_val_00006808,features.5.10,19,0.4611047774553299
400,0.4,ILSVRC2012_val_00006808,features.5.11,20,0.45778649896383283
400,0.4,ILSVRC2012_val_00006808,features.5.12,21,0.45223301500082014
400,0.4,ILSVRC2012_val_00006808,features.5.13,22,0.44860120862722397
400,0.4,ILSVRC2012_val_00006808,features.5.14,23,0.45222339034080505
400,0.4,ILSVRC2012_val_00006808,features.5.15,24,0.44622034430503843
400,0.4,ILSVRC2012_val_00006808,features.5.16,25,0.4405076026916504
400,0.4,ILSVRC2012_val_00006808,features.5.17,26,0.43362963646650315
400,0.4,ILSVRC2012_val_00006808,features.5.18,27,0.42989617884159087
400,0.4,ILSVRC2012_val_00006808,features.5.19,28,0.43066794276237486
400,0.4,ILSVRC2012_val_00006808,features.5.20,29,0.4289711132645607
400,0.4,ILSVRC2012_val_00006808,features.5.21,30,0.4305295079946518
400,0.4,ILSVRC2012_val_00006808,features.5.22,31,0.4285315409302711
400,0.4,ILSVRC2012_val_00006808,features.5.23,32,0.428302264213562
400,0.4,ILSVRC2012_val_00006808,features.5.24,33,0.4241477005183697
400,0.4,ILSVRC2012_val_00006808,features.5.25,34,0.4312827043235302
400,0.4,ILSVRC2012_val_00006808,features.5.26,35,0.43507861346006393
400,0.4,ILSVRC2012_val_00006808,features.6,36,0.436593259871006
400,0.4,ILSVRC2012_val_00006808,features.7.0,37,0.431407031416893
400,0.4,ILSVRC2012_val_00006808,features.7.1,38,0.4316918455064297
400,0.4,ILSVRC2012_val_00006808,features.7.2,39,0.42848759368062017
400,0.4,ILSVRC2012_val_00006808,classifier,40,0.6990290671586991
400,0.4,ILSVRC2012_val_00010733,features.0,0,0.4211997166275978
400,0.4,ILSVRC2012_val_00010733,features.1.0,1,0.4104325443506241
400,0.4,ILSVRC2012_val_00010733,features.1.1,2,0.3649458333849907
400,0.4,ILSVRC2012_val_00010733,features.1.2,3,0.3128808557987213
400,0.4,ILSVRC2012_val_00010733,features.2,4,0.3461944729089737
400,0.4,ILSVRC2012_val_00010733,features.3.0,5,0.3315257549285889
400,0.4,ILSVRC2012_val_00010733,features.3.1,6,0.3222750335931778
400,0.4,ILSVRC2012_val_00010733,features.3.2,7,0.30673127323389054
400,0.4,ILSVRC2012_val_00010733,features.4,8,0.4260285884141922
400,0.4,ILSVRC2012_val_00010733,features.5.0,9,0.4165978878736496
400,0.4,ILSVRC2012_val_00010733,features.5.1,10,0.4099884793162346
400,0.4,ILSVRC2012_val_00010733,features.5.2,11,0.4075279414653778
400,0.4,ILSVRC2012_val_00010733,features.5.3,12,0.4059358209371567
400,0.4,ILSVRC2012_val_00010733,features.5.4,13,0.41462708711624147
400,0.4,ILSVRC2012_val_00010733,features.5.5,14,0.4230236381292343
400,0.4,ILSVRC2012_val_00010733,features.5.6,15,0.41984378546476364
400,0.4,ILSVRC2012_val_00010733,features.5.7,16,0.42390416860580443
400,0.4,ILSVRC2012_val_00010733,features.5.8,17,0.42848976254463195
400,0.4,ILSVRC2012_val_00010733,features.5.9,18,0.43221725076436995
400,0.4,ILSVRC2012_val_00010733,features.5.10,19,0.43501175194978714
400,0.4,ILSVRC2012_val_00010733,features.5.11,20,0.4304425954818726
400,0.4,ILSVRC2012_val_00010733,features.5.12,21,0.421808223426342
400,0.4,ILSVRC2012_val_00010733,features.5.13,22,0.41974950283765794
400,0.4,ILSVRC2012_val_00010733,features.5.14,23,0.4169051229953766
400,0.4,ILSVRC2012_val_00010733,features.5.15,24,0.42113432884216306
400,0.4,ILSVRC2012_val_00010733,features.5.16,25,0.41843154430389407
400,0.4,ILSVRC2012_val_00010733,features.5.17,26,0.41885070502758026
400,0.4,ILSVRC2012_val_00010733,features.5.18,27,0.42124542891979216
400,0.4,ILSVRC2012_val_00010733,features.5.19,28,0.4290466338396072
400,0.4,ILSVRC2012_val_00010733,features.5.20,29,0.43299712240695953
400,0.4,ILSVRC2012_val_00010733,features.5.21,30,0.44066058546304704
400,0.4,ILSVRC2012_val_00010733,features.5.22,31,0.4454450666904449
400,0.4,ILSVRC2012_val_00010733,features.5.23,32,0.4488564729690552
400,0.4,ILSVRC2012_val_00010733,features.5.24,33,0.4560163006186485
400,0.4,ILSVRC2012_val_00010733,features.5.25,34,0.4623085096478462
400,0.4,ILSVRC2012_val_00010733,features.5.26,35,0.4695637121796608
400,0.4,ILSVRC2012_val_00010733,features.6,36,0.500852084159851
400,0.4,ILSVRC2012_val_00010733,features.7.0,37,0.5007881671190262
400,0.4,ILSVRC2012_val_00010733,features.7.1,38,0.503043757379055
400,0.4,ILSVRC2012_val_00010733,features.7.2,39,0.5062094792723656
400,0.4,ILSVRC2012_val_00010733,classifier,40,0.7402166277170181
400,0.4,ILSVRC2012_val_00014541,features.0,0,0.488408137857914
400,0.4,ILSVRC2012_val_00014541,features.1.0,1,0.5020730480551719
400,0.4,ILSVRC2012_val_00014541,features.1.1,2,0.46506005376577375
400,0.4,ILSVRC2012_val_00014541,features.1.2,3,0.40029831826686857
400,0.4,ILSVRC2012_val_00014541,features.2,4,0.4742676913738251
400,0.4,ILSVRC2012_val_00014541,features.3.0,5,0.4722976341843605
400,0.4,ILSVRC2012_val_00014541,features.3.1,6,0.45393373668193815
400,0.4,ILSVRC2012_val_00014541,features.3.2,7,0.44290016293525697
400,0.4,ILSVRC2012_val_00014541,features.4,8,0.5584264725446701
400,0.4,ILSVRC2012_val_00014541,features.5.0,9,0.5540383487939835
400,0.4,ILSVRC2012_val_00014541,features.5.1,10,0.5578967511653901
400,0.4,ILSVRC2012_val_00014541,features.5.2,11,0.5663796693086625
400,0.4,ILSVRC2012_val_00014541,features.5.3,12,0.570585024356842
400,0.4,ILSVRC2012_val_00014541,features.5.4,13,0.5904022336006165
400,0.4,ILSVRC2012_val_00014541,features.5.5,14,0.607382845878601
400,0.4,ILSVRC2012_val_00014541,features.5.6,15,0.6100059896707535
400,0.4,ILSVRC2012_val_00014541,features.5.7,16,0.6199378252029419
400,0.4,ILSVRC2012_val_00014541,features.5.8,17,0.6238676398992539
400,0.4,ILSVRC2012_val_00014541,features.5.9,18,0.6285698026418686
400,0.4,ILSVRC2012_val_00014541,features.5.10,19,0.6320724070072175
400,0.4,ILSVRC2012_val_00014541,features.5.11,20,0.6277272254228592
400,0.4,ILSVRC2012_val_00014541,features.5.12,21,0.6200712442398071
400,0.4,ILSVRC2012_val_00014541,features.5.13,22,0.6185096830129624
400,0.4,ILSVRC2012_val_00014541,features.5.14,23,0.617239260673523
400,0.4,ILSVRC2012_val_00014541,features.5.15,24,0.6194129854440689
400,0.4,ILSVRC2012_val_00014541,features.5.16,25,0.6166792392730713
400,0.4,ILSVRC2012_val_00014541,features.5.17,26,0.6133634954690933
400,0.4,ILSVRC2012_val_00014541,features.5.18,27,0.6129516988992691
400,0.4,ILSVRC2012_val_00014541,features.5.19,28,0.6141233712434768
400,0.4,ILSVRC2012_val_00014541,features.5.20,29,0.6155188798904419
400,0.4,ILSVRC2012_val_00014541,features.5.21,30,0.6165263473987579
400,0.4,ILSVRC2012_val_00014541,features.5.22,31,0.6159463286399841
400,0.4,ILSVRC2012_val_00014541,features.5.23,32,0.6165024906396865
400,0.4,ILSVRC2012_val_00014541,features.5.24,33,0.6192404568195343
400,0.4,ILSVRC2012_val_00014541,features.5.25,34,0.6249598979949951
400,0.4,ILSVRC2012_val_00014541,features.5.26,35,0.6286154836416245
400,0.4,ILSVRC2012_val_00014541,features.6,36,0.6725154995918274
400,0.4,ILSVRC2012_val_00014541,features.7.0,37,0.6726555228233337
400,0.4,ILSVRC2012_val_00014541,features.7.1,38,0.6788968205451965
400,0.4,ILSVRC2012_val_00014541,features.7.2,39,0.6861618101596832
400,0.4,ILSVRC2012_val_00014541,classifier,40,0.9134466230869294
400,0.4,ILSVRC2012_val_00018922,features.0,0,0.6318451732397079
400,0.4,ILSVRC2012_val_00018922,features.1.0,1,0.628436753153801
400,0.4,ILSVRC2012_val_00018922,features.1.1,2,0.5361004173755646
400,0.4,ILSVRC2012_val_00018922,features.1.2,3,0.4431361109018326
400,0.4,ILSVRC2012_val_00018922,features.2,4,0.4352434933185577
400,0.4,ILSVRC2012_val_00018922,features.3.0,5,0.3859438180923462
400,0.4,ILSVRC2012_val_00018922,features.3.1,6,0.36141940355300906
400,0.4,ILSVRC2012_val_00018922,features.3.2,7,0.36658198684453963
400,0.4,ILSVRC2012_val_00018922,features.4,8,0.47604976445436475
400,0.4,ILSVRC2012_val_00018922,features.5.0,9,0.4718836635351181
400,0.4,ILSVRC2012_val_00018922,features.5.1,10,0.4530391156673431
400,0.4,ILSVRC2012_val_00018922,features.5.2,11,0.4453634023666382
400,0.4,ILSVRC2012_val_00018922,features.5.3,12,0.446356737613678
400,0.4,ILSVRC2012_val_00018922,features.5.4,13,0.464142906665802
400,0.4,ILSVRC2012_val_00018922,features.5.5,14,0.46802535057067873
400,0.4,ILSVRC2012_val_00018922,features.5.6,15,0.4530913978815079
400,0.4,ILSVRC2012_val_00018922,features.5.7,16,0.44658046662807466
400,0.4,ILSVRC2012_val_00018922,features.5.8,17,0.4512334167957306
400,0.4,ILSVRC2012_val_00018922,features.5.9,18,0.4489718571305275
400,0.4,ILSVRC2012_val_00018922,features.5.10,19,0.4515498146414757
400,0.4,ILSVRC2012_val_00018922,features.5.11,20,0.4396370902657509
400,0.4,ILSVRC2012_val_00018922,features.5.12,21,0.42651589065790174
400,0.4,ILSVRC2012_val_00018922,features.5.13,22,0.42128646969795225
400,0.4,ILSVRC2012_val_00018922,features.5.14,23,0.4249752789735794
400,0.4,ILSVRC2012_val_00018922,features.5.15,24,0.41778039187192917
400,0.4,ILSVRC2012_val_00018922,features.5.16,25,0.4204771250486374
400,0.4,ILSVRC2012_val_00018922,features.5.17,26,0.40855986922979354
400,0.4,ILSVRC2012_val_00018922,features.5.18,27,0.410482557117939
400,0.4,ILSVRC2012_val_00018922,features.5.19,28,0.418638713657856
400,0.4,ILSVRC2012_val_00018922,features.5.20,29,0.4259327009320259
400,0.4,ILSVRC2012_val_00018922,features.5.21,30,0.4400878041982651
400,0.4,ILSVRC2012_val_00018922,features.5.22,31,0.4394951149821281
400,0.4,ILSVRC2012_val_00018922,features.5.23,32,0.4506537303328514
400,0.4,ILSVRC2012_val_00018922,features.5.24,33,0.471736004948616
400,0.4,ILSVRC2012_val_00018922,features.5.25,34,0.49388831555843354
400,0.4,ILSVRC2012_val_00018922,features.5.26,35,0.5096228092908859
400,0.4,ILSVRC2012_val_00018922,features.6,36,0.5597036257386208
400,0.4,ILSVRC2012_val_00018922,features.7.0,37,0.5614978343248367
400,0.4,ILSVRC2012_val_00018922,features.7.1,38,0.5689112856984139
400,0.4,ILSVRC2012_val_00018922,features.7.2,39,0.5723462879657746
400,0.4,ILSVRC2012_val_00018922,classifier,40,0.8681524783372879
400,0.4,ILSVRC2012_val_00025924,features.0,0,0.32369393557310105
400,0.4,ILSVRC2012_val_00025924,features.1.0,1,0.32556305080652237
400,0.4,ILSVRC2012_val_00025924,features.1.1,2,0.295667964220047
400,0.4,ILSVRC2012_val_00025924,features.1.2,3,0.2453849621117115
400,0.4,ILSVRC2012_val_00025924,features.2,4,0.2788162499666214
400,0.4,ILSVRC2012_val_00025924,features.3.0,5,0.2728449232876301
400,0.4,ILSVRC2012_val_00025924,features.3.1,6,0.2503511719405651
400,0.4,ILSVRC2012_val_00025924,features.3.2,7,0.2312098875641823
400,0.4,ILSVRC2012_val_00025924,features.4,8,0.33668278008699415
400,0.4,ILSVRC2012_val_00025924,features.5.0,9,0.3316950112581253
400,0.4,ILSVRC2012_val_00025924,features.5.1,10,0.33135136067867277
400,0.4,ILSVRC2012_val_00025924,features.5.2,11,0.3329774633049965
400,0.4,ILSVRC2012_val_00025924,features.5.3,12,0.33653553426265714
400,0.4,ILSVRC2012_val_00025924,features.5.4,13,0.34518684446811676
400,0.4,ILSVRC2012_val_00025924,features.5.5,14,0.35936046987771986
400,0.4,ILSVRC2012_val_00025924,features.5.6,15,0.357738721370697
400,0.4,ILSVRC2012_val_00025924,features.5.7,16,0.3639565736055374
400,0.4,ILSVRC2012_val_00025924,features.5.8,17,0.3726529642939568
400,0.4,ILSVRC2012_val_00025924,features.5.9,18,0.3754637077450752
400,0.4,ILSVRC2012_val_00025924,features.5.10,19,0.3810243770480156
400,0.4,ILSVRC2012_val_00025924,features.5.11,20,0.3729938343167305
400,0.4,ILSVRC2012_val_00025924,features.5.12,21,0.3671171128749847
400,0.4,ILSVRC2012_val_00025924,features.5.13,22,0.36672674864530563
400,0.4,ILSVRC2012_val_00025924,features.5.14,23,0.3707255020737648
400,0.4,ILSVRC2012_val_00025924,features.5.15,24,0.3674942448735237
400,0.4,ILSVRC2012_val_00025924,features.5.16,25,0.3655973717570305
400,0.4,ILSVRC2012_val_00025924,features.5.17,26,0.36241544634103773
400,0.4,ILSVRC2012_val_00025924,features.5.18,27,0.36563099920749664
400,0.4,ILSVRC2012_val_00025924,features.5.19,28,0.3663566380739212
400,0.4,ILSVRC2012_val_00025924,features.5.20,29,0.36346950083971025
400,0.4,ILSVRC2012_val_00025924,features.5.21,30,0.3644904389977455
400,0.4,ILSVRC2012_val_00025924,features.5.22,31,0.3630211383104324
400,0.4,ILSVRC2012_val_00025924,features.5.23,32,0.36911957114934923
400,0.4,ILSVRC2012_val_00025924,features.5.24,33,0.3764864236116409
400,0.4,ILSVRC2012_val_00025924,features.5.25,34,0.3837528511881828
400,0.4,ILSVRC2012_val_00025924,features.5.26,35,0.3903652861714363
400,0.4,ILSVRC2012_val_00025924,features.6,36,0.3873225525021553
400,0.4,ILSVRC2012_val_00025924,features.7.0,37,0.3878020718693733
400,0.4,ILSVRC2012_val_00025924,features.7.1,38,0.386252324283123
400,0.4,ILSVRC2012_val_00025924,features.7.2,39,0.3822293296456337
400,0.4,ILSVRC2012_val_00025924,classifier,40,0.7310325801372528
400,0.4,ILSVRC2012_val_00027450,features.0,0,0.2814161777496338
400,0.4,ILSVRC2012_val_00027450,features.1.0,1,0.36223300397396085
400,0.4,ILSVRC2012_val_00027450,features.1.1,2,0.3355138301849365
400,0.4,ILSVRC2012_val_00027450,features.1.2,3,0.29306378662586213
400,0.4,ILSVRC2012_val_00027450,features.2,4,0.3415310695767403
400,0.4,ILSVRC2012_val_00027450,features.3.0,5,0.34845849573612214
400,0.4,ILSVRC2012_val_00027450,features.3.1,6,0.3473816722631454
400,0.4,ILSVRC2012_val_00027450,features.3.2,7,0.34203323274850844
400,0.4,ILSVRC2012_val_00027450,features.4,8,0.4734101727604866
400,0.4,ILSVRC2012_val_00027450,features.5.0,9,0.46959586888551713
400,0.4,ILSVRC2012_val_00027450,features.5.1,10,0.47754098623991015
400,0.4,ILSVRC2012_val_00027450,features.5.2,11,0.48975129425525665
400,0.4,ILSVRC2012_val_00027450,features.5.3,12,0.4953092306852341
400,0.4,ILSVRC2012_val_00027450,features.5.4,13,0.5111068040132523
400,0.4,ILSVRC2012_val_00027450,features.5.5,14,0.5230142027139664
400,0.4,ILSVRC2012_val_00027450,features.5.6,15,0.5202786505222321
400,0.4,ILSVRC2012_val_00027450,features.5.7,16,0.5286505222320557
400,0.4,ILSVRC2012_val_00027450,features.5.8,17,0.5334652528166771
400,0.4,ILSVRC2012_val_00027450,features.5.9,18,0.5375404641032219
400,0.4,ILSVRC2012_val_00027450,features.5.10,19,0.5467237025499344
400,0.4,ILSVRC2012_val_00027450,features.5.11,20,0.5429845586419105
400,0.4,ILSVRC2012_val_00027450,features.5.12,21,0.5298128634691238
400,0.4,ILSVRC2012_val_00027450,features.5.13,22,0.5299200266599655
400,0.4,ILSVRC2012_val_00027450,features.5.14,23,0.5303076297044754
400,0.4,ILSVRC2012_val_00027450,features.5.15,24,0.5323844239115715
400,0.4,ILSVRC2012_val_00027450,features.5.16,25,0.5288049787282944
400,0.4,ILSVRC2012_val_00027450,features.5.17,26,0.5220543831586838
400,0.4,ILSVRC2012_val_00027450,features.5.18,27,0.5273012727499008
400,0.4,ILSVRC2012_val_00027450,features.5.19,28,0.5294626399874687
400,0.4,ILSVRC2012_val_00027450,features.5.20,29,0.5301903173327446
400,0.4,ILSVRC2012_val_00027450,features.5.21,30,0.5348371177911758
400,0.4,ILSVRC2012_val_00027450,features.5.22,31,0.5380499631166458
400,0.4,ILSVRC2012_val_00027450,features.5.23,32,0.5415561303496361
400,0.4,ILSVRC2012_val_00027450,features.5.24,33,0.553019455075264
400,0.4,ILSVRC2012_val_00027450,features.5.25,34,0.5665152162313462
400,0.4,ILSVRC2012_val_00027450,features.5.26,35,0.5767184495925903
400,0.4,ILSVRC2012_val_00027450,features.6,36,0.6514189094305038
400,0.4,ILSVRC2012_val_00027450,features.7.0,37,0.6571223676204682
400,0.4,ILSVRC2012_val_00027450,features.7.1,38,0.6705917716026306
400,0.4,ILSVRC2012_val_00027450,features.7.2,39,0.680439555644989
400,0.4,ILSVRC2012_val_00027450,classifier,40,0.9241228550672531
400,0.4,ILSVRC2012_val_00029063,features.0,0,0.19373617470264434
400,0.4,ILSVRC2012_val_00029063,features.1.0,1,0.26897641122341154
400,0.4,ILSVRC2012_val_00029063,features.1.1,2,0.2604430362582207
400,0.4,ILSVRC2012_val_00029063,features.1.2,3,0.22859883159399033
400,0.4,ILSVRC2012_val_00029063,features.2,4,0.27456898540258406
400,0.4,ILSVRC2012_val_00029063,features.3.0,5,0.2745708659291267
400,0.4,ILSVRC2012_val_00029063,features.3.1,6,0.26090143248438835
400,0.4,ILSVRC2012_val_00029063,features.3.2,7,0.25056540966033936
400,0.4,ILSVRC2012_val_00029063,features.4,8,0.37705677896738055
400,0.4,ILSVRC2012_val_00029063,features.5.0,9,0.3768391579389572
400,0.4,ILSVRC2012_val_00029063,features.5.1,10,0.38069007247686387
400,0.4,ILSVRC2012_val_00029063,features.5.2,11,0.38840286135673524
400,0.4,ILSVRC2012_val_00029063,features.5.3,12,0.3933245807886124
400,0.4,ILSVRC2012_val_00029063,features.5.4,13,0.40069571435451506
400,0.4,ILSVRC2012_val_00029063,features.5.5,14,0.41337025463581084
400,0.4,ILSVRC2012_val_00029063,features.5.6,15,0.4123168230056763
400,0.4,ILSVRC2012_val_00029063,features.5.7,16,0.4211813896894455
400,0.4,ILSVRC2012_val_00029063,features.5.8,17,0.4221271529793739
400,0.4,ILSVRC2012_val_00029063,features.5.9,18,0.4250597134232521
400,0.4,ILSVRC2012_val_00029063,features.5.10,19,0.42648799568414686
400,0.4,ILSVRC2012_val_00029063,features.5.11,20,0.41941009610891344
400,0.4,ILSVRC2012_val_00029063,features.5.12,21,0.4113411709666252
400,0.4,ILSVRC2012_val_00029063,features.5.13,22,0.4127443641424179
400,0.4,ILSVRC2012_val_00029063,features.5.14,23,0.41590053737163546
400,0.4,ILSVRC2012_val_00029063,features.5.15,24,0.42231791019439696
400,0.4,ILSVRC2012_val_00029063,features.5.16,25,0.4180027633905411
400,0.4,ILSVRC2012_val_00029063,features.5.17,26,0.41642858982086184
400,0.4,ILSVRC2012_val_00029063,features.5.18,27,0.41667799055576327
400,0.4,ILSVRC2012_val_00029063,features.5.19,28,0.41908077895641327
400,0.4,ILSVRC2012_val_00029063,features.5.20,29,0.41834805309772494
400,0.4,ILSVRC2012_val_00029063,features.5.21,30,0.43937313854694365
400,0.4,ILSVRC2012_val_00029063,features.5.22,31,0.45391764044761657
400,0.4,ILSVRC2012_val_00029063,features.5.23,32,0.4671271249651909
400,0.4,ILSVRC2012_val_00029063,features.5.24,33,0.4949148237705231
400,0.4,ILSVRC2012_val_00029063,features.5.25,34,0.5234311491250991
400,0.4,ILSVRC2012_val_00029063,features.5.26,35,0.5478210777044297
400,0.4,ILSVRC2012_val_00029063,features.6,36,0.6659718751907349
400,0.4,ILSVRC2012_val_00029063,features.7.0,37,0.6723521173000335
400,0.4,ILSVRC2012_val_00029063,features.7.1,38,0.6883795499801636
400,0.4,ILSVRC2012_val_00029063,features.7.2,39,0.6982732087373733
400,0.4,ILSVRC2012_val_00029063,classifier,40,0.919798755645752
400,0.4,ILSVRC2012_val_00030419,features.0,0,0.16776443719863893
400,0.4,ILSVRC2012_val_00030419,features.1.0,1,0.252172639220953
400,0.4,ILSVRC2012_val_00030419,features.1.1,2,0.23693038448691367
400,0.4,ILSVRC2012_val_00030419,features.1.2,3,0.186677385866642
400,0.4,ILSVRC2012_val_00030419,features.2,4,0.2333633065223694
400,0.4,ILSVRC2012_val_00030419,features.3.0,5,0.24049968123435975
400,0.4,ILSVRC2012_val_00030419,features.3.1,6,0.23185918405652045
400,0.4,ILSVRC2012_val_00030419,features.3.2,7,0.21781251057982445
400,0.4,ILSVRC2012_val_00030419,features.4,8,0.35886128544807433
400,0.4,ILSVRC2012_val_00030419,features.5.0,9,0.3637265175580978
400,0.4,ILSVRC2012_val_00030419,features.5.1,10,0.3661521688103676
400,0.4,ILSVRC2012_val_00030419,features.5.2,11,0.387172719836235
400,0.4,ILSVRC2012_val_00030419,features.5.3,12,0.4106232851743698
400,0.4,ILSVRC2012_val_00030419,features.5.4,13,0.44031417518854143
400,0.4,ILSVRC2012_val_00030419,features.5.5,14,0.46397789269685746
400,0.4,ILSVRC2012_val_00030419,features.5.6,15,0.4707205265760422
400,0.4,ILSVRC2012_val_00030419,features.5.7,16,0.4777758911252022
400,0.4,ILSVRC2012_val_00030419,features.5.8,17,0.48517162203788755
400,0.4,ILSVRC2012_val_00030419,features.5.9,18,0.48855520188808443
400,0.4,ILSVRC2012_val_00030419,features.5.10,19,0.49001588970422744
400,0.4,ILSVRC2012_val_00030419,features.5.11,20,0.48237591683864595
400,0.4,ILSVRC2012_val_00030419,features.5.12,21,0.47796342372894285
400,0.4,ILSVRC2012_val_00030419,features.5.13,22,0.47733761817216874
400,0.4,ILSVRC2012_val_00030419,features.5.14,23,0.4798040583729744
400,0.4,ILSVRC2012_val_00030419,features.5.15,24,0.477704282104969
400,0.4,ILSVRC2012_val_00030419,features.5.16,25,0.4829094812273979
400,0.4,ILSVRC2012_val_00030419,features.5.17,26,0.47712381929159164
400,0.4,ILSVRC2012_val_00030419,features.5.18,27,0.482957024872303
400,0.4,ILSVRC2012_val_00030419,features.5.19,28,0.4855328381061554
400,0.4,ILSVRC2012_val_00030419,features.5.20,29,0.48497635424137114
400,0.4,ILSVRC2012_val_00030419,features.5.21,30,0.49052770286798475
400,0.4,ILSVRC2012_val_00030419,features.5.22,31,0.49988555908203125
400,0.4,ILSVRC2012_val_00030419,features.5.23,32,0.5086318582296372
400,0.4,ILSVRC2012_val_00030419,features.5.24,33,0.530792324244976
400,0.4,ILSVRC2012_val_00030419,features.5.25,34,0.5539111390709877
400,0.4,ILSVRC2012_val_00030419,features.5.26,35,0.5752445250749588
400,0.4,ILSVRC2012_val_00030419,features.6,36,0.6568682730197907
400,0.4,ILSVRC2012_val_00030419,features.7.0,37,0.6654107093811035
400,0.4,ILSVRC2012_val_00030419,features.7.1,38,0.6864711523056031
400,0.4,ILSVRC2012_val_00030419,features.7.2,39,0.6982829242944717
400,0.4,ILSVRC2012_val_00030419,classifier,40,0.8959544718265533
400,0.4,ILSVRC2012_val_00030425,features.0,0,0.5909229993820191
400,0.4,ILSVRC2012_val_00030425,features.1.0,1,0.42454607635736463
400,0.4,ILSVRC2012_val_00030425,features.1.1,2,0.3629695221781731
400,0.4,ILSVRC2012_val_00030425,features.1.2,3,0.3118851274251938
400,0.4,ILSVRC2012_val_00030425,features.2,4,0.3096465304493904
400,0.4,ILSVRC2012_val_00030425,features.3.0,5,0.2900970071554184
400,0.4,ILSVRC2012_val_00030425,features.3.1,6,0.2636582121253014
400,0.4,ILSVRC2012_val_00030425,features.3.2,7,0.2395341418683529
400,0.4,ILSVRC2012_val_00030425,features.4,8,0.3732377037405968
400,0.4,ILSVRC2012_val_00030425,features.5.0,9,0.35979152619838717
400,0.4,ILSVRC2012_val_00030425,features.5.1,10,0.3494698241353035
400,0.4,ILSVRC2012_val_00030425,features.5.2,11,0.3450701504945755
400,0.4,ILSVRC2012_val_00030425,features.5.3,12,0.3390226662158966
400,0.4,ILSVRC2012_val_00030425,features.5.4,13,0.3432334065437317
400,0.4,ILSVRC2012_val_00030425,features.5.5,14,0.34968805909156797
400,0.4,ILSVRC2012_val_00030425,features.5.6,15,0.3414279371500015
400,0.4,ILSVRC2012_val_00030425,features.5.7,16,0.34364206343889236
400,0.4,ILSVRC2012_val_00030425,features.5.8,17,0.3494883462786674
400,0.4,ILSVRC2012_val_00030425,features.5.9,18,0.3511052802205086
400,0.4,ILSVRC2012_val_00030425,features.5.10,19,0.35586425215005874
400,0.4,ILSVRC2012_val_00030425,features.5.11,20,0.34478091448545456
400,0.4,ILSVRC2012_val_00030425,features.5.12,21,0.3339920029044151
400,0.4,ILSVRC2012_val_00030425,features.5.13,22,0.3314452439546585
400,0.4,ILSVRC2012_val_00030425,features.5.14,23,0.3270929351449013
400,0.4,ILSVRC2012_val_00030425,features.5.15,24,0.3234074831008911
400,0.4,ILSVRC2012_val_00030425,features.5.16,25,0.31729516535997393
400,0.4,ILSVRC2012_val_00030425,features.5.17,26,0.3153152853250504
400,0.4,ILSVRC2012_val_00030425,features.5.18,27,0.31252791807055474
400,0.4,ILSVRC2012_val_00030425,features.5.19,28,0.3162840224802494
400,0.4,ILSVRC2012_val_00030425,features.5.20,29,0.31393697038292884
400,0.4,ILSVRC2012_val_00030425,features.5.21,30,0.3167863368988037
400,0.4,ILSVRC2012_val_00030425,features.5.22,31,0.3203873187303543
400,0.4,ILSVRC2012_val_00030425,features.5.23,32,0.3210239686071873
400,0.4,ILSVRC2012_val_00030425,features.5.24,33,0.3265143856406212
400,0.4,ILSVRC2012_val_00030425,features.5.25,34,0.3344035163521767
400,0.4,ILSVRC2012_val_00030425,features.5.26,35,0.3432754956185818
400,0.4,ILSVRC2012_val_00030425,features.6,36,0.35727339833974836
400,0.4,ILSVRC2012_val_00030425,features.7.0,37,0.3651885464787483
400,0.4,ILSVRC2012_val_00030425,features.7.1,38,0.3705444671213627
400,0.4,ILSVRC2012_val_00030425,features.7.2,39,0.3756973177194595
400,0.4,ILSVRC2012_val_00030425,classifier,40,0.7211200565099716
400,0.4,ILSVRC2012_val_00035318,features.0,0,0.4134338691830635
400,0.4,ILSVRC2012_val_00035318,features.1.0,1,0.5411806851625443
400,0.4,ILSVRC2012_val_00035318,features.1.1,2,0.4729398965835571
400,0.4,ILSVRC2012_val_00035318,features.1.2,3,0.4098531246185303
400,0.4,ILSVRC2012_val_00035318,features.2,4,0.4372721821069717
400,0.4,ILSVRC2012_val_00035318,features.3.0,5,0.4276050433516502
400,0.4,ILSVRC2012_val_00035318,features.3.1,6,0.4101304247975349
400,0.4,ILSVRC2012_val_00035318,features.3.2,7,0.4143861189484596
400,0.4,ILSVRC2012_val_00035318,features.4,8,0.517084401845932
400,0.4,ILSVRC2012_val_00035318,features.5.0,9,0.5127084746956825
400,0.4,ILSVRC2012_val_00035318,features.5.1,10,0.5077257812023163
400,0.4,ILSVRC2012_val_00035318,features.5.2,11,0.5130294531583786
400,0.4,ILSVRC2012_val_00035318,features.5.3,12,0.5173703536391259
400,0.4,ILSVRC2012_val_00035318,features.5.4,13,0.5293409615755081
400,0.4,ILSVRC2012_val_00035318,features.5.5,14,0.5384628310799598
400,0.4,ILSVRC2012_val_00035318,features.5.6,15,0.5320780858397484
400,0.4,ILSVRC2012_val_00035318,features.5.7,16,0.5386546507477761
400,0.4,ILSVRC2012_val_00035318,features.5.8,17,0.5453649446368217
400,0.4,ILSVRC2012_val_00035318,features.5.9,18,0.5429385036230088
400,0.4,ILSVRC2012_val_00035318,features.5.10,19,0.5405915141105652
400,0.4,ILSVRC2012_val_00035318,features.5.11,20,0.5316773176193237
400,0.4,ILSVRC2012_val_00035318,features.5.12,21,0.5186948791146279
400,0.4,ILSVRC2012_val_00035318,features.5.13,22,0.5156656607985497
400,0.4,ILSVRC2012_val_00035318,features.5.14,23,0.5165240272879601
400,0.4,ILSVRC2012_val_00035318,features.5.15,24,0.5137353360652923
400,0.4,ILSVRC2012_val_00035318,features.5.16,25,0.5114625379443168
400,0.4,ILSVRC2012_val_00035318,features.5.17,26,0.5122226178646088
400,0.4,ILSVRC2012_val_00035318,features.5.18,27,0.5154346480965615
400,0.4,ILSVRC2012_val_00035318,features.5.19,28,0.5211850672960281
400,0.4,ILSVRC2012_val_00035318,features.5.20,29,0.5270084723830223
400,0.4,ILSVRC2012_val_00035318,features.5.21,30,0.5384216472506523
400,0.4,ILSVRC2012_val_00035318,features.5.22,31,0.5437625035643577
400,0.4,ILSVRC2012_val_00035318,features.5.23,32,0.5490142747759819
400,0.4,ILSVRC2012_val_00035318,features.5.24,33,0.5602937057614327
400,0.4,ILSVRC2012_val_00035318,features.5.25,34,0.575728078186512
400,0.4,ILSVRC2012_val_00035318,features.5.26,35,0.584477961063385
400,0.4,ILSVRC2012_val_00035318,features.6,36,0.6443517982959748
400,0.4,ILSVRC2012_val_00035318,features.7.0,37,0.6440284073352813
400,0.4,ILSVRC2012_val_00035318,features.7.1,38,0.6449374929070473
400,0.4,ILSVRC2012_val_00035318,features.7.2,39,0.6463148295879364
400,0.4,ILSVRC2012_val_00035318,classifier,40,0.8532239466905593
400,0.4,ILSVRC2012_val_00035574,features.0,0,0.3939576283097267
400,0.4,ILSVRC2012_val_00035574,features.1.0,1,0.4144946292042732
400,0.4,ILSVRC2012_val_00035574,features.1.1,2,0.37459166795015336
400,0.4,ILSVRC2012_val_00035574,features.1.2,3,0.3234069809317589
400,0.4,ILSVRC2012_val_00035574,features.2,4,0.3735506013035774
400,0.4,ILSVRC2012_val_00035574,features.3.0,5,0.37667509615421296
400,0.4,ILSVRC2012_val_00035574,features.3.1,6,0.36787099540233614
400,0.4,ILSVRC2012_val_00035574,features.3.2,7,0.3619019314646721
400,0.4,ILSVRC2012_val_00035574,features.4,8,0.46359174251556395
400,0.4,ILSVRC2012_val_00035574,features.5.0,9,0.4595023110508919
400,0.4,ILSVRC2012_val_00035574,features.5.1,10,0.46013153791427613
400,0.4,ILSVRC2012_val_00035574,features.5.2,11,0.46233426332473754
400,0.4,ILSVRC2012_val_00035574,features.5.3,12,0.46822787672281263
400,0.4,ILSVRC2012_val_00035574,features.5.4,13,0.47767727375030516
400,0.4,ILSVRC2012_val_00035574,features.5.5,14,0.48936773240566256
400,0.4,ILSVRC2012_val_00035574,features.5.6,15,0.484293931722641
400,0.4,ILSVRC2012_val_00035574,features.5.7,16,0.4897255003452301
400,0.4,ILSVRC2012_val_00035574,features.5.8,17,0.4939385443925858
400,0.4,ILSVRC2012_val_00035574,features.5.9,18,0.49785248935222626
400,0.4,ILSVRC2012_val_00035574,features.5.10,19,0.4991206467151642
400,0.4,ILSVRC2012_val_00035574,features.5.11,20,0.49064686000347135
400,0.4,ILSVRC2012_val_00035574,features.5.12,21,0.48377403914928435
400,0.4,ILSVRC2012_val_00035574,features.5.13,22,0.4838832303881645
400,0.4,ILSVRC2012_val_00035574,features.5.14,23,0.482164192199707
400,0.4,ILSVRC2012_val_00035574,features.5.15,24,0.48310132026672364
400,0.4,ILSVRC2012_val_00035574,features.5.16,25,0.4812034323811531
400,0.4,ILSVRC2012_val_00035574,features.5.17,26,0.4875324219465256
400,0.4,ILSVRC2012_val_00035574,features.5.18,27,0.4921450436115265
400,0.4,ILSVRC2012_val_00035574,features.5.19,28,0.4964542716741562
400,0.4,ILSVRC2012_val_00035574,features.5.20,29,0.5063973724842071
400,0.4,ILSVRC2012_val_00035574,features.5.21,30,0.5215252667665482
400,0.4,ILSVRC2012_val_00035574,features.5.22,31,0.5359882831573486
400,0.4,ILSVRC2012_val_00035574,features.5.23,32,0.545584785938263
400,0.4,ILSVRC2012_val_00035574,features.5.24,33,0.5639744907617569
400,0.4,ILSVRC2012_val_00035574,features.5.25,34,0.5852160274982452
400,0.4,ILSVRC2012_val_00035574,features.5.26,35,0.6017344921827317
400,0.4,ILSVRC2012_val_00035574,features.6,36,0.7117807686328887
400,0.4,ILSVRC2012_val_00035574,features.7.0,37,0.7158002823591232
400,0.4,ILSVRC2012_val_00035574,features.7.1,38,0.729116490483284
400,0.4,ILSVRC2012_val_00035574,features.7.2,39,0.7391820222139358
400,0.4,ILSVRC2012_val_00035574,classifier,40,0.9170850425958633
400,0.4,ILSVRC2012_val_00036158,features.0,0,0.1720856748521328
400,0.4,ILSVRC2012_val_00036158,features.1.0,1,0.3153346613049507
400,0.4,ILSVRC2012_val_00036158,features.1.1,2,0.2830065853893757
400,0.4,ILSVRC2012_val_00036158,features.1.2,3,0.22392565831542016
400,0.4,ILSVRC2012_val_00036158,features.2,4,0.28632593601942063
400,0.4,ILSVRC2012_val_00036158,features.3.0,5,0.2774828180670738
400,0.4,ILSVRC2012_val_00036158,features.3.1,6,0.25180214568972586
400,0.4,ILSVRC2012_val_00036158,features.3.2,7,0.2319258853793144
400,0.4,ILSVRC2012_val_00036158,features.4,8,0.4073877513408661
400,0.4,ILSVRC2012_val_00036158,features.5.0,9,0.4044096514582634
400,0.4,ILSVRC2012_val_00036158,features.5.1,10,0.38862636089324953
400,0.4,ILSVRC2012_val_00036158,features.5.2,11,0.3939294025301933
400,0.4,ILSVRC2012_val_00036158,features.5.3,12,0.40144118666648865
400,0.4,ILSVRC2012_val_00036158,features.5.4,13,0.41084535866975785
400,0.4,ILSVRC2012_val_00036158,features.5.5,14,0.4308923497796059
400,0.4,ILSVRC2012_val_00036158,features.5.6,15,0.43253463208675386
400,0.4,ILSVRC2012_val_00036158,features.5.7,16,0.43310610502958297
400,0.4,ILSVRC2012_val_00036158,features.5.8,17,0.4397783249616623
400,0.4,ILSVRC2012_val_00036158,features.5.9,18,0.4424241930246353
400,0.4,ILSVRC2012_val_00036158,features.5.10,19,0.44894630908966066
400,0.4,ILSVRC2012_val_00036158,features.5.11,20,0.43808091431856155
400,0.4,ILSVRC2012_val_00036158,features.5.12,21,0.43207925707101824
400,0.4,ILSVRC2012_val_00036158,features.5.13,22,0.43102326840162275
400,0.4,ILSVRC2012_val_00036158,features.5.14,23,0.4265423506498337
400,0.4,ILSVRC2012_val_00036158,features.5.15,24,0.4248974844813347
400,0.4,ILSVRC2012_val_00036158,features.5.16,25,0.4261782348155975
400,0.4,ILSVRC2012_val_00036158,features.5.17,26,0.4255762666463852
400,0.4,ILSVRC2012_val_00036158,features.5.18,27,0.4252017617225647
400,0.4,ILSVRC2012_val_00036158,features.5.19,28,0.4269135549664497
400,0.4,ILSVRC2012_val_00036158,features.5.20,29,0.4294898197054863
400,0.4,ILSVRC2012_val_00036158,features.5.21,30,0.43508834689855574
400,0.4,ILSVRC2012_val_00036158,features.5.22,31,0.44106731563806534
400,0.4,ILSVRC2012_val_00036158,features.5.23,32,0.44579155147075655
400,0.4,ILSVRC2012_val_00036158,features.5.24,33,0.4486107170581818
400,0.4,ILSVRC2012_val_00036158,features.5.25,34,0.4571807235479355
400,0.4,ILSVRC2012_val_00036158,features.5.26,35,0.4621083244681358
400,0.4,ILSVRC2012_val_00036158,features.6,36,0.5146314963698387
400,0.4,ILSVRC2012_val_00036158,features.7.0,37,0.5132431358098983
400,0.4,ILSVRC2012_val_00036158,features.7.1,38,0.5191369086503983
400,0.4,ILSVRC2012_val_00036158,features.7.2,39,0.5223593428730965
400,0.4,ILSVRC2012_val_00036158,classifier,40,0.7099001616239548
400,0.4,ILSVRC2012_val_00041330,features.0,0,0.2858547389507294
400,0.4,ILSVRC2012_val_00041330,features.1.0,1,0.3641222894191742
400,0.4,ILSVRC2012_val_00041330,features.1.1,2,0.32472449690103533
400,0.4,ILSVRC2012_val_00041330,features.1.2,3,0.2771778076887131
400,0.4,ILSVRC2012_val_00041330,features.2,4,0.3305771961808205
400,0.4,ILSVRC2012_val_00041330,features.3.0,5,0.3263449504971504
400,0.4,ILSVRC2012_val_00041330,features.3.1,6,0.3022765025496483
400,0.4,ILSVRC2012_val_00041330,features.3.2,7,0.30976478606462476
400,0.4,ILSVRC2012_val_00041330,features.4,8,0.4291276425123215
400,0.4,ILSVRC2012_val_00041330,features.5.0,9,0.41477109491825104
400,0.4,ILSVRC2012_val_00041330,features.5.1,10,0.3998562082648277
400,0.4,ILSVRC2012_val_00041330,features.5.2,11,0.39974720031023026
400,0.4,ILSVRC2012_val_00041330,features.5.3,12,0.41173830926418303
400,0.4,ILSVRC2012_val_00041330,features.5.4,13,0.43221463412046435
400,0.4,ILSVRC2012_val_00041330,features.5.5,14,0.437770339846611
400,0.4,ILSVRC2012_val_00041330,features.5.6,15,0.4247207522392273
400,0.4,ILSVRC2012_val_00041330,features.5.7,16,0.4229366645216942
400,0.4,ILSVRC2012_val_00041330,features.5.8,17,0.43450960218906404
400,0.4,ILSVRC2012_val_00041330,features.5.9,18,0.43090170323848725
400,0.4,ILSVRC2012_val_00041330,features.5.10,19,0.43266351222991944
400,0.4,ILSVRC2012_val_00041330,features.5.11,20,0.4282401815056801
400,0.4,ILSVRC2012_val_00041330,features.5.12,21,0.4216633766889572
400,0.4,ILSVRC2012_val_00041330,features.5.13,22,0.41501719504594803
400,0.4,ILSVRC2012_val_00041330,features.5.14,23,0.4284162580966949
400,0.4,ILSVRC2012_val_00041330,features.5.15,24,0.4229117602109909
400,0.4,ILSVRC2012_val_00041330,features.5.16,25,0.4186123549938202
400,0.4,ILSVRC2012_val_00041330,features.5.17,26,0.41067684888839723
400,0.4,ILSVRC2012_val_00041330,features.5.18,27,0.4164579316973686
400,0.4,ILSVRC2012_val_00041330,features.5.19,28,0.41935569047927856
400,0.4,ILSVRC2012_val_00041330,features.5.20,29,0.41947876662015915
400,0.4,ILSVRC2012_val_00041330,features.5.21,30,0.4237147942185402
400,0.4,ILSVRC2012_val_00041330,features.5.22,31,0.4286224454641342
400,0.4,ILSVRC2012_val_00041330,features.5.23,32,0.4383027762174606
400,0.4,ILSVRC2012_val_00041330,features.5.24,33,0.44100335240364075
400,0.4,ILSVRC2012_val_00041330,features.5.25,34,0.45103178471326827
400,0.4,ILSVRC2012_val_00041330,features.5.26,35,0.46169628500938414
400,0.4,ILSVRC2012_val_00041330,features.6,36,0.4862275868654251
400,0.4,ILSVRC2012_val_00041330,features.7.0,37,0.4921153724193573
400,0.4,ILSVRC2012_val_00041330,features.7.1,38,0.4991674244403839
400,0.4,ILSVRC2012_val_00041330,features.7.2,39,0.5011905491352081
400,0.4,ILSVRC2012_val_00041330,classifier,40,0.7419317573308944
400,0.4,ILSVRC2012_val_00048463,features.0,0,0.210495912283659
400,0.4,ILSVRC2012_val_00048463,features.1.0,1,0.2525171674787998
400,0.4,ILSVRC2012_val_00048463,features.1.1,2,0.24891415387392044
400,0.4,ILSVRC2012_val_00048463,features.1.2,3,0.21723634302616118
400,0.4,ILSVRC2012_val_00048463,features.2,4,0.2387508600950241
400,0.4,ILSVRC2012_val_00048463,features.3.0,5,0.2471418410539627
400,0.4,ILSVRC2012_val_00048463,features.3.1,6,0.2398451089859009
400,0.4,ILSVRC2012_val_00048463,features.3.2,7,0.22940224409103394
400,0.4,ILSVRC2012_val_00048463,features.4,8,0.35430868715047836
400,0.4,ILSVRC2012_val_00048463,features.5.0,9,0.35592540055513383
400,0.4,ILSVRC2012_val_00048463,features.5.1,10,0.35387334376573565
400,0.4,ILSVRC2012_val_00048463,features.5.2,11,0.3612504556775093
400,0.4,ILSVRC2012_val_00048463,features.5.3,12,0.3677022486925125
400,0.4,ILSVRC2012_val_00048463,features.5.4,13,0.38396636098623277
400,0.4,ILSVRC2012_val_00048463,features.5.5,14,0.4016006663441658
400,0.4,ILSVRC2012_val_00048463,features.5.6,15,0.40957542657852175
400,0.4,ILSVRC2012_val_00048463,features.5.7,16,0.41763358265161515
400,0.4,ILSVRC2012_val_00048463,features.5.8,17,0.4255222246050835
400,0.4,ILSVRC2012_val_00048463,features.5.9,18,0.42899574637413024
400,0.4,ILSVRC2012_val_00048463,features.5.10,19,0.42906814366579055
400,0.4,ILSVRC2012_val_00048463,features.5.11,20,0.41972225457429885
400,0.4,ILSVRC2012_val_00048463,features.5.12,21,0.41919306516647337
400,0.4,ILSVRC2012_val_00048463,features.5.13,22,0.41977802067995074
400,0.4,ILSVRC2012_val_00048463,features.5.14,23,0.4257817804813385
400,0.4,ILSVRC2012_val_00048463,features.5.15,24,0.42776610404253007
400,0.4,ILSVRC2012_val_00048463,features.5.16,25,0.42861305773258207
400,0.4,ILSVRC2012_val_00048463,features.5.17,26,0.43288018703460696
400,0.4,ILSVRC2012_val_00048463,features.5.18,27,0.4326226994395256
400,0.4,ILSVRC2012_val_00048463,features.5.19,28,0.445202662050724
400,0.4,ILSVRC2012_val_00048463,features.5.20,29,0.45319326817989347
400,0.4,ILSVRC2012_val_00048463,features.5.21,30,0.4687444373965263
400,0.4,ILSVRC2012_val_00048463,features.5.22,31,0.4815443381667137
400,0.4,ILSVRC2012_val_00048463,features.5.23,32,0.49675014466047285
400,0.4,ILSVRC2012_val_00048463,features.5.24,33,0.517978098988533
400,0.4,ILSVRC2012_val_00048463,features.5.25,34,0.5420724436640739
400,0.4,ILSVRC2012_val_00048463,features.5.26,35,0.5650303840637207
400,0.4,ILSVRC2012_val_00048463,features.6,36,0.7649238735437394
400,0.4,ILSVRC2012_val_00048463,features.7.0,37,0.7705984652042389
400,0.4,ILSVRC2012_val_00048463,features.7.1,38,0.785552716255188
400,0.4,ILSVRC2012_val_00048463,features.7.2,39,0.7975672662258149
400,0.4,ILSVRC2012_val_00048463,classifier,40,0.9328691810369492
600,0.6,ILSVRC2012_val_00000487,features.0,0,0.08762293308973312
600,0.6,ILSVRC2012_val_00000487,features.1.0,1,0.13303954526782036
600,0.6,ILSVRC2012_val_00000487,features.1.1,2,0.12847226150333882
600,0.6,ILSVRC2012_val_00000487,features.1.2,3,0.10368121303617954
600,0.6,ILSVRC2012_val_00000487,features.2,4,0.1260894224047661
600,0.6,ILSVRC2012_val_00000487,features.3.0,5,0.12247584946453571
600,0.6,ILSVRC2012_val_00000487,features.3.1,6,0.11407163180410862
600,0.6,ILSVRC2012_val_00000487,features.3.2,7,0.09933706074953079
600,0.6,ILSVRC2012_val_00000487,features.4,8,0.161460230499506
600,0.6,ILSVRC2012_val_00000487,features.5.0,9,0.15317104272544385
600,0.6,ILSVRC2012_val_00000487,features.5.1,10,0.14521855898201466
600,0.6,ILSVRC2012_val_00000487,features.5.2,11,0.1406206287443638
600,0.6,ILSVRC2012_val_00000487,features.5.3,12,0.13672568760812281
600,0.6,ILSVRC2012_val_00000487,features.5.4,13,0.13669463135302068
600,0.6,ILSVRC2012_val_00000487,features.5.5,14,0.134694791957736
600,0.6,ILSVRC2012_val_00000487,features.5.6,15,0.13022334836423397
600,0.6,ILSVRC2012_val_00000487,features.5.7,16,0.1283015977591276
600,0.6,ILSVRC2012_val_00000487,features.5.8,17,0.12458495683968067
600,0.6,ILSVRC2012_val_00000487,features.5.9,18,0.12269308343529702
600,0.6,ILSVRC2012_val_00000487,features.5.10,19,0.1199650764465332
600,0.6,ILSVRC2012_val_00000487,features.5.11,20,0.1141834132373333
600,0.6,ILSVRC2012_val_00000487,features.5.12,21,0.11039297822862863
600,0.6,ILSVRC2012_val_00000487,features.5.13,22,0.10932500548660755
600,0.6,ILSVRC2012_val_00000487,features.5.14,23,0.1075780300423503
600,0.6,ILSVRC2012_val_00000487,features.5.15,24,0.10487122479826212
600,0.6,ILSVRC2012_val_00000487,features.5.16,25,0.10265140552073718
600,0.6,ILSVRC2012_val_00000487,features.5.17,26,0.0995210787281394
600,0.6,ILSVRC2012_val_00000487,features.5.18,27,0.09901559185236693
600,0.6,ILSVRC2012_val_00000487,features.5.19,28,0.09846430104225874
600,0.6,ILSVRC2012_val_00000487,features.5.20,29,0.0968330742791295
600,0.6,ILSVRC2012_val_00000487,features.5.21,30,0.09784542080014944
600,0.6,ILSVRC2012_val_00000487,features.5.22,31,0.09853866565972566
600,0.6,ILSVRC2012_val_00000487,features.5.23,32,0.0996969709172845
600,0.6,ILSVRC2012_val_00000487,features.5.24,33,0.09845493491739035
600,0.6,ILSVRC2012_val_00000487,features.5.25,34,0.09831184186041356
600,0.6,ILSVRC2012_val_00000487,features.5.26,35,0.09824104551225901
600,0.6,ILSVRC2012_val_00000487,features.6,36,0.07492048991844058
600,0.6,ILSVRC2012_val_00000487,features.7.0,37,0.07091853339225054
600,0.6,ILSVRC2012_val_00000487,features.7.1,38,0.0651692422106862
600,0.6,ILSVRC2012_val_00000487,features.7.2,39,0.05927710118703544
600,0.6,ILSVRC2012_val_00000487,classifier,40,0.17106488524004818
600,0.6,ILSVRC2012_val_00000681,features.0,0,0.2242061525583267
600,0.6,ILSVRC2012_val_00000681,features.1.0,1,0.24096305742859842
600,0.6,ILSVRC2012_val_00000681,features.1.1,2,0.19118704199790953
600,0.6,ILSVRC2012_val_00000681,features.1.2,3,0.15808296352624893
600,0.6,ILSVRC2012_val_00000681,features.2,4,0.1547301858663559
600,0.6,ILSVRC2012_val_00000681,features.3.0,5,0.14288261979818345
600,0.6,ILSVRC2012_val_00000681,features.3.1,6,0.13600918799638748
600,0.6,ILSVRC2012_val_00000681,features.3.2,7,0.127598974481225
600,0.6,ILSVRC2012_val_00000681,features.4,8,0.18406414240598679
600,0.6,ILSVRC2012_val_00000681,features.5.0,9,0.17599293552339076
600,0.6,ILSVRC2012_val_00000681,features.5.1,10,0.16744111627340316
600,0.6,ILSVRC2012_val_00000681,features.5.2,11,0.1629958890378475
600,0.6,ILSVRC2012_val_00000681,features.5.3,12,0.15758597366511823
600,0.6,ILSVRC2012_val_00000681,features.5.4,13,0.15863645896315576
600,0.6,ILSVRC2012_val_00000681,features.5.5,14,0.15482120960950851
600,0.6,ILSVRC2012_val_00000681,features.5.6,15,0.1453434232622385
600,0.6,ILSVRC2012_val_00000681,features.5.7,16,0.14112910702824594
600,0.6,ILSVRC2012_val_00000681,features.5.8,17,0.14095707349479197
600,0.6,ILSVRC2012_val_00000681,features.5.9,18,0.13948157094419003
600,0.6,ILSVRC2012_val_00000681,features.5.10,19,0.1337078608572483
600,0.6,ILSVRC2012_val_00000681,features.5.11,20,0.1284966144710779
600,0.6,ILSVRC2012_val_00000681,features.5.12,21,0.12297064997255802
600,0.6,ILSVRC2012_val_00000681,features.5.13,22,0.12332518249750138
600,0.6,ILSVRC2012_val_00000681,features.5.14,23,0.12260474264621735
600,0.6,ILSVRC2012_val_00000681,features.5.15,24,0.11828686408698559
600,0.6,ILSVRC2012_val_00000681,features.5.16,25,0.11485088281333447
600,0.6,ILSVRC2012_val_00000681,features.5.17,26,0.11136329211294652
600,0.6,ILSVRC2012_val_00000681,features.5.18,27,0.11075576357543468
600,0.6,ILSVRC2012_val_00000681,features.5.19,28,0.1099634476006031
600,0.6,ILSVRC2012_val_00000681,features.5.20,29,0.1065454263240099
600,0.6,ILSVRC2012_val_00000681,features.5.21,30,0.10152893867343664
600,0.6,ILSVRC2012_val_00000681,features.5.22,31,0.09722266383469105
600,0.6,ILSVRC2012_val_00000681,features.5.23,32,0.09572578873485327
600,0.6,ILSVRC2012_val_00000681,features.5.24,33,0.09402371887117625
600,0.6,ILSVRC2012_val_00000681,features.5.25,34,0.09223663322627544
600,0.6,ILSVRC2012_val_00000681,features.5.26,35,0.08713004812598228
600,0.6,ILSVRC2012_val_00000681,features.6,36,0.11016679648309946
600,0.6,ILSVRC2012_val_00000681,features.7.0,37,0.10732021890580654
600,0.6,ILSVRC2012_val_00000681,features.7.1,38,0.10628517046570778
600,0.6,ILSVRC2012_val_00000681,features.7.2,39,0.10229683257639408
600,0.6,ILSVRC2012_val_00000681,classifier,40,0.2660599023103714
600,0.6,ILSVRC2012_val_00000729,features.0,0,0.1780793247744441
600,0.6,ILSVRC2012_val_00000729,features.1.0,1,0.18291761092841624
600,0.6,ILSVRC2012_val_00000729,features.1.1,2,0.17342829145491123
600,0.6,ILSVRC2012_val_00000729,features.1.2,3,0.15193594433367252
600,0.6,ILSVRC2012_val_00000729,features.2,4,0.1397962909191847
600,0.6,ILSVRC2012_val_00000729,features.3.0,5,0.13419155180454254
600,0.6,ILSVRC2012_val_00000729,features.3.1,6,0.1279455218464136
600,0.6,ILSVRC2012_val_00000729,features.3.2,7,0.11931918598711491
600,0.6,ILSVRC2012_val_00000729,features.4,8,0.1777063712477684
600,0.6,ILSVRC2012_val_00000729,features.5.0,9,0.17481605410575868
600,0.6,ILSVRC2012_val_00000729,features.5.1,10,0.16890029199421405
600,0.6,ILSVRC2012_val_00000729,features.5.2,11,0.1666726928204298
600,0.6,ILSVRC2012_val_00000729,features.5.3,12,0.16537295393645762
600,0.6,ILSVRC2012_val_00000729,features.5.4,13,0.16732674054801464
600,0.6,ILSVRC2012_val_00000729,features.5.5,14,0.1668399225920439
600,0.6,ILSVRC2012_val_00000729,features.5.6,15,0.16250919587910176
600,0.6,ILSVRC2012_val_00000729,features.5.7,16,0.16006286516785623
600,0.6,ILSVRC2012_val_00000729,features.5.8,17,0.1565925244241953
600,0.6,ILSVRC2012_val_00000729,features.5.9,18,0.1528965260833502
600,0.6,ILSVRC2012_val_00000729,features.5.10,19,0.15072258301079272
600,0.6,ILSVRC2012_val_00000729,features.5.11,20,0.14522981122136117
600,0.6,ILSVRC2012_val_00000729,features.5.12,21,0.13753046095371246
600,0.6,ILSVRC2012_val_00000729,features.5.13,22,0.13692425470799208
600,0.6,ILSVRC2012_val_00000729,features.5.14,23,0.132178395986557
600,0.6,ILSVRC2012_val_00000729,features.5.15,24,0.12717712055891753
600,0.6,ILSVRC2012_val_00000729,features.5.16,25,0.12176592834293842
600,0.6,ILSVRC2012_val_00000729,features.5.17,26,0.1155887145549059
600,0.6,ILSVRC2012_val_00000729,features.5.18,27,0.11191326659172773
600,0.6,ILSVRC2012_val_00000729,features.5.19,28,0.11005530636757613
600,0.6,ILSVRC2012_val_00000729,features.5.20,29,0.10575623502954841
600,0.6,ILSVRC2012_val_00000729,features.5.21,30,0.10436386037617922
600,0.6,ILSVRC2012_val_00000729,features.5.22,31,0.10300492141395808
600,0.6,ILSVRC2012_val_00000729,features.5.23,32,0.10257217772305012
600,0.6,ILSVRC2012_val_00000729,features.5.24,33,0.10282835783436894
600,0.6,ILSVRC2012_val_00000729,features.5.25,34,0.1036078305914998
600,0.6,ILSVRC2012_val_00000729,features.5.26,35,0.10346511211246252
600,0.6,ILSVRC2012_val_00000729,features.6,36,0.11530411932617426
600,0.6,ILSVRC2012_val_00000729,features.7.0,37,0.11461072452366353
600,0.6,ILSVRC2012_val_00000729,features.7.1,38,0.11227506268769502
600,0.6,ILSVRC2012_val_00000729,features.7.2,39,0.1065818885806948
600,0.6,ILSVRC2012_val_00000729,classifier,40,0.17802938111126423
600,0.6,ILSVRC2012_val_00000974,features.0,0,0.16703369468450546
600,0.6,ILSVRC2012_val_00000974,features.1.0,1,0.21154815107584
600,0.6,ILSVRC2012_val_00000974,features.1.1,2,0.19682338386774062
600,0.6,ILSVRC2012_val_00000974,features.1.2,3,0.17499155476689338
600,0.6,ILSVRC2012_val_00000974,features.2,4,0.18563638888299466
600,0.6,ILSVRC2012_val_00000974,features.3.0,5,0.17912503220140935
600,0.6,ILSVRC2012_val_00000974,features.3.1,6,0.17494508512318135
600,0.6,ILSVRC2012_val_00000974,features.3.2,7,0.16215694285929202
600,0.6,ILSVRC2012_val_00000974,features.4,8,0.2593979209661484
600,0.6,ILSVRC2012_val_00000974,features.5.0,9,0.25824191570281985
600,0.6,ILSVRC2012_val_00000974,features.5.1,10,0.2556321233510971
600,0.6,ILSVRC2012_val_00000974,features.5.2,11,0.25971854776144027
600,0.6,ILSVRC2012_val_00000974,features.5.3,12,0.26488002464175225
600,0.6,ILSVRC2012_val_00000974,features.5.4,13,0.275167852640152
600,0.6,ILSVRC2012_val_00000974,features.5.5,14,0.276360259950161
600,0.6,ILSVRC2012_val_00000974,features.5.6,15,0.2753218449652195
600,0.6,ILSVRC2012_val_00000974,features.5.7,16,0.27723303325474263
600,0.6,ILSVRC2012_val_00000974,features.5.8,17,0.2797241762280464
600,0.6,ILSVRC2012_val_00000974,features.5.9,18,0.28111295588314533
600,0.6,ILSVRC2012_val_00000974,features.5.10,19,0.2790236286818981
600,0.6,ILSVRC2012_val_00000974,features.5.11,20,0.27525782957673073
600,0.6,ILSVRC2012_val_00000974,features.5.12,21,0.27048756182193756
600,0.6,ILSVRC2012_val_00000974,features.5.13,22,0.2712169252336025
600,0.6,ILSVRC2012_val_00000974,features.5.14,23,0.26762835644185545
600,0.6,ILSVRC2012_val_00000974,features.5.15,24,0.2721597827970982
600,0.6,ILSVRC2012_val_00000974,features.5.16,25,0.27304918840527537
600,0.6,ILSVRC2012_val_00000974,features.5.17,26,0.27648696675896645
600,0.6,ILSVRC2012_val_00000974,features.5.18,27,0.2747221410274506
600,0.6,ILSVRC2012_val_00000974,features.5.19,28,0.2795676149427891
600,0.6,ILSVRC2012_val_00000974,features.5.20,29,0.2811685249209404
600,0.6,ILSVRC2012_val_00000974,features.5.21,30,0.2956202045083046
600,0.6,ILSVRC2012_val_00000974,features.5.22,31,0.3016502171754837
600,0.6,ILSVRC2012_val_00000974,features.5.23,32,0.3095706034451723
600,0.6,ILSVRC2012_val_00000974,features.5.24,33,0.3244183730334044
600,0.6,ILSVRC2012_val_00000974,features.5.25,34,0.34297528881579636
600,0.6,ILSVRC2012_val_00000974,features.5.26,35,0.36022902391850947
600,0.6,ILSVRC2012_val_00000974,features.6,36,0.4355203391984105
600,0.6,ILSVRC2012_val_00000974,features.7.0,37,0.44852898418903353
600,0.6,ILSVRC2012_val_00000974,features.7.1,38,0.4666472692042589
600,0.6,ILSVRC2012_val_00000974,features.7.2,39,0.47796608647331595
600,0.6,ILSVRC2012_val_00000974,classifier,40,0.7146159507334232
600,0.6,ILSVRC2012_val_00003449,features.0,0,0.2687750093638897
600,0.6,ILSVRC2012_val_00003449,features.1.0,1,0.2530952483415604
600,0.6,ILSVRC2012_val_00003449,features.1.1,2,0.22546388059854508
600,0.6,ILSVRC2012_val_00003449,features.1.2,3,0.20529960840940475
600,0.6,ILSVRC2012_val_00003449,features.2,4,0.20176782011985778
600,0.6,ILSVRC2012_val_00003449,features.3.0,5,0.20128095671534538
600,0.6,ILSVRC2012_val_00003449,features.3.1,6,0.19566815868020057
600,0.6,ILSVRC2012_val_00003449,features.3.2,7,0.18821712248027325
600,0.6,ILSVRC2012_val_00003449,features.4,8,0.2743729971349239
600,0.6,ILSVRC2012_val_00003449,features.5.0,9,0.2743316672742367
600,0.6,ILSVRC2012_val_00003449,features.5.1,10,0.2791751131415367
600,0.6,ILSVRC2012_val_00003449,features.5.2,11,0.2890000693500042
600,0.6,ILSVRC2012_val_00003449,features.5.3,12,0.29248605147004125
600,0.6,ILSVRC2012_val_00003449,features.5.4,13,0.30138694532215593
600,0.6,ILSVRC2012_val_00003449,features.5.5,14,0.3129508554935455
600,0.6,ILSVRC2012_val_00003449,features.5.6,15,0.3217754639685154
600,0.6,ILSVRC2012_val_00003449,features.5.7,16,0.3375555995851755
600,0.6,ILSVRC2012_val_00003449,features.5.8,17,0.34843278452754023
600,0.6,ILSVRC2012_val_00003449,features.5.9,18,0.3561695903539658
600,0.6,ILSVRC2012_val_00003449,features.5.10,19,0.3630396582186222
600,0.6,ILSVRC2012_val_00003449,features.5.11,20,0.3616371523588896
600,0.6,ILSVRC2012_val_00003449,features.5.12,21,0.3547794971615076
600,0.6,ILSVRC2012_val_00003449,features.5.13,22,0.36203169003129004
600,0.6,ILSVRC2012_val_00003449,features.5.14,23,0.35813066847622393
600,0.6,ILSVRC2012_val_00003449,features.5.15,24,0.3675700053572655
600,0.6,ILSVRC2012_val_00003449,features.5.16,25,0.36170711405575273
600,0.6,ILSVRC2012_val_00003449,features.5.17,26,0.36526766307652
600,0.6,ILSVRC2012_val_00003449,features.5.18,27,0.36190694123506545
600,0.6,ILSVRC2012_val_00003449,features.5.19,28,0.36492468826472757
600,0.6,ILSVRC2012_val_00003449,features.5.20,29,0.3654487878084183
600,0.6,ILSVRC2012_val_00003449,features.5.21,30,0.3744485232979059
600,0.6,ILSVRC2012_val_00003449,features.5.22,31,0.3771235264837742
600,0.6,ILSVRC2012_val_00003449,features.5.23,32,0.37817971855401994
600,0.6,ILSVRC2012_val_00003449,features.5.24,33,0.3952246382832527
600,0.6,ILSVRC2012_val_00003449,features.5.25,34,0.4098248563706875
600,0.6,ILSVRC2012_val_00003449,features.5.26,35,0.420899860560894
600,0.6,ILSVRC2012_val_00003449,features.6,36,0.5367787461727858
600,0.6,ILSVRC2012_val_00003449,features.7.0,37,0.5345555869862437
600,0.6,ILSVRC2012_val_00003449,features.7.1,38,0.5417858354747296
600,0.6,ILSVRC2012_val_00003449,features.7.2,39,0.5480326788499952
600,0.6,ILSVRC2012_val_00003449,classifier,40,0.7946225184947252
600,0.6,ILSVRC2012_val_00005130,features.0,0,0.3361348733305931
600,0.6,ILSVRC2012_val_00005130,features.1.0,1,0.38981264382600783
600,0.6,ILSVRC2012_val_00005130,features.1.1,2,0.32857999503612517
600,0.6,ILSVRC2012_val_00005130,features.1.2,3,0.2753550186753273
600,0.6,ILSVRC2012_val_00005130,features.2,4,0.29834074527025223
600,0.6,ILSVRC2012_val_00005130,features.3.0,5,0.27983328253030776
600,0.6,ILSVRC2012_val_00005130,features.3.1,6,0.26293633356690405
600,0.6,ILSVRC2012_val_00005130,features.3.2,7,0.2585285469889641
600,0.6,ILSVRC2012_val_00005130,features.4,8,0.3725274488329887
600,0.6,ILSVRC2012_val_00005130,features.5.0,9,0.369253970682621
600,0.6,ILSVRC2012_val_00005130,features.5.1,10,0.36329194009304044
600,0.6,ILSVRC2012_val_00005130,features.5.2,11,0.365989425778389
600,0.6,ILSVRC2012_val_00005130,features.5.3,12,0.3698331847786903
600,0.6,ILSVRC2012_val_00005130,features.5.4,13,0.38503736555576323
600,0.6,ILSVRC2012_val_00005130,features.5.5,14,0.39571724832057953
600,0.6,ILSVRC2012_val_00005130,features.5.6,15,0.3898242115974426
600,0.6,ILSVRC2012_val_00005130,features.5.7,16,0.3946561098098755
600,0.6,ILSVRC2012_val_00005130,features.5.8,17,0.40313134640455245
600,0.6,ILSVRC2012_val_00005130,features.5.9,18,0.4056833773851395
600,0.6,ILSVRC2012_val_00005130,features.5.10,19,0.40841212719678877
600,0.6,ILSVRC2012_val_00005130,features.5.11,20,0.3985018625855446
600,0.6,ILSVRC2012_val_00005130,features.5.12,21,0.38466342985630037
600,0.6,ILSVRC2012_val_00005130,features.5.13,22,0.38268654644489286
600,0.6,ILSVRC2012_val_00005130,features.5.14,23,0.3790971517562866
600,0.6,ILSVRC2012_val_00005130,features.5.15,24,0.3793895423412323
600,0.6,ILSVRC2012_val_00005130,features.5.16,25,0.3754599943757057
600,0.6,ILSVRC2012_val_00005130,features.5.17,26,0.37044587582349775
600,0.6,ILSVRC2012_val_00005130,features.5.18,27,0.3707962095737457
600,0.6,ILSVRC2012_val_00005130,features.5.19,28,0.3743955194950104
600,0.6,ILSVRC2012_val_00005130,features.5.20,29,0.3777484342455864
600,0.6,ILSVRC2012_val_00005130,features.5.21,30,0.38843175023794174
600,0.6,ILSVRC2012_val_00005130,features.5.22,31,0.3929972007870674
600,0.6,ILSVRC2012_val_00005130,features.5.23,32,0.39787194430828093
600,0.6,ILSVRC2012_val_00005130,features.5.24,33,0.4183717995882034
600,0.6,ILSVRC2012_val_00005130,features.5.25,34,0.43658359348773956
600,0.6,ILSVRC2012_val_00005130,features.5.26,35,0.45083496123552325
600,0.6,ILSVRC2012_val_00005130,features.6,36,0.5549111396074295
600,0.6,ILSVRC2012_val_00005130,features.7.0,37,0.5560318291187286
600,0.6,ILSVRC2012_val_00005130,features.7.1,38,0.5640664964914321
600,0.6,ILSVRC2012_val_00005130,features.7.2,39,0.5714129135012627
600,0.6,ILSVRC2012_val_00005130,classifier,40,0.8839790105819703
600,0.6,ILSVRC2012_val_00006808,features.0,0,0.16873402446508406
600,0.6,ILSVRC2012_val_00006808,features.1.0,1,0.1767193902283907
600,0.6,ILSVRC2012_val_00006808,features.1.1,2,0.16169732101261616
600,0.6,ILSVRC2012_val_00006808,features.1.2,3,0.14404693469405175
600,0.6,ILSVRC2012_val_00006808,features.2,4,0.1382644660770893
600,0.6,ILSVRC2012_val_00006808,features.3.0,5,0.12732043527066708
600,0.6,ILSVRC2012_val_00006808,features.3.1,6,0.11056101657450199
600,0.6,ILSVRC2012_val_00006808,features.3.2,7,0.10158352814614773
600,0.6,ILSVRC2012_val_00006808,features.4,8,0.1648498523980379
600,0.6,ILSVRC2012_val_00006808,features.5.0,9,0.15714132152497767
600,0.6,ILSVRC2012_val_00006808,features.5.1,10,0.14705816097557545
600,0.6,ILSVRC2012_val_00006808,features.5.2,11,0.14086612202227117
600,0.6,ILSVRC2012_val_00006808,features.5.3,12,0.13418610021471977
600,0.6,ILSVRC2012_val_00006808,features.5.4,13,0.13498893864452838
600,0.6,ILSVRC2012_val_00006808,features.5.5,14,0.13212493509054185
600,0.6,ILSVRC2012_val_00006808,features.5.6,15,0.12658160887658595
600,0.6,ILSVRC2012_val_00006808,features.5.7,16,0.1215157974511385
600,0.6,ILSVRC2012_val_00006808,features.5.8,17,0.12209828458726406
600,0.6,ILSVRC2012_val_00006808,features.5.9,18,0.11944903787225485
600,0.6,ILSVRC2012_val_00006808,features.5.10,19,0.1177382966503501
600,0.6,ILSVRC2012_val_00006808,features.5.11,20,0.11121324226260185
600,0.6,ILSVRC2012_val_00006808,features.5.12,21,0.10432676784694195
600,0.6,ILSVRC2012_val_00006808,features.5.13,22,0.10256706662476063
600,0.6,ILSVRC2012_val_00006808,features.5.14,23,0.10070477239787579
600,0.6,ILSVRC2012_val_00006808,features.5.15,24,0.09643780319020152
600,0.6,ILSVRC2012_val_00006808,features.5.16,25,0.09294609734788536
600,0.6,ILSVRC2012_val_00006808,features.5.17,26,0.08941040933132172
600,0.6,ILSVRC2012_val_00006808,features.5.18,27,0.0869783965870738
600,0.6,ILSVRC2012_val_00006808,features.5.19,28,0.08670422099530697
600,0.6,ILSVRC2012_val_00006808,features.5.20,29,0.08533931914716959
600,0.6,ILSVRC2012_val_00006808,features.5.21,30,0.08549722917377948
600,0.6,ILSVRC2012_val_00006808,features.5.22,31,0.08547250851988793
600,0.6,ILSVRC2012_val_00006808,features.5.23,32,0.08491213396191596
600,0.6,ILSVRC2012_val_00006808,features.5.24,33,0.08247095718979836
600,0.6,ILSVRC2012_val_00006808,features.5.25,34,0.08137318883091212
600,0.6,ILSVRC2012_val_00006808,features.5.26,35,0.08137172218412161
600,0.6,ILSVRC2012_val_00006808,features.6,36,0.06575375264510512
600,0.6,ILSVRC2012_val_00006808,features.7.0,37,0.06244260971434414
600,0.6,ILSVRC2012_val_00006808,features.7.1,38,0.05879251421429217
600,0.6,ILSVRC2012_val_00006808,features.7.2,39,0.055943832453340295
600,0.6,ILSVRC2012_val_00006808,classifier,40,0.10095350272022188
600,0.6,ILSVRC2012_val_00010733,features.0,0,0.197501490265131
600,0.6,ILSVRC2012_val_00010733,features.1.0,1,0.21857025548815728
600,0.6,ILSVRC2012_val_00010733,features.1.1,2,0.18690299689769746
600,0.6,ILSVRC2012_val_00010733,features.1.2,3,0.16080116033554076
600,0.6,ILSVRC2012_val_00010733,features.2,4,0.1638608943670988
600,0.6,ILSVRC2012_val_00010733,features.3.0,5,0.1501035090535879
600,0.6,ILSVRC2012_val_00010733,features.3.1,6,0.1457449559122324
600,0.6,ILSVRC2012_val_00010733,features.3.2,7,0.13435140252113342
600,0.6,ILSVRC2012_val_00010733,features.4,8,0.21060002967715263
600,0.6,ILSVRC2012_val_00010733,features.5.0,9,0.2005341462790966
600,0.6,ILSVRC2012_val_00010733,features.5.1,10,0.1900379441678524
600,0.6,ILSVRC2012_val_00010733,features.5.2,11,0.1836472436785698
600,0.6,ILSVRC2012_val_00010733,features.5.3,12,0.17944692224264144
600,0.6,ILSVRC2012_val_00010733,features.5.4,13,0.1827720392495394
600,0.6,ILSVRC2012_val_00010733,features.5.5,14,0.18475693389773368
600,0.6,ILSVRC2012_val_00010733,features.5.6,15,0.18015327900648118
600,0.6,ILSVRC2012_val_00010733,features.5.7,16,0.17881484292447566
600,0.6,ILSVRC2012_val_00010733,features.5.8,17,0.17948297671973706
600,0.6,ILSVRC2012_val_00010733,features.5.9,18,0.17907132543623447
600,0.6,ILSVRC2012_val_00010733,features.5.10,19,0.17847501188516618
600,0.6,ILSVRC2012_val_00010733,features.5.11,20,0.17343068234622477
600,0.6,ILSVRC2012_val_00010733,features.5.12,21,0.16587468087673188
600,0.6,ILSVRC2012_val_00010733,features.5.13,22,0.16431704573333264
600,0.6,ILSVRC2012_val_00010733,features.5.14,23,0.1608364839106798
600,0.6,ILSVRC2012_val_00010733,features.5.15,24,0.16090910844504833
600,0.6,ILSVRC2012_val_00010733,features.5.16,25,0.1580059953033924
600,0.6,ILSVRC2012_val_00010733,features.5.17,26,0.15532439798116685
600,0.6,ILSVRC2012_val_00010733,features.5.18,27,0.15645045936107635
600,0.6,ILSVRC2012_val_00010733,features.5.19,28,0.15747662596404552
600,0.6,ILSVRC2012_val_00010733,features.5.20,29,0.156748628616333
600,0.6,ILSVRC2012_val_00010733,features.5.21,30,0.15748522840440274
600,0.6,ILSVRC2012_val_00010733,features.5.22,31,0.15825653150677682
600,0.6,ILSVRC2012_val_00010733,features.5.23,32,0.15874251015484334
600,0.6,ILSVRC2012_val_00010733,features.5.24,33,0.16073484905064106
600,0.6,ILSVRC2012_val_00010733,features.5.25,34,0.1627364855259657
600,0.6,ILSVRC2012_val_00010733,features.5.26,35,0.1642028946429491
600,0.6,ILSVRC2012_val_00010733,features.6,36,0.1534727493301034
600,0.6,ILSVRC2012_val_00010733,features.7.0,37,0.15107047455385328
600,0.6,ILSVRC2012_val_00010733,features.7.1,38,0.14862705385312439
600,0.6,ILSVRC2012_val_00010733,features.7.2,39,0.1445251852273941
600,0.6,ILSVRC2012_val_00010733,classifier,40,0.38512832336127756
600,0.6,ILSVRC2012_val_00014541,features.0,0,0.21501563414931296
600,0.6,ILSVRC2012_val_00014541,features.1.0,1,0.2929649390280247
600,0.6,ILSVRC2012_val_00014541,features.1.1,2,0.2628528349101543
600,0.6,ILSVRC2012_val_00014541,features.1.2,3,0.22063209116458893
600,0.6,ILSVRC2012_val_00014541,features.2,4,0.2726282671093941
600,0.6,ILSVRC2012_val_00014541,features.3.0,5,0.2674112722277641
600,0.6,ILSVRC2012_val_00014541,features.3.1,6,0.25227621719241144
600,0.6,ILSVRC2012_val_00014541,features.3.2,7,0.24295947775244714
600,0.6,ILSVRC2012_val_00014541,features.4,8,0.35017667561769483
600,0.6,ILSVRC2012_val_00014541,features.5.0,9,0.3453128203749657
600,0.6,ILSVRC2012_val_00014541,features.5.1,10,0.34761138185858725
600,0.6,ILSVRC2012_val_00014541,features.5.2,11,0.35466516464948655
600,0.6,ILSVRC2012_val_00014541,features.5.3,12,0.35856556594371797
600,0.6,ILSVRC2012_val_00014541,features.5.4,13,0.3803383857011795
600,0.6,ILSVRC2012_val_00014541,features.5.5,14,0.39746397733688354
600,0.6,ILSVRC2012_val_00014541,features.5.6,15,0.3966284066438675
600,0.6,ILSVRC2012_val_00014541,features.5.7,16,0.40399676710367205
600,0.6,ILSVRC2012_val_00014541,features.5.8,17,0.4073749199509621
600,0.6,ILSVRC2012_val_00014541,features.5.9,18,0.41374400556087493
600,0.6,ILSVRC2012_val_00014541,features.5.10,19,0.4166157990694046
600,0.6,ILSVRC2012_val_00014541,features.5.11,20,0.4089289799332619
600,0.6,ILSVRC2012_val_00014541,features.5.12,21,0.3983610853552818
600,0.6,ILSVRC2012_val_00014541,features.5.13,22,0.39823849946260453
600,0.6,ILSVRC2012_val_00014541,features.5.14,23,0.39474650621414187
600,0.6,ILSVRC2012_val_00014541,features.5.15,24,0.3940577954053879
600,0.6,ILSVRC2012_val_00014541,features.5.16,25,0.3905736893415451
600,0.6,ILSVRC2012_val_00014541,features.5.17,26,0.3867230206727982
600,0.6,ILSVRC2012_val_00014541,features.5.18,27,0.3854745730757713
600,0.6,ILSVRC2012_val_00014541,features.5.19,28,0.38704381734132765
600,0.6,ILSVRC2012_val_00014541,features.5.20,29,0.3877071425318718
600,0.6,ILSVRC2012_val_00014541,features.5.21,30,0.3895978331565857
600,0.6,ILSVRC2012_val_00014541,features.5.22,31,0.389755354821682
600,0.6,ILSVRC2012_val_00014541,features.5.23,32,0.39038568139076235
600,0.6,ILSVRC2012_val_00014541,features.5.24,33,0.39590143859386445
600,0.6,ILSVRC2012_val_00014541,features.5.25,34,0.4047832801938057
600,0.6,ILSVRC2012_val_00014541,features.5.26,35,0.4110632210969925
600,0.6,ILSVRC2012_val_00014541,features.6,36,0.4543292075395584
600,0.6,ILSVRC2012_val_00014541,features.7.0,37,0.455368410050869
600,0.6,ILSVRC2012_val_00014541,features.7.1,38,0.46517558246850965
600,0.6,ILSVRC2012_val_00014541,features.7.2,39,0.4737108930945396
600,0.6,ILSVRC2012_val_00014541,classifier,40,0.8174834698438644
600,0.6,ILSVRC2012_val_00018922,features.0,0,0.5074194878339767
600,0.6,ILSVRC2012_val_00018922,features.1.0,1,0.47492215484380723
600,0.6,ILSVRC2012_val_00018922,features.1.1,2,0.38417296558618547
600,0.6,ILSVRC2012_val_00018922,features.1.2,3,0.3148991197347641
600,0.6,ILSVRC2012_val_00018922,features.2,4,0.2782838761806488
600,0.6,ILSVRC2012_val_00018922,features.3.0,5,0.23597053661942483
600,0.6,ILSVRC2012_val_00018922,features.3.1,6,0.21818450912833215
600,0.6,ILSVRC2012_val_00018922,features.3.2,7,0.21442145332694054
600,0.6,ILSVRC2012_val_00018922,features.4,8,0.28330480977892875
600,0.6,ILSVRC2012_val_00018922,features.5.0,9,0.2731882318854332
600,0.6,ILSVRC2012_val_00018922,features.5.1,10,0.25116071924567224
600,0.6,ILSVRC2012_val_00018922,features.5.2,11,0.24068029075860978
600,0.6,ILSVRC2012_val_00018922,features.5.3,12,0.23486717641353608
600,0.6,ILSVRC2012_val_00018922,features.5.4,13,0.2432369440793991
600,0.6,ILSVRC2012_val_00018922,features.5.5,14,0.23941076472401618
600,0.6,ILSVRC2012_val_00018922,features.5.6,15,0.22322442010045052
600,0.6,ILSVRC2012_val_00018922,features.5.7,16,0.2161376602947712
600,0.6,ILSVRC2012_val_00018922,features.5.8,17,0.22126512080430985
600,0.6,ILSVRC2012_val_00018922,features.5.9,18,0.21616782993078232
600,0.6,ILSVRC2012_val_00018922,features.5.10,19,0.21606219783425332
600,0.6,ILSVRC2012_val_00018922,features.5.11,20,0.2056141670793295
600,0.6,ILSVRC2012_val_00018922,features.5.12,21,0.19593707732856275
600,0.6,ILSVRC2012_val_00018922,features.5.13,22,0.19206129238009453
600,0.6,ILSVRC2012_val_00018922,features.5.14,23,0.19309431165456772
600,0.6,ILSVRC2012_val_00018922,features.5.15,24,0.1866031013429165
600,0.6,ILSVRC2012_val_00018922,features.5.16,25,0.18740767762064933
600,0.6,ILSVRC2012_val_00018922,features.5.17,26,0.17951921857893466
600,0.6,ILSVRC2012_val_00018922,features.5.18,27,0.1819589227437973
600,0.6,ILSVRC2012_val_00018922,features.5.19,28,0.1875380575656891
600,0.6,ILSVRC2012_val_00018922,features.5.20,29,0.19172644503414632
600,0.6,ILSVRC2012_val_00018922,features.5.21,30,0.20002150051295758
600,0.6,ILSVRC2012_val_00018922,features.5.22,31,0.19826243594288825
600,0.6,ILSVRC2012_val_00018922,features.5.23,32,0.20855728723108768
600,0.6,ILSVRC2012_val_00018922,features.5.24,33,0.22091461829841136
600,0.6,ILSVRC2012_val_00018922,features.5.25,34,0.2342531993985176
600,0.6,ILSVRC2012_val_00018922,features.5.26,35,0.24382661208510398
600,0.6,ILSVRC2012_val_00018922,features.6,36,0.22872213795781135
600,0.6,ILSVRC2012_val_00018922,features.7.0,37,0.22523197457194327
600,0.6,ILSVRC2012_val_00018922,features.7.1,38,0.2262842670083046
600,0.6,ILSVRC2012_val_00018922,features.7.2,39,0.22419485710561277
600,0.6,ILSVRC2012_val_00018922,classifier,40,0.6236743658781052
600,0.6,ILSVRC2012_val_00025924,features.0,0,0.12571132984012365
600,0.6,ILSVRC2012_val_00025924,features.1.0,1,0.14018971361219884
600,0.6,ILSVRC2012_val_00025924,features.1.1,2,0.13238712288439275
600,0.6,ILSVRC2012_val_00025924,features.1.2,3,0.10584585666656494
600,0.6,ILSVRC2012_val_00025924,features.2,4,0.10813650600612164
600,0.6,ILSVRC2012_val_00025924,features.3.0,5,0.10348672717809677
600,0.6,ILSVRC2012_val_00025924,features.3.1,6,0.09804575033485889
600,0.6,ILSVRC2012_val_00025924,features.3.2,7,0.08390535376965999
600,0.6,ILSVRC2012_val_00025924,features.4,8,0.13742618225514888
600,0.6,ILSVRC2012_val_00025924,features.5.0,9,0.13302060291171075
600,0.6,ILSVRC2012_val_00025924,features.5.1,10,0.12851012982428073
600,0.6,ILSVRC2012_val_00025924,features.5.2,11,0.1282699003815651
600,0.6,ILSVRC2012_val_00025924,features.5.3,12,0.12773539908230305
600,0.6,ILSVRC2012_val_00025924,features.5.4,13,0.12982826717197896
600,0.6,ILSVRC2012_val_00025924,features.5.5,14,0.1344489950686693
600,0.6,ILSVRC2012_val_00025924,features.5.6,15,0.13290983103215695
600,0.6,ILSVRC2012_val_00025924,features.5.7,16,0.13411789946258068
600,0.6,ILSVRC2012_val_00025924,features.5.8,17,0.13364282585680484
600,0.6,ILSVRC2012_val_00025924,features.5.9,18,0.13419931642711164
600,0.6,ILSVRC2012_val_00025924,features.5.10,19,0.13159477896988392
600,0.6,ILSVRC2012_val_00025924,features.5.11,20,0.12368345037102699
600,0.6,ILSVRC2012_val_00025924,features.5.12,21,0.11781465969979762
600,0.6,ILSVRC2012_val_00025924,features.5.13,22,0.11733187437057495
600,0.6,ILSVRC2012_val_00025924,features.5.14,23,0.11364577263593674
600,0.6,ILSVRC2012_val_00025924,features.5.15,24,0.11090106964111328
600,0.6,ILSVRC2012_val_00025924,features.5.16,25,0.1072444386780262
600,0.6,ILSVRC2012_val_00025924,features.5.17,26,0.10290310233831405
600,0.6,ILSVRC2012_val_00025924,features.5.18,27,0.10080276504158973
600,0.6,ILSVRC2012_val_00025924,features.5.19,28,0.09925045147538185
600,0.6,ILSVRC2012_val_00025924,features.5.20,29,0.09697478786110877
600,0.6,ILSVRC2012_val_00025924,features.5.21,30,0.09693812169134616
600,0.6,ILSVRC2012_val_00025924,features.5.22,31,0.09685929529368878
600,0.6,ILSVRC2012_val_00025924,features.5.23,32,0.0973454810678959
600,0.6,ILSVRC2012_val_00025924,features.5.24,33,0.09827860593795776
600,0.6,ILSVRC2012_val_00025924,features.5.25,34,0.10026853047311306
600,0.6,ILSVRC2012_val_00025924,features.5.26,35,0.09942486695945263
600,0.6,ILSVRC2012_val_00025924,features.6,36,0.1022768583148718
600,0.6,ILSVRC2012_val_00025924,features.7.0,37,0.10088480096310377
600,0.6,ILSVRC2012_val_00025924,features.7.1,38,0.09642692869529128
600,0.6,ILSVRC2012_val_00025924,features.7.2,39,0.09074385771527886
600,0.6,ILSVRC2012_val_00025924,classifier,40,0.15287109827622772
600,0.6,ILSVRC2012_val_00027450,features.0,0,0.11826834231615066
600,0.6,ILSVRC2012_val_00027450,features.1.0,1,0.18058428838849067
600,0.6,ILSVRC2012_val_00027450,features.1.1,2,0.15820870585739613
600,0.6,ILSVRC2012_val_00027450,features.1.2,3,0.13447265662252902
600,0.6,ILSVRC2012_val_00027450,features.2,4,0.14290166459977627
600,0.6,ILSVRC2012_val_00027450,features.3.0,5,0.13814832381904124
600,0.6,ILSVRC2012_val_00027450,features.3.1,6,0.13236607573926448
600,0.6,ILSVRC2012_val_00027450,features.3.2,7,0.12640044651925564
600,0.6,ILSVRC2012_val_00027450,features.4,8,0.2060432806611061
600,0.6,ILSVRC2012_val_00027450,features.5.0,9,0.19678912833333015
600,0.6,ILSVRC2012_val_00027450,features.5.1,10,0.19100875928997993
600,0.6,ILSVRC2012_val_00027450,features.5.2,11,0.19330077506601812
600,0.6,ILSVRC2012_val_00027450,features.5.3,12,0.1915120493620634
600,0.6,ILSVRC2012_val_00027450,features.5.4,13,0.20235136896371841
600,0.6,ILSVRC2012_val_00027450,features.5.5,14,0.2051846541464329
600,0.6,ILSVRC2012_val_00027450,features.5.6,15,0.19695767983794213
600,0.6,ILSVRC2012_val_00027450,features.5.7,16,0.19727502763271332
600,0.6,ILSVRC2012_val_00027450,features.5.8,17,0.19752662368118762
600,0.6,ILSVRC2012_val_00027450,features.5.9,18,0.19588805809617044
600,0.6,ILSVRC2012_val_00027450,features.5.10,19,0.19705074951052665
600,0.6,ILSVRC2012_val_00027450,features.5.11,20,0.19244543462991714
600,0.6,ILSVRC2012_val_00027450,features.5.12,21,0.18157843314111233
600,0.6,ILSVRC2012_val_00027450,features.5.13,22,0.18031943440437317
600,0.6,ILSVRC2012_val_00027450,features.5.14,23,0.17798050083220004
600,0.6,ILSVRC2012_val_00027450,features.5.15,24,0.17467610649764537
600,0.6,ILSVRC2012_val_00027450,features.5.16,25,0.17255633547902108
600,0.6,ILSVRC2012_val_00027450,features.5.17,26,0.1681459177285433
600,0.6,ILSVRC2012_val_00027450,features.5.18,27,0.17031713016331196
600,0.6,ILSVRC2012_val_00027450,features.5.19,28,0.17040276005864144
600,0.6,ILSVRC2012_val_00027450,features.5.20,29,0.1708388149738312
600,0.6,ILSVRC2012_val_00027450,features.5.21,30,0.17259468473494052
600,0.6,ILSVRC2012_val_00027450,features.5.22,31,0.17259073480963708
600,0.6,ILSVRC2012_val_00027450,features.5.23,32,0.1755193468183279
600,0.6,ILSVRC2012_val_00027450,features.5.24,33,0.1813960772007704
600,0.6,ILSVRC2012_val_00027450,features.5.25,34,0.18988044001162052
600,0.6,ILSVRC2012_val_00027450,features.5.26,35,0.19679445251822472
600,0.6,ILSVRC2012_val_00027450,features.6,36,0.20850108079612256
600,0.6,ILSVRC2012_val_00027450,features.7.0,37,0.2068004708737135
600,0.6,ILSVRC2012_val_00027450,features.7.1,38,0.20979382712393999
600,0.6,ILSVRC2012_val_00027450,features.7.2,39,0.21064421087503432
600,0.6,ILSVRC2012_val_00027450,classifier,40,0.49850512519478796
600,0.6,ILSVRC2012_val_00029063,features.0,0,0.08290052618831396
600,0.6,ILSVRC2012_val_00029063,features.1.0,1,0.14683376699686052
600,0.6,ILSVRC2012_val_00029063,features.1.1,2,0.14184563383460044
600,0.6,ILSVRC2012_val_00029063,features.1.2,3,0.12320859357714653
600,0.6,ILSVRC2012_val_00029063,features.2,4,0.14032862707972527
600,0.6,ILSVRC2012_val_00029063,features.3.0,5,0.13969838097691537
600,0.6,ILSVRC2012_val_00029063,features.3.1,6,0.13339208848774434
600,0.6,ILSVRC2012_val_00029063,features.3.2,7,0.1261962868273258
600,0.6,ILSVRC2012_val_00029063,features.4,8,0.20879180245101453
600,0.6,ILSVRC2012_val_00029063,features.5.0,9,0.20761834047734737
600,0.6,ILSVRC2012_val_00029063,features.5.1,10,0.20949057824909686
600,0.6,ILSVRC2012_val_00029063,features.5.2,11,0.21763284951448442
600,0.6,ILSVRC2012_val_00029063,features.5.3,12,0.22096195295453072
600,0.6,ILSVRC2012_val_00029063,features.5.4,13,0.2291485160589218
600,0.6,ILSVRC2012_val_00029063,features.5.5,14,0.2370974186807871
600,0.6,ILSVRC2012_val_00029063,features.5.6,15,0.23569673858582973
600,0.6,ILSVRC2012_val_00029063,features.5.7,16,0.23973964974284173
600,0.6,ILSVRC2012_val_00029063,features.5.8,17,0.23629195652902127
600,0.6,ILSVRC2012_val_00029063,features.5.9,18,0.23747495114803313
600,0.6,ILSVRC2012_val_00029063,features.5.10,19,0.23582215346395968
600,0.6,ILSVRC2012_val_00029063,features.5.11,20,0.22656799331307412
600,0.6,ILSVRC2012_val_00029063,features.5.12,21,0.21811865344643594
600,0.6,ILSVRC2012_val_00029063,features.5.13,22,0.21830179393291474
600,0.6,ILSVRC2012_val_00029063,features.5.14,23,0.21661228202283384
600,0.6,ILSVRC2012_val_00029063,features.5.15,24,0.2180980086326599
600,0.6,ILSVRC2012_val_00029063,features.5.16,25,0.21259694546461105
600,0.6,ILSVRC2012_val_00029063,features.5.17,26,0.2083704210817814
600,0.6,ILSVRC2012_val_00029063,features.5.18,27,0.20716851614415646
600,0.6,ILSVRC2012_val_00029063,features.5.19,28,0.20668911188840866
600,0.6,ILSVRC2012_val_00029063,features.5.20,29,0.20456447936594485
600,0.6,ILSVRC2012_val_00029063,features.5.21,30,0.21169933937489988
600,0.6,ILSVRC2012_val_00029063,features.5.22,31,0.2152098547667265
600,0.6,ILSVRC2012_val_00029063,features.5.23,32,0.2202538039535284
600,0.6,ILSVRC2012_val_00029063,features.5.24,33,0.23469334058463573
600,0.6,ILSVRC2012_val_00029063,features.5.25,34,0.24928905870765447
600,0.6,ILSVRC2012_val_00029063,features.5.26,35,0.25946081783622504
600,0.6,ILSVRC2012_val_00029063,features.6,36,0.35063801184296606
600,0.6,ILSVRC2012_val_00029063,features.7.0,37,0.35193133912980556
600,0.6,ILSVRC2012_val_00029063,features.7.1,38,0.3589022677391768
600,0.6,ILSVRC2012_val_00029063,features.7.2,39,0.36299742218106984
600,0.6,ILSVRC2012_val_00029063,classifier,40,0.5865183584392071
600,0.6,ILSVRC2012_val_00030419,features.0,0,0.09130241461098194
600,0.6,ILSVRC2012_val_00030419,features.1.0,1,0.16684555113315583
600,0.6,ILSVRC2012_val_00030419,features.1.1,2,0.15686861872673036
600,0.6,ILSVRC2012_val_00030419,features.1.2,3,0.11955189071595669
600,0.6,ILSVRC2012_val_00030419,features.2,4,0.13028921596705914
600,0.6,ILSVRC2012_val_00030419,features.3.0,5,0.13860594779253005
600,0.6,ILSVRC2012_val_00030419,features.3.1,6,0.13898961581289768
600,0.6,ILSVRC2012_val_00030419,features.3.2,7,0.12880619876086713
600,0.6,ILSVRC2012_val_00030419,features.4,8,0.2292719677090645
600,0.6,ILSVRC2012_val_00030419,features.5.0,9,0.23078314438462258
600,0.6,ILSVRC2012_val_00030419,features.5.1,10,0.22919880971312523
600,0.6,ILSVRC2012_val_00030419,features.5.2,11,0.24243394061923026
600,0.6,ILSVRC2012_val_00030419,features.5.3,12,0.25477906316518784
600,0.6,ILSVRC2012_val_00030419,features.5.4,13,0.2778896003961563
600,0.6,ILSVRC2012_val_00030419,features.5.5,14,0.2947306476533413
600,0.6,ILSVRC2012_val_00030419,features.5.6,15,0.29782093688845634
600,0.6,ILSVRC2012_val_00030419,features.5.7,16,0.30168623477220535
600,0.6,ILSVRC2012_val_00030419,features.5.8,17,0.30450020357966423
600,0.6,ILSVRC2012_val_00030419,features.5.9,18,0.30600726753473284
600,0.6,ILSVRC2012_val_00030419,features.5.10,19,0.30483872890472413
600,0.6,ILSVRC2012_val_00030419,features.5.11,20,0.29433187991380694
600,0.6,ILSVRC2012_val_00030419,features.5.12,21,0.28418007791042327
600,0.6,ILSVRC2012_val_00030419,features.5.13,22,0.28343916982412337
600,0.6,ILSVRC2012_val_00030419,features.5.14,23,0.2827260732650757
600,0.6,ILSVRC2012_val_00030419,features.5.15,24,0.27900889962911607
600,0.6,ILSVRC2012_val_00030419,features.5.16,25,0.2764847621321678
600,0.6,ILSVRC2012_val_00030419,features.5.17,26,0.2680751301348209
600,0.6,ILSVRC2012_val_00030419,features.5.18,27,0.26891148909926416
600,0.6,ILSVRC2012_val_00030419,features.5.19,28,0.2716404445469379
600,0.6,ILSVRC2012_val_00030419,features.5.20,29,0.27009012922644615
600,0.6,ILSVRC2012_val_00030419,features.5.21,30,0.27347381636500356
600,0.6,ILSVRC2012_val_00030419,features.5.22,31,0.27812808454036714
600,0.6,ILSVRC2012_val_00030419,features.5.23,32,0.2822722434997559
600,0.6,ILSVRC2012_val_00030419,features.5.24,33,0.29490279629826543
600,0.6,ILSVRC2012_val_00030419,features.5.25,34,0.30701444745063783
600,0.6,ILSVRC2012_val_00030419,features.5.26,35,0.31645261123776436
600,0.6,ILSVRC2012_val_00030419,features.6,36,0.3731599271297455
600,0.6,ILSVRC2012_val_00030419,features.7.0,37,0.3754403181374073
600,0.6,ILSVRC2012_val_00030419,features.7.1,38,0.3874344006180763
600,0.6,ILSVRC2012_val_00030419,features.7.2,39,0.3933254037052393
600,0.6,ILSVRC2012_val_00030419,classifier,40,0.6082724764943123
600,0.6,ILSVRC2012_val_00030425,features.0,0,0.41979519054293635
600,0.6,ILSVRC2012_val_00030425,features.1.0,1,0.28568301126360895
600,0.6,ILSVRC2012_val_00030425,features.1.1,2,0.23905856907367706
600,0.6,ILSVRC2012_val_00030425,features.1.2,3,0.198592172563076
600,0.6,ILSVRC2012_val_00030425,features.2,4,0.15168154314160348
600,0.6,ILSVRC2012_val_00030425,features.3.0,5,0.13118788823485375
600,0.6,ILSVRC2012_val_00030425,features.3.1,6,0.11529796198010445
600,0.6,ILSVRC2012_val_00030425,features.3.2,7,0.09491054117679595
600,0.6,ILSVRC2012_val_00030425,features.4,8,0.1594971887767315
600,0.6,ILSVRC2012_val_00030425,features.5.0,9,0.1464337483048439
600,0.6,ILSVRC2012_val_00030425,features.5.1,10,0.13221488445997237
600,0.6,ILSVRC2012_val_00030425,features.5.2,11,0.12220455668866634
600,0.6,ILSVRC2012_val_00030425,features.5.3,12,0.11340286880731583
600,0.6,ILSVRC2012_val_00030425,features.5.4,13,0.11034594215452671
600,0.6,ILSVRC2012_val_00030425,features.5.5,14,0.109223048761487
600,0.6,ILSVRC2012_val_00030425,features.5.6,15,0.10316911078989506
600,0.6,ILSVRC2012_val_00030425,features.5.7,16,0.09823742341250181
600,0.6,ILSVRC2012_val_00030425,features.5.8,17,0.09523566402494907
600,0.6,ILSVRC2012_val_00030425,features.5.9,18,0.0927442591637373
600,0.6,ILSVRC2012_val_00030425,features.5.10,19,0.09001786932349205
600,0.6,ILSVRC2012_val_00030425,features.5.11,20,0.08594698868691922
600,0.6,ILSVRC2012_val_00030425,features.5.12,21,0.08337381277233362
600,0.6,ILSVRC2012_val_00030425,features.5.13,22,0.08088355641812087
600,0.6,ILSVRC2012_val_00030425,features.5.14,23,0.07977166678756475
600,0.6,ILSVRC2012_val_00030425,features.5.15,24,0.07652147747576236
600,0.6,ILSVRC2012_val_00030425,features.5.16,25,0.07489382065832614
600,0.6,ILSVRC2012_val_00030425,features.5.17,26,0.07406914550811053
600,0.6,ILSVRC2012_val_00030425,features.5.18,27,0.07434917241334915
600,0.6,ILSVRC2012_val_00030425,features.5.19,28,0.07459338530898094
600,0.6,ILSVRC2012_val_00030425,features.5.20,29,0.07378548625856637
600,0.6,ILSVRC2012_val_00030425,features.5.21,30,0.07397897485643626
600,0.6,ILSVRC2012_val_00030425,features.5.22,31,0.07369771488010883
600,0.6,ILSVRC2012_val_00030425,features.5.23,32,0.0740561919286847
600,0.6,ILSVRC2012_val_00030425,features.5.24,33,0.076336002163589
600,0.6,ILSVRC2012_val_00030425,features.5.25,34,0.07730489950627088
600,0.6,ILSVRC2012_val_00030425,features.5.26,35,0.07791437711566687
600,0.6,ILSVRC2012_val_00030425,features.6,36,0.07009253688156605
600,0.6,ILSVRC2012_val_00030425,features.7.0,37,0.06706550400704145
600,0.6,ILSVRC2012_val_00030425,features.7.1,38,0.0633349483832717
600,0.6,ILSVRC2012_val_00030425,features.7.2,39,0.06109470250084996
600,0.6,ILSVRC2012_val_00030425,classifier,40,0.16710640359669923
600,0.6,ILSVRC2012_val_00035318,features.0,0,0.22385749146342276
600,0.6,ILSVRC2012_val_00035318,features.1.0,1,0.3792074114084244
600,0.6,ILSVRC2012_val_00035318,features.1.1,2,0.314127279818058
600,0.6,ILSVRC2012_val_00035318,features.1.2,3,0.26717194989323617
600,0.6,ILSVRC2012_val_00035318,features.2,4,0.2754769042134285
600,0.6,ILSVRC2012_val_00035318,features.3.0,5,0.26011996567249296
600,0.6,ILSVRC2012_val_00035318,features.3.1,6,0.24283165112137794
600,0.6,ILSVRC2012_val_00035318,features.3.2,7,0.254390362650156
600,0.6,ILSVRC2012_val_00035318,features.4,8,0.3201201371848583
600,0.6,ILSVRC2012_val_00035318,features.5.0,9,0.31316697150468825
600,0.6,ILSVRC2012_val_00035318,features.5.1,10,0.3000401772558689
600,0.6,ILSVRC2012_val_00035318,features.5.2,11,0.3010376825928688
600,0.6,ILSVRC2012_val_00035318,features.5.3,12,0.3000513590872288
600,0.6,ILSVRC2012_val_00035318,features.5.4,13,0.3110488995909691
600,0.6,ILSVRC2012_val_00035318,features.5.5,14,0.31564770489931104
600,0.6,ILSVRC2012_val_00035318,features.5.6,15,0.30792431384325025
600,0.6,ILSVRC2012_val_00035318,features.5.7,16,0.307644185423851
600,0.6,ILSVRC2012_val_00035318,features.5.8,17,0.3118757911026478
600,0.6,ILSVRC2012_val_00035318,features.5.9,18,0.3085756659507751
600,0.6,ILSVRC2012_val_00035318,features.5.10,19,0.3001302771270275
600,0.6,ILSVRC2012_val_00035318,features.5.11,20,0.2852682039141655
600,0.6,ILSVRC2012_val_00035318,features.5.12,21,0.26943655163049696
600,0.6,ILSVRC2012_val_00035318,features.5.13,22,0.2664157174527645
600,0.6,ILSVRC2012_val_00035318,features.5.14,23,0.26315796971321104
600,0.6,ILSVRC2012_val_00035318,features.5.15,24,0.2562791213393211
600,0.6,ILSVRC2012_val_00035318,features.5.16,25,0.2531160831451416
600,0.6,ILSVRC2012_val_00035318,features.5.17,26,0.25191134214401245
600,0.6,ILSVRC2012_val_00035318,features.5.18,27,0.2529531575739384
600,0.6,ILSVRC2012_val_00035318,features.5.19,28,0.25746447741985323
600,0.6,ILSVRC2012_val_00035318,features.5.20,29,0.25993503630161285
600,0.6,ILSVRC2012_val_00035318,features.5.21,30,0.2695897579193115
600,0.6,ILSVRC2012_val_00035318,features.5.22,31,0.2730041705071926
600,0.6,ILSVRC2012_val_00035318,features.5.23,32,0.27775865867733956
600,0.6,ILSVRC2012_val_00035318,features.5.24,33,0.2872151643037796
600,0.6,ILSVRC2012_val_00035318,features.5.25,34,0.3004466019570827
600,0.6,ILSVRC2012_val_00035318,features.5.26,35,0.3085451066493988
600,0.6,ILSVRC2012_val_00035318,features.6,36,0.34515912383794783
600,0.6,ILSVRC2012_val_00035318,features.7.0,37,0.3402658268809319
600,0.6,ILSVRC2012_val_00035318,features.7.1,38,0.3388067580759525
600,0.6,ILSVRC2012_val_00035318,features.7.2,39,0.33882937878370284
600,0.6,ILSVRC2012_val_00035318,classifier,40,0.6322096645832062
600,0.6,ILSVRC2012_val_00035574,features.0,0,0.18172166422009467
600,0.6,ILSVRC2012_val_00035574,features.1.0,1,0.19081660658121108
600,0.6,ILSVRC2012_val_00035574,features.1.1,2,0.1652859441936016
600,0.6,ILSVRC2012_val_00035574,features.1.2,3,0.13601818792521952
600,0.6,ILSVRC2012_val_00035574,features.2,4,0.14231771603226662
600,0.6,ILSVRC2012_val_00035574,features.3.0,5,0.13240151591598986
600,0.6,ILSVRC2012_val_00035574,features.3.1,6,0.12347804084420204
600,0.6,ILSVRC2012_val_00035574,features.3.2,7,0.11533804014325141
600,0.6,ILSVRC2012_val_00035574,features.4,8,0.17505301237106324
600,0.6,ILSVRC2012_val_00035574,features.5.0,9,0.16718780770897865
600,0.6,ILSVRC2012_val_00035574,features.5.1,10,0.1549488577991724
600,0.6,ILSVRC2012_val_00035574,features.5.2,11,0.14753804057836534
600,0.6,ILSVRC2012_val_00035574,features.5.3,12,0.1404548477381468
600,0.6,ILSVRC2012_val_00035574,features.5.4,13,0.13663174845278264
600,0.6,ILSVRC2012_val_00035574,features.5.5,14,0.13336725383996964
600,0.6,ILSVRC2012_val_00035574,features.5.6,15,0.12456723414361477
600,0.6,ILSVRC2012_val_00035574,features.5.7,16,0.12193892449140549
600,0.6,ILSVRC2012_val_00035574,features.5.8,17,0.1182293388992548
600,0.6,ILSVRC2012_val_00035574,features.5.9,18,0.11643381826579571
600,0.6,ILSVRC2012_val_00035574,features.5.10,19,0.11179340928792954
600,0.6,ILSVRC2012_val_00035574,features.5.11,20,0.10521257929503917
600,0.6,ILSVRC2012_val_00035574,features.5.12,21,0.10022814143449069
600,0.6,ILSVRC2012_val_00035574,features.5.13,22,0.09900352470576763
600,0.6,ILSVRC2012_val_00035574,features.5.14,23,0.09751482233405113
600,0.6,ILSVRC2012_val_00035574,features.5.15,24,0.09509953409433365
600,0.6,ILSVRC2012_val_00035574,features.5.16,25,0.09291495382785797
600,0.6,ILSVRC2012_val_00035574,features.5.17,26,0.08879888616502285
600,0.6,ILSVRC2012_val_00035574,features.5.18,27,0.08798528648912907
600,0.6,ILSVRC2012_val_00035574,features.5.19,28,0.08802102878689766
600,0.6,ILSVRC2012_val_00035574,features.5.20,29,0.08488749731332064
600,0.6,ILSVRC2012_val_00035574,features.5.21,30,0.08346763029694557
600,0.6,ILSVRC2012_val_00035574,features.5.22,31,0.08155694343149662
600,0.6,ILSVRC2012_val_00035574,features.5.23,32,0.08104007057845593
600,0.6,ILSVRC2012_val_00035574,features.5.24,33,0.0794188367202878
600,0.6,ILSVRC2012_val_00035574,features.5.25,34,0.07889190819114447
600,0.6,ILSVRC2012_val_00035574,features.5.26,35,0.0773858418688178
600,0.6,ILSVRC2012_val_00035574,features.6,36,0.06212731674313545
600,0.6,ILSVRC2012_val_00035574,features.7.0,37,0.06154553946107626
600,0.6,ILSVRC2012_val_00035574,features.7.1,38,0.05818743919953704
600,0.6,ILSVRC2012_val_00035574,features.7.2,39,0.05427482407540083
600,0.6,ILSVRC2012_val_00035574,classifier,40,0.15371037125587464
600,0.6,ILSVRC2012_val_00036158,features.0,0,0.09713854752480984
600,0.6,ILSVRC2012_val_00036158,features.1.0,1,0.11765194637700915
600,0.6,ILSVRC2012_val_00036158,features.1.1,2,0.12550279553979635
600,0.6,ILSVRC2012_val_00036158,features.1.2,3,0.10131982192397118
600,0.6,ILSVRC2012_val_00036158,features.2,4,0.09997130413539708
600,0.6,ILSVRC2012_val_00036158,features.3.0,5,0.10399802215397358
600,0.6,ILSVRC2012_val_00036158,features.3.1,6,0.1013951402157545
600,0.6,ILSVRC2012_val_00036158,features.3.2,7,0.0900763813406229
600,0.6,ILSVRC2012_val_00036158,features.4,8,0.17068529780954123
600,0.6,ILSVRC2012_val_00036158,features.5.0,9,0.1681041169911623
600,0.6,ILSVRC2012_val_00036158,features.5.1,10,0.15872077271342278
600,0.6,ILSVRC2012_val_00036158,features.5.2,11,0.16193948462605476
600,0.6,ILSVRC2012_val_00036158,features.5.3,12,0.16447754502296447
600,0.6,ILSVRC2012_val_00036158,features.5.4,13,0.16808929592370986
600,0.6,ILSVRC2012_val_00036158,features.5.5,14,0.1704884383827448
600,0.6,ILSVRC2012_val_00036158,features.5.6,15,0.1694803923368454
600,0.6,ILSVRC2012_val_00036158,features.5.7,16,0.16632146295160055
600,0.6,ILSVRC2012_val_00036158,features.5.8,17,0.1636955352500081
600,0.6,ILSVRC2012_val_00036158,features.5.9,18,0.1605394795536995
600,0.6,ILSVRC2012_val_00036158,features.5.10,19,0.15672309547662736
600,0.6,ILSVRC2012_val_00036158,features.5.11,20,0.1476264253258705
600,0.6,ILSVRC2012_val_00036158,features.5.12,21,0.1438052596524358
600,0.6,ILSVRC2012_val_00036158,features.5.13,22,0.14324981737881898
600,0.6,ILSVRC2012_val_00036158,features.5.14,23,0.1407599987462163
600,0.6,ILSVRC2012_val_00036158,features.5.15,24,0.13885545767843724
600,0.6,ILSVRC2012_val_00036158,features.5.16,25,0.13588131479918958
600,0.6,ILSVRC2012_val_00036158,features.5.17,26,0.13335914798080922
600,0.6,ILSVRC2012_val_00036158,features.5.18,27,0.1327162528410554
600,0.6,ILSVRC2012_val_00036158,features.5.19,28,0.1301533281803131
600,0.6,ILSVRC2012_val_00036158,features.5.20,29,0.12999676186591386
600,0.6,ILSVRC2012_val_00036158,features.5.21,30,0.12907220646739007
600,0.6,ILSVRC2012_val_00036158,features.5.22,31,0.1292146250605583
600,0.6,ILSVRC2012_val_00036158,features.5.23,32,0.12934177611023187
600,0.6,ILSVRC2012_val_00036158,features.5.24,33,0.12711572013795375
600,0.6,ILSVRC2012_val_00036158,features.5.25,34,0.12908040992915631
600,0.6,ILSVRC2012_val_00036158,features.5.26,35,0.12923077661544086
600,0.6,ILSVRC2012_val_00036158,features.6,36,0.11935245068743824
600,0.6,ILSVRC2012_val_00036158,features.7.0,37,0.11928849769756197
600,0.6,ILSVRC2012_val_00036158,features.7.1,38,0.11913205040618777
600,0.6,ILSVRC2012_val_00036158,features.7.2,39,0.11675263515207916
600,0.6,ILSVRC2012_val_00036158,classifier,40,0.23585704006254674
600,0.6,ILSVRC2012_val_00041330,features.0,0,0.07502080798149109
600,0.6,ILSVRC2012_val_00041330,features.1.0,1,0.15678012371063232
600,0.6,ILSVRC2012_val_00041330,features.1.1,2,0.1326993215829134
600,0.6,ILSVRC2012_val_00041330,features.1.2,3,0.11250352449715137
600,0.6,ILSVRC2012_val_00041330,features.2,4,0.12254005782306195
600,0.6,ILSVRC2012_val_00041330,features.3.0,5,0.11876936219632625
600,0.6,ILSVRC2012_val_00041330,features.3.1,6,0.11197375506162643
600,0.6,ILSVRC2012_val_00041330,features.3.2,7,0.11064038909971714
600,0.6,ILSVRC2012_val_00041330,features.4,8,0.18295920006930827
600,0.6,ILSVRC2012_val_00041330,features.5.0,9,0.16687233559787273
600,0.6,ILSVRC2012_val_00041330,features.5.1,10,0.15877205282449722
600,0.6,ILSVRC2012_val_00041330,features.5.2,11,0.15887434482574464
600,0.6,ILSVRC2012_val_00041330,features.5.3,12,0.16965229362249373
600,0.6,ILSVRC2012_val_00041330,features.5.4,13,0.186714331805706
600,0.6,ILSVRC2012_val_00041330,features.5.5,14,0.18947906866669656
600,0.6,ILSVRC2012_val_00041330,features.5.6,15,0.18385677188634872
600,0.6,ILSVRC2012_val_00041330,features.5.7,16,0.18071331642568111
600,0.6,ILSVRC2012_val_00041330,features.5.8,17,0.1863852046430111
600,0.6,ILSVRC2012_val_00041330,features.5.9,18,0.18443209305405617
600,0.6,ILSVRC2012_val_00041330,features.5.10,19,0.1818248849362135
600,0.6,ILSVRC2012_val_00041330,features.5.11,20,0.1791970644146204
600,0.6,ILSVRC2012_val_00041330,features.5.12,21,0.17440971173346043
600,0.6,ILSVRC2012_val_00041330,features.5.13,22,0.16982449777424335
600,0.6,ILSVRC2012_val_00041330,features.5.14,23,0.17294022850692273
600,0.6,ILSVRC2012_val_00041330,features.5.15,24,0.16753106135874987
600,0.6,ILSVRC2012_val_00041330,features.5.16,25,0.16525685116648675
600,0.6,ILSVRC2012_val_00041330,features.5.17,26,0.1584779703989625
600,0.6,ILSVRC2012_val_00041330,features.5.18,27,0.1629155684262514
600,0.6,ILSVRC2012_val_00041330,features.5.19,28,0.16294083259999753
600,0.6,ILSVRC2012_val_00041330,features.5.20,29,0.16068257726728916
600,0.6,ILSVRC2012_val_00041330,features.5.21,30,0.16072582714259626
600,0.6,ILSVRC2012_val_00041330,features.5.22,31,0.15914446022361517
600,0.6,ILSVRC2012_val_00041330,features.5.23,32,0.16208919193595647
600,0.6,ILSVRC2012_val_00041330,features.5.24,33,0.1583596421405673
600,0.6,ILSVRC2012_val_00041330,features.5.25,34,0.16007326766848565
600,0.6,ILSVRC2012_val_00041330,features.5.26,35,0.1613964384421706
600,0.6,ILSVRC2012_val_00041330,features.6,36,0.11867504240944982
600,0.6,ILSVRC2012_val_00041330,features.7.0,37,0.11766298990696669
600,0.6,ILSVRC2012_val_00041330,features.7.1,38,0.11337466333061456
600,0.6,ILSVRC2012_val_00041330,features.7.2,39,0.10697942720726132
600,0.6,ILSVRC2012_val_00041330,classifier,40,0.323650898039341
600,0.6,ILSVRC2012_val_00048463,features.0,0,0.10621717106550932
600,0.6,ILSVRC2012_val_00048463,features.1.0,1,0.14441357366740704
600,0.6,ILSVRC2012_val_00048463,features.1.1,2,0.14519671387970448
600,0.6,ILSVRC2012_val_00048463,features.1.2,3,0.12786106988787652
600,0.6,ILSVRC2012_val_00048463,features.2,4,0.114154739305377
600,0.6,ILSVRC2012_val_00048463,features.3.0,5,0.1152095414698124
600,0.6,ILSVRC2012_val_00048463,features.3.1,6,0.11302040182054043
600,0.6,ILSVRC2012_val_00048463,features.3.2,7,0.10305928215384483
600,0.6,ILSVRC2012_val_00048463,features.4,8,0.1722078375518322
600,0.6,ILSVRC2012_val_00048463,features.5.0,9,0.16941009983420371
600,0.6,ILSVRC2012_val_00048463,features.5.1,10,0.1596740860491991
600,0.6,ILSVRC2012_val_00048463,features.5.2,11,0.1587687499821186
600,0.6,ILSVRC2012_val_00048463,features.5.3,12,0.15789172649383545
600,0.6,ILSVRC2012_val_00048463,features.5.4,13,0.16409962996840477
600,0.6,ILSVRC2012_val_00048463,features.5.5,14,0.16913252212107183
600,0.6,ILSVRC2012_val_00048463,features.5.6,15,0.16835328787565232
600,0.6,ILSVRC2012_val_00048463,features.5.7,16,0.1673449892550707
600,0.6,ILSVRC2012_val_00048463,features.5.8,17,0.16672030799090862
600,0.6,ILSVRC2012_val_00048463,features.5.9,18,0.16583484783768654
600,0.6,ILSVRC2012_val_00048463,features.5.10,19,0.16294451467692853
600,0.6,ILSVRC2012_val_00048463,features.5.11,20,0.15490814819931983
600,0.6,ILSVRC2012_val_00048463,features.5.12,21,0.1524901907891035
600,0.6,ILSVRC2012_val_00048463,features.5.13,22,0.15124237388372422
600,0.6,ILSVRC2012_val_00048463,features.5.14,23,0.1503746060654521
600,0.6,ILSVRC2012_val_00048463,features.5.15,24,0.1486273655667901
600,0.6,ILSVRC2012_val_00048463,features.5.16,25,0.14663266614079476
600,0.6,ILSVRC2012_val_00048463,features.5.17,26,0.14371003527194262
600,0.6,ILSVRC2012_val_00048463,features.5.18,27,0.14510638024657965
600,0.6,ILSVRC2012_val_00048463,features.5.19,28,0.14903142638504505
600,0.6,ILSVRC2012_val_00048463,features.5.20,29,0.1507034905254841
600,0.6,ILSVRC2012_val_00048463,features.5.21,30,0.15482082236558198
600,0.6,ILSVRC2012_val_00048463,features.5.22,31,0.15779541786760093
600,0.6,ILSVRC2012_val_00048463,features.5.23,32,0.16422420144081115
600,0.6,ILSVRC2012_val_00048463,features.5.24,33,0.17299786806106568
600,0.6,ILSVRC2012_val_00048463,features.5.25,34,0.18287363052368164
600,0.6,ILSVRC2012_val_00048463,features.5.26,35,0.19012122377753257
600,0.6,ILSVRC2012_val_00048463,features.6,36,0.22747610546648503
600,0.6,ILSVRC2012_val_00048463,features.7.0,37,0.22867392525076866
600,0.6,ILSVRC2012_val_00048463,features.7.1,38,0.23072647508233785
600,0.6,ILSVRC2012_val_00048463,features.7.2,39,0.22966991793364286
600,0.6,ILSVRC2012_val_00048463,classifier,40,0.3873359479010105
800,0.8,ILSVRC2012_val_00000487,features.0,0,0.041618259623646736
800,0.8,ILSVRC2012_val_00000487,features.1.0,1,0.06453460454940796
800,0.8,ILSVRC2012_val_00000487,features.1.1,2,0.07017137855291367
800,0.8,ILSVRC2012_val_00000487,features.1.2,3,0.05662082899361849
800,0.8,ILSVRC2012_val_00000487,features.2,4,0.057883872836828235
800,0.8,ILSVRC2012_val_00000487,features.3.0,5,0.05241502700373531
800,0.8,ILSVRC2012_val_00000487,features.3.1,6,0.04757210211828351
800,0.8,ILSVRC2012_val_00000487,features.3.2,7,0.04164100028574467
800,0.8,ILSVRC2012_val_00000487,features.4,8,0.06735940780490637
800,0.8,ILSVRC2012_val_00000487,features.5.0,9,0.06230345210060477
800,0.8,ILSVRC2012_val_00000487,features.5.1,10,0.056073672510683535
800,0.8,ILSVRC2012_val_00000487,features.5.2,11,0.05355864055454731
800,0.8,ILSVRC2012_val_00000487,features.5.3,12,0.05179311959072948
800,0.8,ILSVRC2012_val_00000487,features.5.4,13,0.05001442078500986
800,0.8,ILSVRC2012_val_00000487,features.5.5,14,0.04859022507444024
800,0.8,ILSVRC2012_val_00000487,features.5.6,15,0.0464546013623476
800,0.8,ILSVRC2012_val_00000487,features.5.7,16,0.04525309968739748
800,0.8,ILSVRC2012_val_00000487,features.5.8,17,0.04110449966974557
800,0.8,ILSVRC2012_val_00000487,features.5.9,18,0.03937259241938591
800,0.8,ILSVRC2012_val_00000487,features.5.10,19,0.036357098771259186
800,0.8,ILSVRC2012_val_00000487,features.5.11,20,0.034691208600997926
800,0.8,ILSVRC2012_val_00000487,features.5.12,21,0.03367038681171834
800,0.8,ILSVRC2012_val_00000487,features.5.13,22,0.033055527182295916
800,0.8,ILSVRC2012_val_00000487,features.5.14,23,0.03314663558267057
800,0.8,ILSVRC2012_val_00000487,features.5.15,24,0.031742403469979766
800,0.8,ILSVRC2012_val_00000487,features.5.16,25,0.03211419139988721
800,0.8,ILSVRC2012_val_00000487,features.5.17,26,0.030626115016639234
800,0.8,ILSVRC2012_val_00000487,features.5.18,27,0.031359846144914626
800,0.8,ILSVRC2012_val_00000487,features.5.19,28,0.03150197202339768
800,0.8,ILSVRC2012_val_00000487,features.5.20,29,0.03125974265858531
800,0.8,ILSVRC2012_val_00000487,features.5.21,30,0.03381170714274049
800,0.8,ILSVRC2012_val_00000487,features.5.22,31,0.03496140874922275
800,0.8,ILSVRC2012_val_00000487,features.5.23,32,0.03691069385968149
800,0.8,ILSVRC2012_val_00000487,features.5.24,33,0.03832804942503572
800,0.8,ILSVRC2012_val_00000487,features.5.25,34,0.038873421121388675
800,0.8,ILSVRC2012_val_00000487,features.5.26,35,0.03730622390285134
800,0.8,ILSVRC2012_val_00000487,features.6,36,0.031294266495388
800,0.8,ILSVRC2012_val_00000487,features.7.0,37,0.028913014265708626
800,0.8,ILSVRC2012_val_00000487,features.7.1,38,0.026752398238750176
800,0.8,ILSVRC2012_val_00000487,features.7.2,39,0.023377854644786568
800,0.8,ILSVRC2012_val_00000487,classifier,40,0.06689021079801023
800,0.8,ILSVRC2012_val_00000681,features.0,0,0.10354996435344219
800,0.8,ILSVRC2012_val_00000681,features.1.0,1,0.12345821522176266
800,0.8,ILSVRC2012_val_00000681,features.1.1,2,0.08904627300798892
800,0.8,ILSVRC2012_val_00000681,features.1.2,3,0.07658767718821764
800,0.8,ILSVRC2012_val_00000681,features.2,4,0.0670971568673849
800,0.8,ILSVRC2012_val_00000681,features.3.0,5,0.05936195086687803
800,0.8,ILSVRC2012_val_00000681,features.3.1,6,0.0590614877641201
800,0.8,ILSVRC2012_val_00000681,features.3.2,7,0.0544344374909997
800,0.8,ILSVRC2012_val_00000681,features.4,8,0.07601860519498586
800,0.8,ILSVRC2012_val_00000681,features.5.0,9,0.0699469443410635
800,0.8,ILSVRC2012_val_00000681,features.5.1,10,0.06360262855887414
800,0.8,ILSVRC2012_val_00000681,features.5.2,11,0.06054739877581596
800,0.8,ILSVRC2012_val_00000681,features.5.3,12,0.057569111697375774
800,0.8,ILSVRC2012_val_00000681,features.5.4,13,0.0605088060721755
800,0.8,ILSVRC2012_val_00000681,features.5.5,14,0.058717030473053454
800,0.8,ILSVRC2012_val_00000681,features.5.6,15,0.055186122003942725
800,0.8,ILSVRC2012_val_00000681,features.5.7,16,0.05135787157341838
800,0.8,ILSVRC2012_val_00000681,features.5.8,17,0.05028211008757353
800,0.8,ILSVRC2012_val_00000681,features.5.9,18,0.04770635347813368
800,0.8,ILSVRC2012_val_00000681,features.5.10,19,0.045467148441821335
800,0.8,ILSVRC2012_val_00000681,features.5.11,20,0.043951993249356745
800,0.8,ILSVRC2012_val_00000681,features.5.12,21,0.0424291918054223
800,0.8,ILSVRC2012_val_00000681,features.5.13,22,0.0412579458206892
800,0.8,ILSVRC2012_val_00000681,features.5.14,23,0.04151304736733437
800,0.8,ILSVRC2012_val_00000681,features.5.15,24,0.03943793512880802
800,0.8,ILSVRC2012_val_00000681,features.5.16,25,0.03959515318274498
800,0.8,ILSVRC2012_val_00000681,features.5.17,26,0.03759332112967968
800,0.8,ILSVRC2012_val_00000681,features.5.18,27,0.03847330929711461
800,0.8,ILSVRC2012_val_00000681,features.5.19,28,0.03913883771747351
800,0.8,ILSVRC2012_val_00000681,features.5.20,29,0.03697596536949277
800,0.8,ILSVRC2012_val_00000681,features.5.21,30,0.03439549887552858
800,0.8,ILSVRC2012_val_00000681,features.5.22,31,0.032102464232593775
800,0.8,ILSVRC2012_val_00000681,features.5.23,32,0.03274393668398261
800,0.8,ILSVRC2012_val_00000681,features.5.24,33,0.030344155663624407
800,0.8,ILSVRC2012_val_00000681,features.5.25,34,0.02919334969483316
800,0.8,ILSVRC2012_val_00000681,features.5.26,35,0.026562043512240053
800,0.8,ILSVRC2012_val_00000681,features.6,36,0.029400973115116358
800,0.8,ILSVRC2012_val_00000681,features.7.0,37,0.029631582228466867
800,0.8,ILSVRC2012_val_00000681,features.7.1,38,0.028920262539759278
800,0.8,ILSVRC2012_val_00000681,features.7.2,39,0.025346244731917978
800,0.8,ILSVRC2012_val_00000681,classifier,40,0.07485022954642773
800,0.8,ILSVRC2012_val_00000729,features.0,0,0.06563529120758176
800,0.8,ILSVRC2012_val_00000729,features.1.0,1,0.07804310906212777
800,0.8,ILSVRC2012_val_00000729,features.1.1,2,0.08261017720215022
800,0.8,ILSVRC2012_val_00000729,features.1.2,3,0.07799510722979903
800,0.8,ILSVRC2012_val_00000729,features.2,4,0.05774207729846239
800,0.8,ILSVRC2012_val_00000729,features.3.0,5,0.05330561576411128
800,0.8,ILSVRC2012_val_00000729,features.3.1,6,0.054817536100745204
800,0.8,ILSVRC2012_val_00000729,features.3.2,7,0.05286203594878316
800,0.8,ILSVRC2012_val_00000729,features.4,8,0.07185948733240366
800,0.8,ILSVRC2012_val_00000729,features.5.0,9,0.06759133972227574
800,0.8,ILSVRC2012_val_00000729,features.5.1,10,0.06304800640791655
800,0.8,ILSVRC2012_val_00000729,features.5.2,11,0.06061138622462749
800,0.8,ILSVRC2012_val_00000729,features.5.3,12,0.058276825584471226
800,0.8,ILSVRC2012_val_00000729,features.5.4,13,0.05978928729891777
800,0.8,ILSVRC2012_val_00000729,features.5.5,14,0.05858535654842854
800,0.8,ILSVRC2012_val_00000729,features.5.6,15,0.05722501175478101
800,0.8,ILSVRC2012_val_00000729,features.5.7,16,0.05406652651727199
800,0.8,ILSVRC2012_val_00000729,features.5.8,17,0.051156225707381965
800,0.8,ILSVRC2012_val_00000729,features.5.9,18,0.04751342516392469
800,0.8,ILSVRC2012_val_00000729,features.5.10,19,0.04387714797630906
800,0.8,ILSVRC2012_val_00000729,features.5.11,20,0.041614150442183015
800,0.8,ILSVRC2012_val_00000729,features.5.12,21,0.04010287318378687
800,0.8,ILSVRC2012_val_00000729,features.5.13,22,0.038173022540286185
800,0.8,ILSVRC2012_val_00000729,features.5.14,23,0.03703679204918444
800,0.8,ILSVRC2012_val_00000729,features.5.15,24,0.03540027681738138
800,0.8,ILSVRC2012_val_00000729,features.5.16,25,0.0348918654024601
800,0.8,ILSVRC2012_val_00000729,features.5.17,26,0.03245320525020361
800,0.8,ILSVRC2012_val_00000729,features.5.18,27,0.03219503965228796
800,0.8,ILSVRC2012_val_00000729,features.5.19,28,0.03183806920424104
800,0.8,ILSVRC2012_val_00000729,features.5.20,29,0.029777366574853657
800,0.8,ILSVRC2012_val_00000729,features.5.21,30,0.03073746953159571
800,0.8,ILSVRC2012_val_00000729,features.5.22,31,0.03087458594236523
800,0.8,ILSVRC2012_val_00000729,features.5.23,32,0.03230891686398536
800,0.8,ILSVRC2012_val_00000729,features.5.24,33,0.033721847902052106
800,0.8,ILSVRC2012_val_00000729,features.5.25,34,0.03603743161074817
800,0.8,ILSVRC2012_val_00000729,features.5.26,35,0.036626574816182256
800,0.8,ILSVRC2012_val_00000729,features.6,36,0.02993187910178676
800,0.8,ILSVRC2012_val_00000729,features.7.0,37,0.030251126701477914
800,0.8,ILSVRC2012_val_00000729,features.7.1,38,0.0298815734218806
800,0.8,ILSVRC2012_val_00000729,features.7.2,39,0.02851037757936865
800,0.8,ILSVRC2012_val_00000729,classifier,40,0.07194404962938279
800,0.8,ILSVRC2012_val_00000974,features.0,0,0.0469365899451077
800,0.8,ILSVRC2012_val_00000974,features.1.0,1,0.0649553095921874
800,0.8,ILSVRC2012_val_00000974,features.1.1,2,0.06815268620848655
800,0.8,ILSVRC2012_val_00000974,features.1.2,3,0.06328823985531926
800,0.8,ILSVRC2012_val_00000974,features.2,4,0.05119018424302339
800,0.8,ILSVRC2012_val_00000974,features.3.0,5,0.04785581212490797
800,0.8,ILSVRC2012_val_00000974,features.3.1,6,0.047713068313896656
800,0.8,ILSVRC2012_val_00000974,features.3.2,7,0.04208945706486702
800,0.8,ILSVRC2012_val_00000974,features.4,8,0.06299084685742855
800,0.8,ILSVRC2012_val_00000974,features.5.0,9,0.05853213258087635
800,0.8,ILSVRC2012_val_00000974,features.5.1,10,0.05331297060474753
800,0.8,ILSVRC2012_val_00000974,features.5.2,11,0.05112059079110622
800,0.8,ILSVRC2012_val_00000974,features.5.3,12,0.04970715660601854
800,0.8,ILSVRC2012_val_00000974,features.5.4,13,0.05109164658933878
800,0.8,ILSVRC2012_val_00000974,features.5.5,14,0.04942367458716035
800,0.8,ILSVRC2012_val_00000974,features.5.6,15,0.04815938537940383
800,0.8,ILSVRC2012_val_00000974,features.5.7,16,0.04579873159527779
800,0.8,ILSVRC2012_val_00000974,features.5.8,17,0.04418270457535982
800,0.8,ILSVRC2012_val_00000974,features.5.9,18,0.04238493135198951
800,0.8,ILSVRC2012_val_00000974,features.5.10,19,0.04039049735292792
800,0.8,ILSVRC2012_val_00000974,features.5.11,20,0.038966377777978775
800,0.8,ILSVRC2012_val_00000974,features.5.12,21,0.03825252060778439
800,0.8,ILSVRC2012_val_00000974,features.5.13,22,0.03737621149048209
800,0.8,ILSVRC2012_val_00000974,features.5.14,23,0.03592067062854767
800,0.8,ILSVRC2012_val_00000974,features.5.15,24,0.03291095122694969
800,0.8,ILSVRC2012_val_00000974,features.5.16,25,0.033309271279722455
800,0.8,ILSVRC2012_val_00000974,features.5.17,26,0.03106657965108752
800,0.8,ILSVRC2012_val_00000974,features.5.18,27,0.03137289062142372
800,0.8,ILSVRC2012_val_00000974,features.5.19,28,0.029821301717311142
800,0.8,ILSVRC2012_val_00000974,features.5.20,29,0.02858745804987848
800,0.8,ILSVRC2012_val_00000974,features.5.21,30,0.02399815306998789
800,0.8,ILSVRC2012_val_00000974,features.5.22,31,0.021070431312546135
800,0.8,ILSVRC2012_val_00000974,features.5.23,32,0.021950514521449804
800,0.8,ILSVRC2012_val_00000974,features.5.24,33,0.022420362435514107
800,0.8,ILSVRC2012_val_00000974,features.5.25,34,0.022093416476855053
800,0.8,ILSVRC2012_val_00000974,features.5.26,35,0.01940112488809973
800,0.8,ILSVRC2012_val_00000974,features.6,36,0.026553365896688774
800,0.8,ILSVRC2012_val_00000974,features.7.0,37,0.025469615356996655
800,0.8,ILSVRC2012_val_00000974,features.7.1,38,0.023474422586150467
800,0.8,ILSVRC2012_val_00000974,features.7.2,39,0.020083206775598227
800,0.8,ILSVRC2012_val_00000974,classifier,40,0.08627881724387407
800,0.8,ILSVRC2012_val_00003449,features.0,0,0.06484667053446173
800,0.8,ILSVRC2012_val_00003449,features.1.0,1,0.0744558572769165
800,0.8,ILSVRC2012_val_00003449,features.1.1,2,0.07115017604082823
800,0.8,ILSVRC2012_val_00003449,features.1.2,3,0.06626977175474166
800,0.8,ILSVRC2012_val_00003449,features.2,4,0.052614116296172145
800,0.8,ILSVRC2012_val_00003449,features.3.0,5,0.04777744160965085
800,0.8,ILSVRC2012_val_00003449,features.3.1,6,0.0472079761326313
800,0.8,ILSVRC2012_val_00003449,features.3.2,7,0.04262218996882439
800,0.8,ILSVRC2012_val_00003449,features.4,8,0.062332919845357534
800,0.8,ILSVRC2012_val_00003449,features.5.0,9,0.058607453294098374
800,0.8,ILSVRC2012_val_00003449,features.5.1,10,0.054973230231553316
800,0.8,ILSVRC2012_val_00003449,features.5.2,11,0.054070910718291995
800,0.8,ILSVRC2012_val_00003449,features.5.3,12,0.05323672192171216
800,0.8,ILSVRC2012_val_00003449,features.5.4,13,0.05546216163784266
800,0.8,ILSVRC2012_val_00003449,features.5.5,14,0.05592379439622164
800,0.8,ILSVRC2012_val_00003449,features.5.6,15,0.05388588756322861
800,0.8,ILSVRC2012_val_00003449,features.5.7,16,0.05329819265753031
800,0.8,ILSVRC2012_val_00003449,features.5.8,17,0.051741108391433956
800,0.8,ILSVRC2012_val_00003449,features.5.9,18,0.05044254036620259
800,0.8,ILSVRC2012_val_00003449,features.5.10,19,0.047899599699303505
800,0.8,ILSVRC2012_val_00003449,features.5.11,20,0.0458916699513793
800,0.8,ILSVRC2012_val_00003449,features.5.12,21,0.046091427095234394
800,0.8,ILSVRC2012_val_00003449,features.5.13,22,0.04457186539657414
800,0.8,ILSVRC2012_val_00003449,features.5.14,23,0.0441144460812211
800,0.8,ILSVRC2012_val_00003449,features.5.15,24,0.041392891900613904
800,0.8,ILSVRC2012_val_00003449,features.5.16,25,0.041322956513613465
800,0.8,ILSVRC2012_val_00003449,features.5.17,26,0.039106439845636484
800,0.8,ILSVRC2012_val_00003449,features.5.18,27,0.03936694110743701
800,0.8,ILSVRC2012_val_00003449,features.5.19,28,0.03890168722718954
800,0.8,ILSVRC2012_val_00003449,features.5.20,29,0.037453141156584026
800,0.8,ILSVRC2012_val_00003449,features.5.21,30,0.03664517924189568
800,0.8,ILSVRC2012_val_00003449,features.5.22,31,0.036567057063803074
800,0.8,ILSVRC2012_val_00003449,features.5.23,32,0.03900372995994985
800,0.8,ILSVRC2012_val_00003449,features.5.24,33,0.04103984897956252
800,0.8,ILSVRC2012_val_00003449,features.5.25,34,0.04282333655282855
800,0.8,ILSVRC2012_val_00003449,features.5.26,35,0.04361886498518288
800,0.8,ILSVRC2012_val_00003449,features.6,36,0.040210506925359366
800,0.8,ILSVRC2012_val_00003449,features.7.0,37,0.039639011560939255
800,0.8,ILSVRC2012_val_00003449,features.7.1,38,0.04124912067782134
800,0.8,ILSVRC2012_val_00003449,features.7.2,39,0.03869434950174764
800,0.8,ILSVRC2012_val_00003449,classifier,40,0.11941911848261952
800,0.8,ILSVRC2012_val_00005130,features.0,0,0.11367677038069815
800,0.8,ILSVRC2012_val_00005130,features.1.0,1,0.12496769120916724
800,0.8,ILSVRC2012_val_00005130,features.1.1,2,0.11207347344607115
800,0.8,ILSVRC2012_val_00005130,features.1.2,3,0.09378089420497418
800,0.8,ILSVRC2012_val_00005130,features.2,4,0.08754424080252647
800,0.8,ILSVRC2012_val_00005130,features.3.0,5,0.0758842783048749
800,0.8,ILSVRC2012_val_00005130,features.3.1,6,0.06894199885427951
800,0.8,ILSVRC2012_val_00005130,features.3.2,7,0.07003149902448058
800,0.8,ILSVRC2012_val_00005130,features.4,8,0.0993505953811109
800,0.8,ILSVRC2012_val_00005130,features.5.0,9,0.0950144606642425
800,0.8,ILSVRC2012_val_00005130,features.5.1,10,0.08880016766488552
800,0.8,ILSVRC2012_val_00005130,features.5.2,11,0.08700461052358151
800,0.8,ILSVRC2012_val_00005130,features.5.3,12,0.08464273810386658
800,0.8,ILSVRC2012_val_00005130,features.5.4,13,0.08783440226688981
800,0.8,ILSVRC2012_val_00005130,features.5.5,14,0.08714157920330763
800,0.8,ILSVRC2012_val_00005130,features.5.6,15,0.08492968156933785
800,0.8,ILSVRC2012_val_00005130,features.5.7,16,0.08185948822647333
800,0.8,ILSVRC2012_val_00005130,features.5.8,17,0.08104429766535759
800,0.8,ILSVRC2012_val_00005130,features.5.9,18,0.07891030311584472
800,0.8,ILSVRC2012_val_00005130,features.5.10,19,0.0758807972073555
800,0.8,ILSVRC2012_val_00005130,features.5.11,20,0.07137322872877121
800,0.8,ILSVRC2012_val_00005130,features.5.12,21,0.06684173233807086
800,0.8,ILSVRC2012_val_00005130,features.5.13,22,0.06479651229456067
800,0.8,ILSVRC2012_val_00005130,features.5.14,23,0.06258981619030238
800,0.8,ILSVRC2012_val_00005130,features.5.15,24,0.059450958110392096
800,0.8,ILSVRC2012_val_00005130,features.5.16,25,0.05825511673465371
800,0.8,ILSVRC2012_val_00005130,features.5.17,26,0.055488645541481675
800,0.8,ILSVRC2012_val_00005130,features.5.18,27,0.05486128414049744
800,0.8,ILSVRC2012_val_00005130,features.5.19,28,0.054419870395213364
800,0.8,ILSVRC2012_val_00005130,features.5.20,29,0.05236515193246305
800,0.8,ILSVRC2012_val_00005130,features.5.21,30,0.05118622665759176
800,0.8,ILSVRC2012_val_00005130,features.5.22,31,0.05047146724537015
800,0.8,ILSVRC2012_val_00005130,features.5.23,32,0.05125159728340804
800,0.8,ILSVRC2012_val_00005130,features.5.24,33,0.05168020557612181
800,0.8,ILSVRC2012_val_00005130,features.5.25,34,0.052988239005208014
800,0.8,ILSVRC2012_val_00005130,features.5.26,35,0.0533524046652019
800,0.8,ILSVRC2012_val_00005130,features.6,36,0.04750300337327644
800,0.8,ILSVRC2012_val_00005130,features.7.0,37,0.04731731350766495
800,0.8,ILSVRC2012_val_00005130,features.7.1,38,0.046205859864130616
800,0.8,ILSVRC2012_val_00005130,features.7.2,39,0.04327200079569593
800,0.8,ILSVRC2012_val_00005130,classifier,40,0.11402526255697013
800,0.8,ILSVRC2012_val_00006808,features.0,0,0.06749967085197568
800,0.8,ILSVRC2012_val_00006808,features.1.0,1,0.07764727172907442
800,0.8,ILSVRC2012_val_00006808,features.1.1,2,0.08429460544139147
800,0.8,ILSVRC2012_val_00006808,features.1.2,3,0.07839947827160358
800,0.8,ILSVRC2012_val_00006808,features.2,4,0.04890166658442467
800,0.8,ILSVRC2012_val_00006808,features.3.0,5,0.04678166261874139
800,0.8,ILSVRC2012_val_00006808,features.3.1,6,0.043252885923720896
800,0.8,ILSVRC2012_val_00006808,features.3.2,7,0.03856190724764019
800,0.8,ILSVRC2012_val_00006808,features.4,8,0.05501316008158028
800,0.8,ILSVRC2012_val_00006808,features.5.0,9,0.05131475370144471
800,0.8,ILSVRC2012_val_00006808,features.5.1,10,0.04676393848494627
800,0.8,ILSVRC2012_val_00006808,features.5.2,11,0.04285336370812729
800,0.8,ILSVRC2012_val_00006808,features.5.3,12,0.04061141097918153
800,0.8,ILSVRC2012_val_00006808,features.5.4,13,0.03775548213161528
800,0.8,ILSVRC2012_val_00006808,features.5.5,14,0.03620331569109112
800,0.8,ILSVRC2012_val_00006808,features.5.6,15,0.03681868347339332
800,0.8,ILSVRC2012_val_00006808,features.5.7,16,0.03431830427143723
800,0.8,ILSVRC2012_val_00006808,features.5.8,17,0.033275118400342765
800,0.8,ILSVRC2012_val_00006808,features.5.9,18,0.03256301741930656
800,0.8,ILSVRC2012_val_00006808,features.5.10,19,0.03133989376947284
800,0.8,ILSVRC2012_val_00006808,features.5.11,20,0.031026084313634784
800,0.8,ILSVRC2012_val_00006808,features.5.12,21,0.030849053524434566
800,0.8,ILSVRC2012_val_00006808,features.5.13,22,0.030179494945332407
800,0.8,ILSVRC2012_val_00006808,features.5.14,23,0.02911707330495119
800,0.8,ILSVRC2012_val_00006808,features.5.15,24,0.02723531920928508
800,0.8,ILSVRC2012_val_00006808,features.5.16,25,0.026850244728848338
800,0.8,ILSVRC2012_val_00006808,features.5.17,26,0.026265876833349466
800,0.8,ILSVRC2012_val_00006808,features.5.18,27,0.026605615275911987
800,0.8,ILSVRC2012_val_00006808,features.5.19,28,0.02751261149533093
800,0.8,ILSVRC2012_val_00006808,features.5.20,29,0.026907541695982216
800,0.8,ILSVRC2012_val_00006808,features.5.21,30,0.028092924709198996
800,0.8,ILSVRC2012_val_00006808,features.5.22,31,0.029198777140118183
800,0.8,ILSVRC2012_val_00006808,features.5.23,32,0.03025598921813071
800,0.8,ILSVRC2012_val_00006808,features.5.24,33,0.02970956894569099
800,0.8,ILSVRC2012_val_00006808,features.5.25,34,0.030554561922326685
800,0.8,ILSVRC2012_val_00006808,features.5.26,35,0.030829296680167317
800,0.8,ILSVRC2012_val_00006808,features.6,36,0.01756802073214203
800,0.8,ILSVRC2012_val_00006808,features.7.0,37,0.0169494669418782
800,0.8,ILSVRC2012_val_00006808,features.7.1,38,0.01491960467537865
800,0.8,ILSVRC2012_val_00006808,features.7.2,39,0.012998748838435858
800,0.8,ILSVRC2012_val_00006808,classifier,40,0.025125753600150347
800,0.8,ILSVRC2012_val_00010733,features.0,0,0.09558523700106888
800,0.8,ILSVRC2012_val_00010733,features.1.0,1,0.10254188487306237
800,0.8,ILSVRC2012_val_00010733,features.1.1,2,0.08905198969878256
800,0.8,ILSVRC2012_val_00010733,features.1.2,3,0.07866305429488421
800,0.8,ILSVRC2012_val_00010733,features.2,4,0.07064229198731482
800,0.8,ILSVRC2012_val_00010733,features.3.0,5,0.06130354572087526
800,0.8,ILSVRC2012_val_00010733,features.3.1,6,0.061008662823587655
800,0.8,ILSVRC2012_val_00010733,features.3.2,7,0.05578909898176789
800,0.8,ILSVRC2012_val_00010733,features.4,8,0.08925801552832127
800,0.8,ILSVRC2012_val_00010733,features.5.0,9,0.0817471801303327
800,0.8,ILSVRC2012_val_00010733,features.5.1,10,0.07319761379621922
800,0.8,ILSVRC2012_val_00010733,features.5.2,11,0.06802272768691182
800,0.8,ILSVRC2012_val_00010733,features.5.3,12,0.06592383333481848
800,0.8,ILSVRC2012_val_00010733,features.5.4,13,0.06623670826666057
800,0.8,ILSVRC2012_val_00010733,features.5.5,14,0.06500460365787149
800,0.8,ILSVRC2012_val_00010733,features.5.6,15,0.06350125721655786
800,0.8,ILSVRC2012_val_00010733,features.5.7,16,0.061688661202788354
800,0.8,ILSVRC2012_val_00010733,features.5.8,17,0.06057566050440073
800,0.8,ILSVRC2012_val_00010733,features.5.9,18,0.05911436136811972
800,0.8,ILSVRC2012_val_00010733,features.5.10,19,0.05734013579785824
800,0.8,ILSVRC2012_val_00010733,features.5.11,20,0.054830314498394726
800,0.8,ILSVRC2012_val_00010733,features.5.12,21,0.0518451364710927
800,0.8,ILSVRC2012_val_00010733,features.5.13,22,0.05072580659762025
800,0.8,ILSVRC2012_val_00010733,features.5.14,23,0.049243484530597924
800,0.8,ILSVRC2012_val_00010733,features.5.15,24,0.04661846589297056
800,0.8,ILSVRC2012_val_00010733,features.5.16,25,0.04669075179845095
800,0.8,ILSVRC2012_val_00010733,features.5.17,26,0.045006478857249024
800,0.8,ILSVRC2012_val_00010733,features.5.18,27,0.04533952372148633
800,0.8,ILSVRC2012_val_00010733,features.5.19,28,0.043661251291632654
800,0.8,ILSVRC2012_val_00010733,features.5.20,29,0.041739027667790654
800,0.8,ILSVRC2012_val_00010733,features.5.21,30,0.03991937264800072
800,0.8,ILSVRC2012_val_00010733,features.5.22,31,0.038587075937539336
800,0.8,ILSVRC2012_val_00010733,features.5.23,32,0.03999722832813859
800,0.8,ILSVRC2012_val_00010733,features.5.24,33,0.040891204960644245
800,0.8,ILSVRC2012_val_00010733,features.5.25,34,0.04217181131243706
800,0.8,ILSVRC2012_val_00010733,features.5.26,35,0.0419862502720207
800,0.8,ILSVRC2012_val_00010733,features.6,36,0.02897787590045482
800,0.8,ILSVRC2012_val_00010733,features.7.0,37,0.02801459557376802
800,0.8,ILSVRC2012_val_00010733,features.7.1,38,0.025153148965910078
800,0.8,ILSVRC2012_val_00010733,features.7.2,39,0.021658390131779014
800,0.8,ILSVRC2012_val_00010733,classifier,40,0.12444506930187345
800,0.8,ILSVRC2012_val_00014541,features.0,0,0.046402270020917055
800,0.8,ILSVRC2012_val_00014541,features.1.0,1,0.07772762533277273
800,0.8,ILSVRC2012_val_00014541,features.1.1,2,0.07210842911154032
800,0.8,ILSVRC2012_val_00014541,features.1.2,3,0.06218176521360874
800,0.8,ILSVRC2012_val_00014541,features.2,4,0.06966273104771972
800,0.8,ILSVRC2012_val_00014541,features.3.0,5,0.06066299192607403
800,0.8,ILSVRC2012_val_00014541,features.3.1,6,0.05751345111057162
800,0.8,ILSVRC2012_val_00014541,features.3.2,7,0.05515267821028828
800,0.8,ILSVRC2012_val_00014541,features.4,8,0.08300312086939812
800,0.8,ILSVRC2012_val_00014541,features.5.0,9,0.07816690485924482
800,0.8,ILSVRC2012_val_00014541,features.5.1,10,0.07451530247926712
800,0.8,ILSVRC2012_val_00014541,features.5.2,11,0.07510786075145007
800,0.8,ILSVRC2012_val_00014541,features.5.3,12,0.07601253194734454
800,0.8,ILSVRC2012_val_00014541,features.5.4,13,0.08303618039935827
800,0.8,ILSVRC2012_val_00014541,features.5.5,14,0.08385292710736394
800,0.8,ILSVRC2012_val_00014541,features.5.6,15,0.0794356532394886
800,0.8,ILSVRC2012_val_00014541,features.5.7,16,0.07603369010612368
800,0.8,ILSVRC2012_val_00014541,features.5.8,17,0.0733213484287262
800,0.8,ILSVRC2012_val_00014541,features.5.9,18,0.07342013688758016
800,0.8,ILSVRC2012_val_00014541,features.5.10,19,0.07115307580679656
800,0.8,ILSVRC2012_val_00014541,features.5.11,20,0.06858871541917325
800,0.8,ILSVRC2012_val_00014541,features.5.12,21,0.0648417186923325
800,0.8,ILSVRC2012_val_00014541,features.5.13,22,0.06436298540793359
800,0.8,ILSVRC2012_val_00014541,features.5.14,23,0.06295403949916363
800,0.8,ILSVRC2012_val_00014541,features.5.15,24,0.060459099942818284
800,0.8,ILSVRC2012_val_00014541,features.5.16,25,0.06070005213841796
800,0.8,ILSVRC2012_val_00014541,features.5.17,26,0.05948344636708498
800,0.8,ILSVRC2012_val_00014541,features.5.18,27,0.06019828757271171
800,0.8,ILSVRC2012_val_00014541,features.5.19,28,0.05967355584725738
800,0.8,ILSVRC2012_val_00014541,features.5.20,29,0.05914451098069549
800,0.8,ILSVRC2012_val_00014541,features.5.21,30,0.05979463430121541
800,0.8,ILSVRC2012_val_00014541,features.5.22,31,0.060555391013622284
800,0.8,ILSVRC2012_val_00014541,features.5.23,32,0.06224787710234523
800,0.8,ILSVRC2012_val_00014541,features.5.24,33,0.06534935124218463
800,0.8,ILSVRC2012_val_00014541,features.5.25,34,0.06976445354521274
800,0.8,ILSVRC2012_val_00014541,features.5.26,35,0.072210256382823
800,0.8,ILSVRC2012_val_00014541,features.6,36,0.06413817619904875
800,0.8,ILSVRC2012_val_00014541,features.7.0,37,0.06320375287905336
800,0.8,ILSVRC2012_val_00014541,features.7.1,38,0.06198906530626118
800,0.8,ILSVRC2012_val_00014541,features.7.2,39,0.06009114235639572
800,0.8,ILSVRC2012_val_00014541,classifier,40,0.14943975256755948
800,0.8,ILSVRC2012_val_00018922,features.0,0,0.27441190648823977
800,0.8,ILSVRC2012_val_00018922,features.1.0,1,0.23412634935230017
800,0.8,ILSVRC2012_val_00018922,features.1.1,2,0.18502222234383225
800,0.8,ILSVRC2012_val_00018922,features.1.2,3,0.15797661105170846
800,0.8,ILSVRC2012_val_00018922,features.2,4,0.1216427356004715
800,0.8,ILSVRC2012_val_00018922,features.3.0,5,0.10669450755231083
800,0.8,ILSVRC2012_val_00018922,features.3.1,6,0.10627229842357337
800,0.8,ILSVRC2012_val_00018922,features.3.2,7,0.10035468833521008
800,0.8,ILSVRC2012_val_00018922,features.4,8,0.13293454493395984
800,0.8,ILSVRC2012_val_00018922,features.5.0,9,0.12495281905867159
800,0.8,ILSVRC2012_val_00018922,features.5.1,10,0.11192398187704385
800,0.8,ILSVRC2012_val_00018922,features.5.2,11,0.1067912925267592
800,0.8,ILSVRC2012_val_00018922,features.5.3,12,0.10224591619335115
800,0.8,ILSVRC2012_val_00018922,features.5.4,13,0.10510442341910675
800,0.8,ILSVRC2012_val_00018922,features.5.5,14,0.10263422513380646
800,0.8,ILSVRC2012_val_00018922,features.5.6,15,0.09744321014732123
800,0.8,ILSVRC2012_val_00018922,features.5.7,16,0.09537664409726858
800,0.8,ILSVRC2012_val_00018922,features.5.8,17,0.09677561460994184
800,0.8,ILSVRC2012_val_00018922,features.5.9,18,0.09423014335334301
800,0.8,ILSVRC2012_val_00018922,features.5.10,19,0.09293840513564647
800,0.8,ILSVRC2012_val_00018922,features.5.11,20,0.08908019289374351
800,0.8,ILSVRC2012_val_00018922,features.5.12,21,0.0858377049677074
800,0.8,ILSVRC2012_val_00018922,features.5.13,22,0.08433975190855562
800,0.8,ILSVRC2012_val_00018922,features.5.14,23,0.08346742810681462
800,0.8,ILSVRC2012_val_00018922,features.5.15,24,0.07992486609145999
800,0.8,ILSVRC2012_val_00018922,features.5.16,25,0.0799061409663409
800,0.8,ILSVRC2012_val_00018922,features.5.17,26,0.07627287609502673
800,0.8,ILSVRC2012_val_00018922,features.5.18,27,0.07779477080330252
800,0.8,ILSVRC2012_val_00018922,features.5.19,28,0.07960314205847681
800,0.8,ILSVRC2012_val_00018922,features.5.20,29,0.07992044431157411
800,0.8,ILSVRC2012_val_00018922,features.5.21,30,0.08003656081855297
800,0.8,ILSVRC2012_val_00018922,features.5.22,31,0.07748651695437729
800,0.8,ILSVRC2012_val_00018922,features.5.23,32,0.0820073435548693
800,0.8,ILSVRC2012_val_00018922,features.5.24,33,0.0833549371920526
800,0.8,ILSVRC2012_val_00018922,features.5.25,34,0.08585458643501624
800,0.8,ILSVRC2012_val_00018922,features.5.26,35,0.08714311013463885
800,0.8,ILSVRC2012_val_00018922,features.6,36,0.07001941992202773
800,0.8,ILSVRC2012_val_00018922,features.7.0,37,0.06714625358581543
800,0.8,ILSVRC2012_val_00018922,features.7.1,38,0.06584376695100218
800,0.8,ILSVRC2012_val_00018922,features.7.2,39,0.0618328969925642
800,0.8,ILSVRC2012_val_00018922,classifier,40,0.28881946359761057
800,0.8,ILSVRC2012_val_00025924,features.0,0,0.04869652520865202
800,0.8,ILSVRC2012_val_00025924,features.1.0,1,0.062049072422087195
800,0.8,ILSVRC2012_val_00025924,features.1.1,2,0.06880172807723284
800,0.8,ILSVRC2012_val_00025924,features.1.2,3,0.05633023586124182
800,0.8,ILSVRC2012_val_00025924,features.2,4,0.042540742363780734
800,0.8,ILSVRC2012_val_00025924,features.3.0,5,0.04049130519852042
800,0.8,ILSVRC2012_val_00025924,features.3.1,6,0.03999276142567396
800,0.8,ILSVRC2012_val_00025924,features.3.2,7,0.032428930234164
800,0.8,ILSVRC2012_val_00025924,features.4,8,0.052479878067970276
800,0.8,ILSVRC2012_val_00025924,features.5.0,9,0.049339272920042275
800,0.8,ILSVRC2012_val_00025924,features.5.1,10,0.0460698957554996
800,0.8,ILSVRC2012_val_00025924,features.5.2,11,0.04567930358462036
800,0.8,ILSVRC2012_val_00025924,features.5.3,12,0.0465112017467618
800,0.8,ILSVRC2012_val_00025924,features.5.4,13,0.04907621266320348
800,0.8,ILSVRC2012_val_00025924,features.5.5,14,0.050158596877008674
800,0.8,ILSVRC2012_val_00025924,features.5.6,15,0.05028965100646019
800,0.8,ILSVRC2012_val_00025924,features.5.7,16,0.049799285177141425
800,0.8,ILSVRC2012_val_00025924,features.5.8,17,0.049450278468430045
800,0.8,ILSVRC2012_val_00025924,features.5.9,18,0.048780740983784196
800,0.8,ILSVRC2012_val_00025924,features.5.10,19,0.048043638560920955
800,0.8,ILSVRC2012_val_00025924,features.5.11,20,0.04584398586302996
800,0.8,ILSVRC2012_val_00025924,features.5.12,21,0.04416434206068516
800,0.8,ILSVRC2012_val_00025924,features.5.13,22,0.0429774675052613
800,0.8,ILSVRC2012_val_00025924,features.5.14,23,0.04235984105616808
800,0.8,ILSVRC2012_val_00025924,features.5.15,24,0.04091567108407616
800,0.8,ILSVRC2012_val_00025924,features.5.16,25,0.04096202789805829
800,0.8,ILSVRC2012_val_00025924,features.5.17,26,0.03932879501953721
800,0.8,ILSVRC2012_val_00025924,features.5.18,27,0.03953248327597976
800,0.8,ILSVRC2012_val_00025924,features.5.19,28,0.0392523598857224
800,0.8,ILSVRC2012_val_00025924,features.5.20,29,0.03910390762612224
800,0.8,ILSVRC2012_val_00025924,features.5.21,30,0.04004253316670656
800,0.8,ILSVRC2012_val_00025924,features.5.22,31,0.04121426250785589
800,0.8,ILSVRC2012_val_00025924,features.5.23,32,0.04418155215680599
800,0.8,ILSVRC2012_val_00025924,features.5.24,33,0.04571828255429864
800,0.8,ILSVRC2012_val_00025924,features.5.25,34,0.04822362139821053
800,0.8,ILSVRC2012_val_00025924,features.5.26,35,0.0491832391358912
800,0.8,ILSVRC2012_val_00025924,features.6,36,0.0402226441539824
800,0.8,ILSVRC2012_val_00025924,features.7.0,37,0.03940357349347323
800,0.8,ILSVRC2012_val_00025924,features.7.1,38,0.037233544047921896
800,0.8,ILSVRC2012_val_00025924,features.7.2,39,0.03425855750683695
800,0.8,ILSVRC2012_val_00025924,classifier,40,0.11139560071751475
800,0.8,ILSVRC2012_val_00027450,features.0,0,0.05711743775755167
800,0.8,ILSVRC2012_val_00027450,features.1.0,1,0.07782558102626354
800,0.8,ILSVRC2012_val_00027450,features.1.1,2,0.07408898733556271
800,0.8,ILSVRC2012_val_00027450,features.1.2,3,0.06440816726535559
800,0.8,ILSVRC2012_val_00027450,features.2,4,0.06381890820339323
800,0.8,ILSVRC2012_val_00027450,features.3.0,5,0.05818512383848429
800,0.8,ILSVRC2012_val_00027450,features.3.1,6,0.05701744500547647
800,0.8,ILSVRC2012_val_00027450,features.3.2,7,0.05507302237674594
800,0.8,ILSVRC2012_val_00027450,features.4,8,0.08708834294229746
800,0.8,ILSVRC2012_val_00027450,features.5.0,9,0.0805855899117887
800,0.8,ILSVRC2012_val_00027450,features.5.1,10,0.07577960900962352
800,0.8,ILSVRC2012_val_00027450,features.5.2,11,0.07591231614351272
800,0.8,ILSVRC2012_val_00027450,features.5.3,12,0.07452017636969685
800,0.8,ILSVRC2012_val_00027450,features.5.4,13,0.07901302836835385
800,0.8,ILSVRC2012_val_00027450,features.5.5,14,0.07886134590953589
800,0.8,ILSVRC2012_val_00027450,features.5.6,15,0.07566811311990022
800,0.8,ILSVRC2012_val_00027450,features.5.7,16,0.07435599956661462
800,0.8,ILSVRC2012_val_00027450,features.5.8,17,0.07331141456961632
800,0.8,ILSVRC2012_val_00027450,features.5.9,18,0.07134051155298948
800,0.8,ILSVRC2012_val_00027450,features.5.10,19,0.0694173127412796
800,0.8,ILSVRC2012_val_00027450,features.5.11,20,0.06646682219579816
800,0.8,ILSVRC2012_val_00027450,features.5.12,21,0.06222361531108618
800,0.8,ILSVRC2012_val_00027450,features.5.13,22,0.06141930129379034
800,0.8,ILSVRC2012_val_00027450,features.5.14,23,0.06016545547172427
800,0.8,ILSVRC2012_val_00027450,features.5.15,24,0.0576937441714108
800,0.8,ILSVRC2012_val_00027450,features.5.16,25,0.05676228012889624
800,0.8,ILSVRC2012_val_00027450,features.5.17,26,0.05437865108251572
800,0.8,ILSVRC2012_val_00027450,features.5.18,27,0.05491850925609469
800,0.8,ILSVRC2012_val_00027450,features.5.19,28,0.0538120049983263
800,0.8,ILSVRC2012_val_00027450,features.5.20,29,0.05324548091739416
800,0.8,ILSVRC2012_val_00027450,features.5.21,30,0.05320594655349851
800,0.8,ILSVRC2012_val_00027450,features.5.22,31,0.05239816568791866
800,0.8,ILSVRC2012_val_00027450,features.5.23,32,0.05474002901464701
800,0.8,ILSVRC2012_val_00027450,features.5.24,33,0.05798343336209655
800,0.8,ILSVRC2012_val_00027450,features.5.25,34,0.06148869469761849
800,0.8,ILSVRC2012_val_00027450,features.5.26,35,0.06492641139775515
800,0.8,ILSVRC2012_val_00027450,features.6,36,0.06192561108618975
800,0.8,ILSVRC2012_val_00027450,features.7.0,37,0.06025212514214218
800,0.8,ILSVRC2012_val_00027450,features.7.1,38,0.05924473511986435
800,0.8,ILSVRC2012_val_00027450,features.7.2,39,0.05697091077454388
800,0.8,ILSVRC2012_val_00027450,classifier,40,0.1511743627488613
800,0.8,ILSVRC2012_val_00029063,features.0,0,0.02964539131207857
800,0.8,ILSVRC2012_val_00029063,features.1.0,1,0.04451691578142345
800,0.8,ILSVRC2012_val_00029063,features.1.1,2,0.058653954043984415
800,0.8,ILSVRC2012_val_00029063,features.1.2,3,0.05890024956315756
800,0.8,ILSVRC2012_val_00029063,features.2,4,0.049884168338030575
800,0.8,ILSVRC2012_val_00029063,features.3.0,5,0.049075123947113754
800,0.8,ILSVRC2012_val_00029063,features.3.1,6,0.04862336833029986
800,0.8,ILSVRC2012_val_00029063,features.3.2,7,0.04438170604407787
800,0.8,ILSVRC2012_val_00029063,features.4,8,0.0698748717084527
800,0.8,ILSVRC2012_val_00029063,features.5.0,9,0.06512079183012247
800,0.8,ILSVRC2012_val_00029063,features.5.1,10,0.06118929851800203
800,0.8,ILSVRC2012_val_00029063,features.5.2,11,0.060832726024091247
800,0.8,ILSVRC2012_val_00029063,features.5.3,12,0.06169346310198307
800,0.8,ILSVRC2012_val_00029063,features.5.4,13,0.06325898449867964
800,0.8,ILSVRC2012_val_00029063,features.5.5,14,0.0630213487893343
800,0.8,ILSVRC2012_val_00029063,features.5.6,15,0.061006531957536934
800,0.8,ILSVRC2012_val_00029063,features.5.7,16,0.05771755650639534
800,0.8,ILSVRC2012_val_00029063,features.5.8,17,0.05324627012014389
800,0.8,ILSVRC2012_val_00029063,features.5.9,18,0.05127328597009182
800,0.8,ILSVRC2012_val_00029063,features.5.10,19,0.0491286875680089
800,0.8,ILSVRC2012_val_00029063,features.5.11,20,0.046358796581625936
800,0.8,ILSVRC2012_val_00029063,features.5.12,21,0.044365779496729374
800,0.8,ILSVRC2012_val_00029063,features.5.13,22,0.04434344228357077
800,0.8,ILSVRC2012_val_00029063,features.5.14,23,0.04359057620167732
800,0.8,ILSVRC2012_val_00029063,features.5.15,24,0.04106317711994052
800,0.8,ILSVRC2012_val_00029063,features.5.16,25,0.040326687041670084
800,0.8,ILSVRC2012_val_00029063,features.5.17,26,0.038317245338112114
800,0.8,ILSVRC2012_val_00029063,features.5.18,27,0.038354382943362
800,0.8,ILSVRC2012_val_00029063,features.5.19,28,0.038676508143544196
800,0.8,ILSVRC2012_val_00029063,features.5.20,29,0.03834601962007582
800,0.8,ILSVRC2012_val_00029063,features.5.21,30,0.03871893095783889
800,0.8,ILSVRC2012_val_00029063,features.5.22,31,0.03746586455963552
800,0.8,ILSVRC2012_val_00029063,features.5.23,32,0.03906606012023985
800,0.8,ILSVRC2012_val_00029063,features.5.24,33,0.04017869166564196
800,0.8,ILSVRC2012_val_00029063,features.5.25,34,0.042424791399389504
800,0.8,ILSVRC2012_val_00029063,features.5.26,35,0.04184935386292636
800,0.8,ILSVRC2012_val_00029063,features.6,36,0.04645311934873462
800,0.8,ILSVRC2012_val_00029063,features.7.0,37,0.04601118771824986
800,0.8,ILSVRC2012_val_00029063,features.7.1,38,0.04402298105414957
800,0.8,ILSVRC2012_val_00029063,features.7.2,39,0.04076481837546453
800,0.8,ILSVRC2012_val_00029063,classifier,40,0.12689843671396375
800,0.8,ILSVRC2012_val_00030419,features.0,0,0.0540929731912911
800,0.8,ILSVRC2012_val_00030419,features.1.0,1,0.08522091954946517
800,0.8,ILSVRC2012_val_00030419,features.1.1,2,0.09053991734981537
800,0.8,ILSVRC2012_val_00030419,features.1.2,3,0.06878532646223903
800,0.8,ILSVRC2012_val_00030419,features.2,4,0.0596842706669122
800,0.8,ILSVRC2012_val_00030419,features.3.0,5,0.06679458343423902
800,0.8,ILSVRC2012_val_00030419,features.3.1,6,0.06911389669403434
800,0.8,ILSVRC2012_val_00030419,features.3.2,7,0.06184372855350375
800,0.8,ILSVRC2012_val_00030419,features.4,8,0.11253268327564
800,0.8,ILSVRC2012_val_00030419,features.5.0,9,0.11137674748897552
800,0.8,ILSVRC2012_val_00030419,features.5.1,10,0.10611757524311542
800,0.8,ILSVRC2012_val_00030419,features.5.2,11,0.10736781861633063
800,0.8,ILSVRC2012_val_00030419,features.5.3,12,0.11093547903001308
800,0.8,ILSVRC2012_val_00030419,features.5.4,13,0.12075652545318008
800,0.8,ILSVRC2012_val_00030419,features.5.5,14,0.12619394138455392
800,0.8,ILSVRC2012_val_00030419,features.5.6,15,0.1251961788162589
800,0.8,ILSVRC2012_val_00030419,features.5.7,16,0.12390873227268458
800,0.8,ILSVRC2012_val_00030419,features.5.8,17,0.12138010580092669
800,0.8,ILSVRC2012_val_00030419,features.5.9,18,0.11919014807790518
800,0.8,ILSVRC2012_val_00030419,features.5.10,19,0.11626492366194725
800,0.8,ILSVRC2012_val_00030419,features.5.11,20,0.11047207489609719
800,0.8,ILSVRC2012_val_00030419,features.5.12,21,0.10671991817653179
800,0.8,ILSVRC2012_val_00030419,features.5.13,22,0.10428789295256138
800,0.8,ILSVRC2012_val_00030419,features.5.14,23,0.10205080918967724
800,0.8,ILSVRC2012_val_00030419,features.5.15,24,0.09900506949052215
800,0.8,ILSVRC2012_val_00030419,features.5.16,25,0.0955662140622735
800,0.8,ILSVRC2012_val_00030419,features.5.17,26,0.0917561361566186
800,0.8,ILSVRC2012_val_00030419,features.5.18,27,0.09224273208528758
800,0.8,ILSVRC2012_val_00030419,features.5.19,28,0.09324092622846365
800,0.8,ILSVRC2012_val_00030419,features.5.20,29,0.09332767948508262
800,0.8,ILSVRC2012_val_00030419,features.5.21,30,0.09600143954157829
800,0.8,ILSVRC2012_val_00030419,features.5.22,31,0.09855319913476705
800,0.8,ILSVRC2012_val_00030419,features.5.23,32,0.10158462468534708
800,0.8,ILSVRC2012_val_00030419,features.5.24,33,0.10726842321455479
800,0.8,ILSVRC2012_val_00030419,features.5.25,34,0.11436029952019452
800,0.8,ILSVRC2012_val_00030419,features.5.26,35,0.11930052097886801
800,0.8,ILSVRC2012_val_00030419,features.6,36,0.13104225501883776
800,0.8,ILSVRC2012_val_00030419,features.7.0,37,0.13156697498634456
800,0.8,ILSVRC2012_val_00030419,features.7.1,38,0.13288124274695293
800,0.8,ILSVRC2012_val_00030419,features.7.2,39,0.1332466999418102
800,0.8,ILSVRC2012_val_00030419,classifier,40,0.2966177551075816
800,0.8,ILSVRC2012_val_00030425,features.0,0,0.1485551049350761
800,0.8,ILSVRC2012_val_00030425,features.1.0,1,0.11003851387649774
800,0.8,ILSVRC2012_val_00030425,features.1.1,2,0.10465492494404316
800,0.8,ILSVRC2012_val_00030425,features.1.2,3,0.09188609309494496
800,0.8,ILSVRC2012_val_00030425,features.2,4,0.06531813303008675
800,0.8,ILSVRC2012_val_00030425,features.3.0,5,0.05674697372596711
800,0.8,ILSVRC2012_val_00030425,features.3.1,6,0.048809161526151
800,0.8,ILSVRC2012_val_00030425,features.3.2,7,0.039129224210046235
800,0.8,ILSVRC2012_val_00030425,features.4,8,0.06081568384543061
800,0.8,ILSVRC2012_val_00030425,features.5.0,9,0.053874898329377176
800,0.8,ILSVRC2012_val_00030425,features.5.1,10,0.04782005015294999
800,0.8,ILSVRC2012_val_00030425,features.5.2,11,0.043760709324851634
800,0.8,ILSVRC2012_val_00030425,features.5.3,12,0.04074518394190818
800,0.8,ILSVRC2012_val_00030425,features.5.4,13,0.03845416052645305
800,0.8,ILSVRC2012_val_00030425,features.5.5,14,0.037721113598672674
800,0.8,ILSVRC2012_val_00030425,features.5.6,15,0.035521844157483426
800,0.8,ILSVRC2012_val_00030425,features.5.7,16,0.03333747056312859
800,0.8,ILSVRC2012_val_00030425,features.5.8,17,0.032159064803272484
800,0.8,ILSVRC2012_val_00030425,features.5.9,18,0.03182593658566475
800,0.8,ILSVRC2012_val_00030425,features.5.10,19,0.0313167940126732
800,0.8,ILSVRC2012_val_00030425,features.5.11,20,0.030626243073493244
800,0.8,ILSVRC2012_val_00030425,features.5.12,21,0.03068769311066717
800,0.8,ILSVRC2012_val_00030425,features.5.13,22,0.02953498773276806
800,0.8,ILSVRC2012_val_00030425,features.5.14,23,0.03019161692354828
800,0.8,ILSVRC2012_val_00030425,features.5.15,24,0.02928410575259477
800,0.8,ILSVRC2012_val_00030425,features.5.16,25,0.0294410694623366
800,0.8,ILSVRC2012_val_00030425,features.5.17,26,0.029483513394370674
800,0.8,ILSVRC2012_val_00030425,features.5.18,27,0.029672748246230184
800,0.8,ILSVRC2012_val_00030425,features.5.19,28,0.03049406394129619
800,0.8,ILSVRC2012_val_00030425,features.5.20,29,0.031144718779250978
800,0.8,ILSVRC2012_val_00030425,features.5.21,30,0.03153064547805116
800,0.8,ILSVRC2012_val_00030425,features.5.22,31,0.03201758004724979
800,0.8,ILSVRC2012_val_00030425,features.5.23,32,0.03344803978689015
800,0.8,ILSVRC2012_val_00030425,features.5.24,33,0.03587888586334884
800,0.8,ILSVRC2012_val_00030425,features.5.25,34,0.03789149136282503
800,0.8,ILSVRC2012_val_00030425,features.5.26,35,0.039358908450230955
800,0.8,ILSVRC2012_val_00030425,features.6,36,0.031435644425801004
800,0.8,ILSVRC2012_val_00030425,features.7.0,37,0.029758209188003093
800,0.8,ILSVRC2012_val_00030425,features.7.1,38,0.02853838212322444
800,0.8,ILSVRC2012_val_00030425,features.7.2,39,0.02738728994736448
800,0.8,ILSVRC2012_val_00030425,classifier,40,0.08044627560302615
800,0.8,ILSVRC2012_val_00035318,features.0,0,0.15048819053918122
800,0.8,ILSVRC2012_val_00035318,features.1.0,1,0.2050388453528285
800,0.8,ILSVRC2012_val_00035318,features.1.1,2,0.16029823310673236
800,0.8,ILSVRC2012_val_00035318,features.1.2,3,0.13098840061575173
800,0.8,ILSVRC2012_val_00035318,features.2,4,0.11581374192610383
800,0.8,ILSVRC2012_val_00035318,features.3.0,5,0.1033846290782094
800,0.8,ILSVRC2012_val_00035318,features.3.1,6,0.09579010009765625
800,0.8,ILSVRC2012_val_00035318,features.3.2,7,0.09799423553049565
800,0.8,ILSVRC2012_val_00035318,features.4,8,0.12517771031707525
800,0.8,ILSVRC2012_val_00035318,features.5.0,9,0.1158300630748272
800,0.8,ILSVRC2012_val_00035318,features.5.1,10,0.1055106557905674
800,0.8,ILSVRC2012_val_00035318,features.5.2,11,0.10448249485343694
800,0.8,ILSVRC2012_val_00035318,features.5.3,12,0.10260912813246251
800,0.8,ILSVRC2012_val_00035318,features.5.4,13,0.1109593566507101
800,0.8,ILSVRC2012_val_00035318,features.5.5,14,0.11231942530721425
800,0.8,ILSVRC2012_val_00035318,features.5.6,15,0.10943931248039007
800,0.8,ILSVRC2012_val_00035318,features.5.7,16,0.10557211674749852
800,0.8,ILSVRC2012_val_00035318,features.5.8,17,0.10404223147779704
800,0.8,ILSVRC2012_val_00035318,features.5.9,18,0.10319663845002651
800,0.8,ILSVRC2012_val_00035318,features.5.10,19,0.09415576439350844
800,0.8,ILSVRC2012_val_00035318,features.5.11,20,0.08679583575576544
800,0.8,ILSVRC2012_val_00035318,features.5.12,21,0.08017197083681822
800,0.8,ILSVRC2012_val_00035318,features.5.13,22,0.07949015572667122
800,0.8,ILSVRC2012_val_00035318,features.5.14,23,0.0781156899407506
800,0.8,ILSVRC2012_val_00035318,features.5.15,24,0.07070060996338726
800,0.8,ILSVRC2012_val_00035318,features.5.16,25,0.0693769526667893
800,0.8,ILSVRC2012_val_00035318,features.5.17,26,0.06544299786910415
800,0.8,ILSVRC2012_val_00035318,features.5.18,27,0.06406419617123901
800,0.8,ILSVRC2012_val_00035318,features.5.19,28,0.06265137558802962
800,0.8,ILSVRC2012_val_00035318,features.5.20,29,0.060996954794973135
800,0.8,ILSVRC2012_val_00035318,features.5.21,30,0.05971561567857862
800,0.8,ILSVRC2012_val_00035318,features.5.22,31,0.05829312823479995
800,0.8,ILSVRC2012_val_00035318,features.5.23,32,0.05859282565070316
800,0.8,ILSVRC2012_val_00035318,features.5.24,33,0.05969288442283869
800,0.8,ILSVRC2012_val_00035318,features.5.25,34,0.06281018706504256
800,0.8,ILSVRC2012_val_00035318,features.5.26,35,0.06574156824499369
800,0.8,ILSVRC2012_val_00035318,features.6,36,0.04148401226848364
800,0.8,ILSVRC2012_val_00035318,features.7.0,37,0.04036847911775112
800,0.8,ILSVRC2012_val_00035318,features.7.1,38,0.037843976821750405
800,0.8,ILSVRC2012_val_00035318,features.7.2,39,0.03518232707865536
800,0.8,ILSVRC2012_val_00035318,classifier,40,0.12314047310501337
800,0.8,ILSVRC2012_val_00035574,features.0,0,0.0804068373516202
800,0.8,ILSVRC2012_val_00035574,features.1.0,1,0.07526875287294388
800,0.8,ILSVRC2012_val_00035574,features.1.1,2,0.07555031226947903
800,0.8,ILSVRC2012_val_00035574,features.1.2,3,0.06466259947046638
800,0.8,ILSVRC2012_val_00035574,features.2,4,0.05474839881062508
800,0.8,ILSVRC2012_val_00035574,features.3.0,5,0.046275909058749676
800,0.8,ILSVRC2012_val_00035574,features.3.1,6,0.04671021969988942
800,0.8,ILSVRC2012_val_00035574,features.3.2,7,0.04513736413791776
800,0.8,ILSVRC2012_val_00035574,features.4,8,0.06711257603019476
800,0.8,ILSVRC2012_val_00035574,features.5.0,9,0.06272924803197384
800,0.8,ILSVRC2012_val_00035574,features.5.1,10,0.05393016133457422
800,0.8,ILSVRC2012_val_00035574,features.5.2,11,0.05088832685723901
800,0.8,ILSVRC2012_val_00035574,features.5.3,12,0.04828019384294748
800,0.8,ILSVRC2012_val_00035574,features.5.4,13,0.04908609911799431
800,0.8,ILSVRC2012_val_00035574,features.5.5,14,0.04932784978300333
800,0.8,ILSVRC2012_val_00035574,features.5.6,15,0.04694026978686452
800,0.8,ILSVRC2012_val_00035574,features.5.7,16,0.04661966320127249
800,0.8,ILSVRC2012_val_00035574,features.5.8,17,0.045325612369924786
800,0.8,ILSVRC2012_val_00035574,features.5.9,18,0.044560405611991885
800,0.8,ILSVRC2012_val_00035574,features.5.10,19,0.04290407039225101
800,0.8,ILSVRC2012_val_00035574,features.5.11,20,0.04045930504798889
800,0.8,ILSVRC2012_val_00035574,features.5.12,21,0.03860836001113057
800,0.8,ILSVRC2012_val_00035574,features.5.13,22,0.03803606834262609
800,0.8,ILSVRC2012_val_00035574,features.5.14,23,0.03872454613447189
800,0.8,ILSVRC2012_val_00035574,features.5.15,24,0.0379668565467
800,0.8,ILSVRC2012_val_00035574,features.5.16,25,0.03714135959744454
800,0.8,ILSVRC2012_val_00035574,features.5.17,26,0.035122549068182705
800,0.8,ILSVRC2012_val_00035574,features.5.18,27,0.03536464385688305
800,0.8,ILSVRC2012_val_00035574,features.5.19,28,0.035716762952506545
800,0.8,ILSVRC2012_val_00035574,features.5.20,29,0.03332118131220341
800,0.8,ILSVRC2012_val_00035574,features.5.21,30,0.033800514228641984
800,0.8,ILSVRC2012_val_00035574,features.5.22,31,0.03387448005378246
800,0.8,ILSVRC2012_val_00035574,features.5.23,32,0.034906522184610364
800,0.8,ILSVRC2012_val_00035574,features.5.24,33,0.03539889119565487
800,0.8,ILSVRC2012_val_00035574,features.5.25,34,0.03746752021834254
800,0.8,ILSVRC2012_val_00035574,features.5.26,35,0.037877606227993965
800,0.8,ILSVRC2012_val_00035574,features.6,36,0.028453442058525978
800,0.8,ILSVRC2012_val_00035574,features.7.0,37,0.02947396207600832
800,0.8,ILSVRC2012_val_00035574,features.7.1,38,0.028590480412822215
800,0.8,ILSVRC2012_val_00035574,features.7.2,39,0.0260517357615754
800,0.8,ILSVRC2012_val_00035574,classifier,40,0.09512138618156314
800,0.8,ILSVRC2012_val_00036158,features.0,0,0.06038762030657381
800,0.8,ILSVRC2012_val_00036158,features.1.0,1,0.07027000796515495
800,0.8,ILSVRC2012_val_00036158,features.1.1,2,0.07833731514401734
800,0.8,ILSVRC2012_val_00036158,features.1.2,3,0.060998219065368176
800,0.8,ILSVRC2012_val_00036158,features.2,4,0.03939935327507556
800,0.8,ILSVRC2012_val_00036158,features.3.0,5,0.047275358065962794
800,0.8,ILSVRC2012_val_00036158,features.3.1,6,0.05134757785126567
800,0.8,ILSVRC2012_val_00036158,features.3.2,7,0.04704362885095179
800,0.8,ILSVRC2012_val_00036158,features.4,8,0.07744829680304974
800,0.8,ILSVRC2012_val_00036158,features.5.0,9,0.074557962117251
800,0.8,ILSVRC2012_val_00036158,features.5.1,10,0.0680409851949662
800,0.8,ILSVRC2012_val_00036158,features.5.2,11,0.0666668544523418
800,0.8,ILSVRC2012_val_00036158,features.5.3,12,0.06708529144525528
800,0.8,ILSVRC2012_val_00036158,features.5.4,13,0.06591735426336527
800,0.8,ILSVRC2012_val_00036158,features.5.5,14,0.06393821421079338
800,0.8,ILSVRC2012_val_00036158,features.5.6,15,0.06226422651670873
800,0.8,ILSVRC2012_val_00036158,features.5.7,16,0.06027852576225996
800,0.8,ILSVRC2012_val_00036158,features.5.8,17,0.058243221044540404
800,0.8,ILSVRC2012_val_00036158,features.5.9,18,0.05538880811072886
800,0.8,ILSVRC2012_val_00036158,features.5.10,19,0.05418720911256969
800,0.8,ILSVRC2012_val_00036158,features.5.11,20,0.049589177081361416
800,0.8,ILSVRC2012_val_00036158,features.5.12,21,0.04870372209697962
800,0.8,ILSVRC2012_val_00036158,features.5.13,22,0.04672802886925638
800,0.8,ILSVRC2012_val_00036158,features.5.14,23,0.04638257897458971
800,0.8,ILSVRC2012_val_00036158,features.5.15,24,0.04514654041267931
800,0.8,ILSVRC2012_val_00036158,features.5.16,25,0.042749273730441927
800,0.8,ILSVRC2012_val_00036158,features.5.17,26,0.04076199529226869
800,0.8,ILSVRC2012_val_00036158,features.5.18,27,0.041531274234876035
800,0.8,ILSVRC2012_val_00036158,features.5.19,28,0.041980201145634055
800,0.8,ILSVRC2012_val_00036158,features.5.20,29,0.04158205818384886
800,0.8,ILSVRC2012_val_00036158,features.5.21,30,0.042012211214751
800,0.8,ILSVRC2012_val_00036158,features.5.22,31,0.04290474476292729
800,0.8,ILSVRC2012_val_00036158,features.5.23,32,0.04482365800067782
800,0.8,ILSVRC2012_val_00036158,features.5.24,33,0.044031515764072535
800,0.8,ILSVRC2012_val_00036158,features.5.25,34,0.04610722823999822
800,0.8,ILSVRC2012_val_00036158,features.5.26,35,0.0467265781480819
800,0.8,ILSVRC2012_val_00036158,features.6,36,0.01948118396103382
800,0.8,ILSVRC2012_val_00036158,features.7.0,37,0.01994097324786708
800,0.8,ILSVRC2012_val_00036158,features.7.1,38,0.01873678402043879
800,0.8,ILSVRC2012_val_00036158,features.7.2,39,0.015338216326199472
800,0.8,ILSVRC2012_val_00036158,classifier,40,0.056396142859011886
800,0.8,ILSVRC2012_val_00041330,features.0,0,0.007977012265473604
800,0.8,ILSVRC2012_val_00041330,features.1.0,1,0.03810072550550103
800,0.8,ILSVRC2012_val_00041330,features.1.1,2,0.03758865938871168
800,0.8,ILSVRC2012_val_00041330,features.1.2,3,0.031481857353355736
800,0.8,ILSVRC2012_val_00041330,features.2,4,0.040131594706326726
800,0.8,ILSVRC2012_val_00041330,features.3.0,5,0.03632679879665375
800,0.8,ILSVRC2012_val_00041330,features.3.1,6,0.03586729422677308
800,0.8,ILSVRC2012_val_00041330,features.3.2,7,0.02895097506698221
800,0.8,ILSVRC2012_val_00041330,features.4,8,0.05176665559411049
800,0.8,ILSVRC2012_val_00041330,features.5.0,9,0.04604001552797854
800,0.8,ILSVRC2012_val_00041330,features.5.1,10,0.04553579196799547
800,0.8,ILSVRC2012_val_00041330,features.5.2,11,0.04556629941798747
800,0.8,ILSVRC2012_val_00041330,features.5.3,12,0.048132478212937715
800,0.8,ILSVRC2012_val_00041330,features.5.4,13,0.05300354540813714
800,0.8,ILSVRC2012_val_00041330,features.5.5,14,0.053564801113680005
800,0.8,ILSVRC2012_val_00041330,features.5.6,15,0.05441974643617868
800,0.8,ILSVRC2012_val_00041330,features.5.7,16,0.05162164676003158
800,0.8,ILSVRC2012_val_00041330,features.5.8,17,0.049548084195703265
800,0.8,ILSVRC2012_val_00041330,features.5.9,18,0.04938981095328927
800,0.8,ILSVRC2012_val_00041330,features.5.10,19,0.046537937177345154
800,0.8,ILSVRC2012_val_00041330,features.5.11,20,0.04437511689029634
800,0.8,ILSVRC2012_val_00041330,features.5.12,21,0.04303286205977201
800,0.8,ILSVRC2012_val_00041330,features.5.13,22,0.04176183203235269
800,0.8,ILSVRC2012_val_00041330,features.5.14,23,0.03945676968432963
800,0.8,ILSVRC2012_val_00041330,features.5.15,24,0.03745057261548936
800,0.8,ILSVRC2012_val_00041330,features.5.16,25,0.03760692090727389
800,0.8,ILSVRC2012_val_00041330,features.5.17,26,0.036611717520281674
800,0.8,ILSVRC2012_val_00041330,features.5.18,27,0.039156371261924505
800,0.8,ILSVRC2012_val_00041330,features.5.19,28,0.03946515363641083
800,0.8,ILSVRC2012_val_00041330,features.5.20,29,0.038896182039752605
800,0.8,ILSVRC2012_val_00041330,features.5.21,30,0.04129830487072468
800,0.8,ILSVRC2012_val_00041330,features.5.22,31,0.04171879049390555
800,0.8,ILSVRC2012_val_00041330,features.5.23,32,0.04477701955474913
800,0.8,ILSVRC2012_val_00041330,features.5.24,33,0.046327756438404324
800,0.8,ILSVRC2012_val_00041330,features.5.25,34,0.047268408350646496
800,0.8,ILSVRC2012_val_00041330,features.5.26,35,0.04623357895761728
800,0.8,ILSVRC2012_val_00041330,features.6,36,0.02543803706066683
800,0.8,ILSVRC2012_val_00041330,features.7.0,37,0.026199437759350984
800,0.8,ILSVRC2012_val_00041330,features.7.1,38,0.025108523119706662
800,0.8,ILSVRC2012_val_00041330,features.7.2,39,0.02338074761792086
800,0.8,ILSVRC2012_val_00041330,classifier,40,0.08410031204111874
800,0.8,ILSVRC2012_val_00048463,features.0,0,0.03963325554504991
800,0.8,ILSVRC2012_val_00048463,features.1.0,1,0.07213216871023179
800,0.8,ILSVRC2012_val_00048463,features.1.1,2,0.07584221474826336
800,0.8,ILSVRC2012_val_00048463,features.1.2,3,0.06758674010634422
800,0.8,ILSVRC2012_val_00048463,features.2,4,0.05769997769966721
800,0.8,ILSVRC2012_val_00048463,features.3.0,5,0.05709453877061606
800,0.8,ILSVRC2012_val_00048463,features.3.1,6,0.056091470364481213
800,0.8,ILSVRC2012_val_00048463,features.3.2,7,0.049665242806077
800,0.8,ILSVRC2012_val_00048463,features.4,8,0.07846017759293318
800,0.8,ILSVRC2012_val_00048463,features.5.0,9,0.07044888958334923
800,0.8,ILSVRC2012_val_00048463,features.5.1,10,0.06310046818107366
800,0.8,ILSVRC2012_val_00048463,features.5.2,11,0.059732386562973264
800,0.8,ILSVRC2012_val_00048463,features.5.3,12,0.057634356711059806
800,0.8,ILSVRC2012_val_00048463,features.5.4,13,0.05747163705527782
800,0.8,ILSVRC2012_val_00048463,features.5.5,14,0.057740166503936055
800,0.8,ILSVRC2012_val_00048463,features.5.6,15,0.057873330637812616
800,0.8,ILSVRC2012_val_00048463,features.5.7,16,0.05662202592939138
800,0.8,ILSVRC2012_val_00048463,features.5.8,17,0.05510604633018375
800,0.8,ILSVRC2012_val_00048463,features.5.9,18,0.05406816508620978
800,0.8,ILSVRC2012_val_00048463,features.5.10,19,0.05155947459861636
800,0.8,ILSVRC2012_val_00048463,features.5.11,20,0.049212146224454044
800,0.8,ILSVRC2012_val_00048463,features.5.12,21,0.049140882678329945
800,0.8,ILSVRC2012_val_00048463,features.5.13,22,0.047976059606298804
800,0.8,ILSVRC2012_val_00048463,features.5.14,23,0.046244669053703544
800,0.8,ILSVRC2012_val_00048463,features.5.15,24,0.04543413762003183
800,0.8,ILSVRC2012_val_00048463,features.5.16,25,0.04442278305068612
800,0.8,ILSVRC2012_val_00048463,features.5.17,26,0.04267468387261033
800,0.8,ILSVRC2012_val_00048463,features.5.18,27,0.0438575891777873
800,0.8,ILSVRC2012_val_00048463,features.5.19,28,0.044172108313068746
800,0.8,ILSVRC2012_val_00048463,features.5.20,29,0.04415454557165503
800,0.8,ILSVRC2012_val_00048463,features.5.21,30,0.04507067101076245
800,0.8,ILSVRC2012_val_00048463,features.5.22,31,0.0463401366956532
800,0.8,ILSVRC2012_val_00048463,features.5.23,32,0.04917997680604458
800,0.8,ILSVRC2012_val_00048463,features.5.24,33,0.05246902741491795
800,0.8,ILSVRC2012_val_00048463,features.5.25,34,0.0538885859772563
800,0.8,ILSVRC2012_val_00048463,features.5.26,35,0.05269025433808565
800,0.8,ILSVRC2012_val_00048463,features.6,36,0.037290745979407805
800,0.8,ILSVRC2012_val_00048463,features.7.0,37,0.03845554241561331
800,0.8,ILSVRC2012_val_00048463,features.7.1,38,0.03594748199393507
800,0.8,ILSVRC2012_val_00048463,features.7.2,39,0.03143215324962512
800,0.8,ILSVRC2012_val_00048463,classifier,40,0.11141294939443469
999,0.999,ILSVRC2012_val_00000487,features.0,0,0.006666633347049355
999,0.999,ILSVRC2012_val_00000487,features.1.0,1,-0.0036635192111134527
999,0.999,ILSVRC2012_val_00000487,features.1.1,2,0.028523267805576326
999,0.999,ILSVRC2012_val_00000487,features.1.2,3,0.027659939927980305
999,0.999,ILSVRC2012_val_00000487,features.2,4,0.013844147138297559
999,0.999,ILSVRC2012_val_00000487,features.3.0,5,0.017798614175990223
999,0.999,ILSVRC2012_val_00000487,features.3.1,6,0.022943239379674196
999,0.999,ILSVRC2012_val_00000487,features.3.2,7,0.023503119964152573
999,0.999,ILSVRC2012_val_00000487,features.4,8,0.02634119048016146
999,0.999,ILSVRC2012_val_00000487,features.5.0,9,0.026664500450715424
999,0.999,ILSVRC2012_val_00000487,features.5.1,10,0.02500608330592513
999,0.999,ILSVRC2012_val_00000487,features.5.2,11,0.02553005104418844
999,0.999,ILSVRC2012_val_00000487,features.5.3,12,0.024556518415920436
999,0.999,ILSVRC2012_val_00000487,features.5.4,13,0.024882583087310194
999,0.999,ILSVRC2012_val_00000487,features.5.5,14,0.023967529297806323
999,0.999,ILSVRC2012_val_00000487,features.5.6,15,0.02415196702349931
999,0.999,ILSVRC2012_val_00000487,features.5.7,16,0.023392279725521804
999,0.999,ILSVRC2012_val_00000487,features.5.8,17,0.021373724937438963
999,0.999,ILSVRC2012_val_00000487,features.5.9,18,0.02077188780531287
999,0.999,ILSVRC2012_val_00000487,features.5.10,19,0.02037294132169336
999,0.999,ILSVRC2012_val_00000487,features.5.11,20,0.020450636511668563
999,0.999,ILSVRC2012_val_00000487,features.5.12,21,0.021332062501460313
999,0.999,ILSVRC2012_val_00000487,features.5.13,22,0.021654895215760916
999,0.999,ILSVRC2012_val_00000487,features.5.14,23,0.023311642138287424
999,0.999,ILSVRC2012_val_00000487,features.5.15,24,0.023383424850180745
999,0.999,ILSVRC2012_val_00000487,features.5.16,25,0.024408150278031827
999,0.999,ILSVRC2012_val_00000487,features.5.17,26,0.023928606044501068
999,0.999,ILSVRC2012_val_00000487,features.5.18,27,0.0252873158082366
999,0.999,ILSVRC2012_val_00000487,features.5.19,28,0.026530644949525596
999,0.999,ILSVRC2012_val_00000487,features.5.20,29,0.02637841599062085
999,0.999,ILSVRC2012_val_00000487,features.5.21,30,0.028044470492750405
999,0.999,ILSVRC2012_val_00000487,features.5.22,31,0.02924393620342016
999,0.999,ILSVRC2012_val_00000487,features.5.23,32,0.030696254596114157
999,0.999,ILSVRC2012_val_00000487,features.5.24,33,0.03045672383159399
999,0.999,ILSVRC2012_val_00000487,features.5.25,34,0.0316746573895216
999,0.999,ILSVRC2012_val_00000487,features.5.26,35,0.03031089697033167
999,0.999,ILSVRC2012_val_00000487,features.6,36,0.020862690219655634
999,0.999,ILSVRC2012_val_00000487,features.7.0,37,0.019599678390659393
999,0.999,ILSVRC2012_val_00000487,features.7.1,38,0.01729346241336316
999,0.999,ILSVRC2012_val_00000487,features.7.2,39,0.01511179218068719
999,0.999,ILSVRC2012_val_00000487,classifier,40,0.05214106570929289
999,0.999,ILSVRC2012_val_00000681,features.0,0,0.005527692940086126
999,0.999,ILSVRC2012_val_00000681,features.1.0,1,0.022919857408851385
999,0.999,ILSVRC2012_val_00000681,features.1.1,2,0.030902296490967273
999,0.999,ILSVRC2012_val_00000681,features.1.2,3,0.028835057839751245
999,0.999,ILSVRC2012_val_00000681,features.2,4,0.027964823320508002
999,0.999,ILSVRC2012_val_00000681,features.3.0,5,0.025203051324933768
999,0.999,ILSVRC2012_val_00000681,features.3.1,6,0.027950712107121946
999,0.999,ILSVRC2012_val_00000681,features.3.2,7,0.027902593929320575
999,0.999,ILSVRC2012_val_00000681,features.4,8,0.033778771618381144
999,0.999,ILSVRC2012_val_00000681,features.5.0,9,0.03227381426841021
999,0.999,ILSVRC2012_val_00000681,features.5.1,10,0.029379206849262117
999,0.999,ILSVRC2012_val_00000681,features.5.2,11,0.02938811801141128
999,0.999,ILSVRC2012_val_00000681,features.5.3,12,0.02882350412546657
999,0.999,ILSVRC2012_val_00000681,features.5.4,13,0.02973264722386375
999,0.999,ILSVRC2012_val_00000681,features.5.5,14,0.028392532549332827
999,0.999,ILSVRC2012_val_00000681,features.5.6,15,0.02914326172322035
999,0.999,ILSVRC2012_val_00000681,features.5.7,16,0.02855867091566324
999,0.999,ILSVRC2012_val_00000681,features.5.8,17,0.027204977767542004
999,0.999,ILSVRC2012_val_00000681,features.5.9,18,0.026950715575367212
999,0.999,ILSVRC2012_val_00000681,features.5.10,19,0.02435567872598767
999,0.999,ILSVRC2012_val_00000681,features.5.11,20,0.023445946536958216
999,0.999,ILSVRC2012_val_00000681,features.5.12,21,0.02318254755809903
999,0.999,ILSVRC2012_val_00000681,features.5.13,22,0.023544391524046658
999,0.999,ILSVRC2012_val_00000681,features.5.14,23,0.024579343385994434
999,0.999,ILSVRC2012_val_00000681,features.5.15,24,0.02422894537448883
999,0.999,ILSVRC2012_val_00000681,features.5.16,25,0.02315276153385639
999,0.999,ILSVRC2012_val_00000681,features.5.17,26,0.021769917849451304
999,0.999,ILSVRC2012_val_00000681,features.5.18,27,0.022489199601113796
999,0.999,ILSVRC2012_val_00000681,features.5.19,28,0.021750454604625703
999,0.999,ILSVRC2012_val_00000681,features.5.20,29,0.02072645043954253
999,0.999,ILSVRC2012_val_00000681,features.5.21,30,0.020216738060116767
999,0.999,ILSVRC2012_val_00000681,features.5.22,31,0.017911740159615875
999,0.999,ILSVRC2012_val_00000681,features.5.23,32,0.01796919358894229
999,0.999,ILSVRC2012_val_00000681,features.5.24,33,0.014696334977634251
999,0.999,ILSVRC2012_val_00000681,features.5.25,34,0.012789934477768838
999,0.999,ILSVRC2012_val_00000681,features.5.26,35,0.00838740966282785
999,0.999,ILSVRC2012_val_00000681,features.6,36,0.016869490942917766
999,0.999,ILSVRC2012_val_00000681,features.7.0,37,0.018927822215482594
999,0.999,ILSVRC2012_val_00000681,features.7.1,38,0.018441451992839576
999,0.999,ILSVRC2012_val_00000681,features.7.2,39,0.015845907025504858
999,0.999,ILSVRC2012_val_00000681,classifier,40,0.04478059681132436
999,0.999,ILSVRC2012_val_00000729,features.0,0,0.05556953186169267
999,0.999,ILSVRC2012_val_00000729,features.1.0,1,0.07353825848549604
999,0.999,ILSVRC2012_val_00000729,features.1.1,2,0.085528814047575
999,0.999,ILSVRC2012_val_00000729,features.1.2,3,0.08409935608506203
999,0.999,ILSVRC2012_val_00000729,features.2,4,0.05406996682286262
999,0.999,ILSVRC2012_val_00000729,features.3.0,5,0.05052604302763939
999,0.999,ILSVRC2012_val_00000729,features.3.1,6,0.0499258928000927
999,0.999,ILSVRC2012_val_00000729,features.3.2,7,0.046725045144557956
999,0.999,ILSVRC2012_val_00000729,features.4,8,0.06193488128483295
999,0.999,ILSVRC2012_val_00000729,features.5.0,9,0.05668336562812328
999,0.999,ILSVRC2012_val_00000729,features.5.1,10,0.0517329141497612
999,0.999,ILSVRC2012_val_00000729,features.5.2,11,0.0496449563652277
999,0.999,ILSVRC2012_val_00000729,features.5.3,12,0.05057650543749333
999,0.999,ILSVRC2012_val_00000729,features.5.4,13,0.05163737125694752
999,0.999,ILSVRC2012_val_00000729,features.5.5,14,0.05052463486790657
999,0.999,ILSVRC2012_val_00000729,features.5.6,15,0.05027846395969391
999,0.999,ILSVRC2012_val_00000729,features.5.7,16,0.04779562465846539
999,0.999,ILSVRC2012_val_00000729,features.5.8,17,0.0442332124337554
999,0.999,ILSVRC2012_val_00000729,features.5.9,18,0.041987819224596025
999,0.999,ILSVRC2012_val_00000729,features.5.10,19,0.03874941971153021
999,0.999,ILSVRC2012_val_00000729,features.5.11,20,0.03666014205664396
999,0.999,ILSVRC2012_val_00000729,features.5.12,21,0.03609379008412361
999,0.999,ILSVRC2012_val_00000729,features.5.13,22,0.03446489665657282
999,0.999,ILSVRC2012_val_00000729,features.5.14,23,0.033704315405339004
999,0.999,ILSVRC2012_val_00000729,features.5.15,24,0.0332188580185175
999,0.999,ILSVRC2012_val_00000729,features.5.16,25,0.03300730464980006
999,0.999,ILSVRC2012_val_00000729,features.5.17,26,0.0313841562718153
999,0.999,ILSVRC2012_val_00000729,features.5.18,27,0.031865084543824196
999,0.999,ILSVRC2012_val_00000729,features.5.19,28,0.03204418206587434
999,0.999,ILSVRC2012_val_00000729,features.5.20,29,0.031217433884739874
999,0.999,ILSVRC2012_val_00000729,features.5.21,30,0.033034651074558496
999,0.999,ILSVRC2012_val_00000729,features.5.22,31,0.033759046252816914
999,0.999,ILSVRC2012_val_00000729,features.5.23,32,0.036036518029868604
999,0.999,ILSVRC2012_val_00000729,features.5.24,33,0.039372419752180574
999,0.999,ILSVRC2012_val_00000729,features.5.25,34,0.04256352875381708
999,0.999,ILSVRC2012_val_00000729,features.5.26,35,0.04381291083991527
999,0.999,ILSVRC2012_val_00000729,features.6,36,0.040598616492934524
999,0.999,ILSVRC2012_val_00000729,features.7.0,37,0.03967305002734065
999,0.999,ILSVRC2012_val_00000729,features.7.1,38,0.03906169915571809
999,0.999,ILSVRC2012_val_00000729,features.7.2,39,0.03730959275271743
999,0.999,ILSVRC2012_val_00000729,classifier,40,0.1398433992639184
999,0.999,ILSVRC2012_val_00000974,features.0,0,0.033493020990863445
999,0.999,ILSVRC2012_val_00000974,features.1.0,1,0.05126688778400421
999,0.999,ILSVRC2012_val_00000974,features.1.1,2,0.06005997024476528
999,0.999,ILSVRC2012_val_00000974,features.1.2,3,0.05798021927475929
999,0.999,ILSVRC2012_val_00000974,features.2,4,0.041591372527182105
999,0.999,ILSVRC2012_val_00000974,features.3.0,5,0.03848773408681154
999,0.999,ILSVRC2012_val_00000974,features.3.1,6,0.036922396160662174
999,0.999,ILSVRC2012_val_00000974,features.3.2,7,0.030637605488300322
999,0.999,ILSVRC2012_val_00000974,features.4,8,0.03892088774591684
999,0.999,ILSVRC2012_val_00000974,features.5.0,9,0.037532084994018076
999,0.999,ILSVRC2012_val_00000974,features.5.1,10,0.03642659429460764
999,0.999,ILSVRC2012_val_00000974,features.5.2,11,0.03597549200057983
999,0.999,ILSVRC2012_val_00000974,features.5.3,12,0.03563838098198176
999,0.999,ILSVRC2012_val_00000974,features.5.4,13,0.035645083710551265
999,0.999,ILSVRC2012_val_00000974,features.5.5,14,0.03280171062797308
999,0.999,ILSVRC2012_val_00000974,features.5.6,15,0.031542943790555
999,0.999,ILSVRC2012_val_00000974,features.5.7,16,0.028510676603764294
999,0.999,ILSVRC2012_val_00000974,features.5.8,17,0.025214963452890517
999,0.999,ILSVRC2012_val_00000974,features.5.9,18,0.023904146812856197
999,0.999,ILSVRC2012_val_00000974,features.5.10,19,0.023025267105549575
999,0.999,ILSVRC2012_val_00000974,features.5.11,20,0.022675233986228706
999,0.999,ILSVRC2012_val_00000974,features.5.12,21,0.02386935716494918
999,0.999,ILSVRC2012_val_00000974,features.5.13,22,0.022880543023347855
999,0.999,ILSVRC2012_val_00000974,features.5.14,23,0.023415002692490815
999,0.999,ILSVRC2012_val_00000974,features.5.15,24,0.0216482225805521
999,0.999,ILSVRC2012_val_00000974,features.5.16,25,0.022707135882228613
999,0.999,ILSVRC2012_val_00000974,features.5.17,26,0.020777256693691015
999,0.999,ILSVRC2012_val_00000974,features.5.18,27,0.02177749266847968
999,0.999,ILSVRC2012_val_00000974,features.5.19,28,0.02182248467579484
999,0.999,ILSVRC2012_val_00000974,features.5.20,29,0.0214265457354486
999,0.999,ILSVRC2012_val_00000974,features.5.21,30,0.020506343618035317
999,0.999,ILSVRC2012_val_00000974,features.5.22,31,0.019195886328816414
999,0.999,ILSVRC2012_val_00000974,features.5.23,32,0.021935978438705206
999,0.999,ILSVRC2012_val_00000974,features.5.24,33,0.023943576216697692
999,0.999,ILSVRC2012_val_00000974,features.5.25,34,0.02568190675228834
999,0.999,ILSVRC2012_val_00000974,features.5.26,35,0.025965756643563508
999,0.999,ILSVRC2012_val_00000974,features.6,36,0.026232686126604676
999,0.999,ILSVRC2012_val_00000974,features.7.0,37,0.02494932534173131
999,0.999,ILSVRC2012_val_00000974,features.7.1,38,0.024784828023985028
999,0.999,ILSVRC2012_val_00000974,features.7.2,39,0.024243855196982623
999,0.999,ILSVRC2012_val_00000974,classifier,40,0.06794550530612468
999,0.999,ILSVRC2012_val_00003449,features.0,0,0.019324863282963633
999,0.999,ILSVRC2012_val_00003449,features.1.0,1,0.029084326466545463
999,0.999,ILSVRC2012_val_00003449,features.1.1,2,0.0456429555779323
999,0.999,ILSVRC2012_val_00003449,features.1.2,3,0.04532416881993413
999,0.999,ILSVRC2012_val_00003449,features.2,4,0.03896846752613783
999,0.999,ILSVRC2012_val_00003449,features.3.0,5,0.035823490424081686
999,0.999,ILSVRC2012_val_00003449,features.3.1,6,0.03642366249114275
999,0.999,ILSVRC2012_val_00003449,features.3.2,7,0.03239184282720089
999,0.999,ILSVRC2012_val_00003449,features.4,8,0.05081369518302381
999,0.999,ILSVRC2012_val_00003449,features.5.0,9,0.04550379435531795
999,0.999,ILSVRC2012_val_00003449,features.5.1,10,0.043172640213742855
999,0.999,ILSVRC2012_val_00003449,features.5.2,11,0.04098664214834571
999,0.999,ILSVRC2012_val_00003449,features.5.3,12,0.04016228970140219
999,0.999,ILSVRC2012_val_00003449,features.5.4,13,0.04031982086598873
999,0.999,ILSVRC2012_val_00003449,features.5.5,14,0.0386139927431941
999,0.999,ILSVRC2012_val_00003449,features.5.6,15,0.03823990486562252
999,0.999,ILSVRC2012_val_00003449,features.5.7,16,0.038349506445229053
999,0.999,ILSVRC2012_val_00003449,features.5.8,17,0.037093208730220796
999,0.999,ILSVRC2012_val_00003449,features.5.9,18,0.03512363061308861
999,0.999,ILSVRC2012_val_00003449,features.5.10,19,0.033192083705216646
999,0.999,ILSVRC2012_val_00003449,features.5.11,20,0.03211560845375061
999,0.999,ILSVRC2012_val_00003449,features.5.12,21,0.032558748498559
999,0.999,ILSVRC2012_val_00003449,features.5.13,22,0.03052128367125988
999,0.999,ILSVRC2012_val_00003449,features.5.14,23,0.03017773702740669
999,0.999,ILSVRC2012_val_00003449,features.5.15,24,0.02735728886909783
999,0.999,ILSVRC2012_val_00003449,features.5.16,25,0.027889069635421038
999,0.999,ILSVRC2012_val_00003449,features.5.17,26,0.026461055781692267
999,0.999,ILSVRC2012_val_00003449,features.5.18,27,0.027150152157992123
999,0.999,ILSVRC2012_val_00003449,features.5.19,28,0.027196987252682447
999,0.999,ILSVRC2012_val_00003449,features.5.20,29,0.02550598499365151
999,0.999,ILSVRC2012_val_00003449,features.5.21,30,0.02584189404733479
999,0.999,ILSVRC2012_val_00003449,features.5.22,31,0.025652943598106503
999,0.999,ILSVRC2012_val_00003449,features.5.23,32,0.029194313567131758
999,0.999,ILSVRC2012_val_00003449,features.5.24,33,0.0318347149528563
999,0.999,ILSVRC2012_val_00003449,features.5.25,34,0.03378442437388003
999,0.999,ILSVRC2012_val_00003449,features.5.26,35,0.03340391858946532
999,0.999,ILSVRC2012_val_00003449,features.6,36,0.02088963408023119
999,0.999,ILSVRC2012_val_00003449,features.7.0,37,0.02061077959369868
999,0.999,ILSVRC2012_val_00003449,features.7.1,38,0.022022793954238295
999,0.999,ILSVRC2012_val_00003449,features.7.2,39,0.020388225186616184
999,0.999,ILSVRC2012_val_00003449,classifier,40,0.08937936704605817
999,0.999,ILSVRC2012_val_00005130,features.0,0,0.023689690395258367
999,0.999,ILSVRC2012_val_00005130,features.1.0,1,0.03472690954804421
999,0.999,ILSVRC2012_val_00005130,features.1.1,2,0.04621237264946103
999,0.999,ILSVRC2012_val_00005130,features.1.2,3,0.04292675419710577
999,0.999,ILSVRC2012_val_00005130,features.2,4,0.04152174526825547
999,0.999,ILSVRC2012_val_00005130,features.3.0,5,0.034432869590818885
999,0.999,ILSVRC2012_val_00005130,features.3.1,6,0.03338293693959713
999,0.999,ILSVRC2012_val_00005130,features.3.2,7,0.03844755585305393
999,0.999,ILSVRC2012_val_00005130,features.4,8,0.03930444736033678
999,0.999,ILSVRC2012_val_00005130,features.5.0,9,0.03867133744060993
999,0.999,ILSVRC2012_val_00005130,features.5.1,10,0.034799683326855305
999,0.999,ILSVRC2012_val_00005130,features.5.2,11,0.03520125790964812
999,0.999,ILSVRC2012_val_00005130,features.5.3,12,0.03640209038276225
999,0.999,ILSVRC2012_val_00005130,features.5.4,13,0.03874549209140241
999,0.999,ILSVRC2012_val_00005130,features.5.5,14,0.037795232026837766
999,0.999,ILSVRC2012_val_00005130,features.5.6,15,0.0378955191001296
999,0.999,ILSVRC2012_val_00005130,features.5.7,16,0.035709268786013125
999,0.999,ILSVRC2012_val_00005130,features.5.8,17,0.034574605291709304
999,0.999,ILSVRC2012_val_00005130,features.5.9,18,0.034900677669793365
999,0.999,ILSVRC2012_val_00005130,features.5.10,19,0.03319526584818959
999,0.999,ILSVRC2012_val_00005130,features.5.11,20,0.03221050668507815
999,0.999,ILSVRC2012_val_00005130,features.5.12,21,0.031487906351685524
999,0.999,ILSVRC2012_val_00005130,features.5.13,22,0.03119687270373106
999,0.999,ILSVRC2012_val_00005130,features.5.14,23,0.030946677923202513
999,0.999,ILSVRC2012_val_00005130,features.5.15,24,0.027852485422044992
999,0.999,ILSVRC2012_val_00005130,features.5.16,25,0.02817061673849821
999,0.999,ILSVRC2012_val_00005130,features.5.17,26,0.026806074753403665
999,0.999,ILSVRC2012_val_00005130,features.5.18,27,0.02758886627852917
999,0.999,ILSVRC2012_val_00005130,features.5.19,28,0.026943160966038705
999,0.999,ILSVRC2012_val_00005130,features.5.20,29,0.02551102489233017
999,0.999,ILSVRC2012_val_00005130,features.5.21,30,0.024284749291837215
999,0.999,ILSVRC2012_val_00005130,features.5.22,31,0.02415614193305373
999,0.999,ILSVRC2012_val_00005130,features.5.23,32,0.02500478448346257
999,0.999,ILSVRC2012_val_00005130,features.5.24,33,0.025601359270513057
999,0.999,ILSVRC2012_val_00005130,features.5.25,34,0.026472585182636975
999,0.999,ILSVRC2012_val_00005130,features.5.26,35,0.026372320763766766
999,0.999,ILSVRC2012_val_00005130,features.6,36,0.012148586381226779
999,0.999,ILSVRC2012_val_00005130,features.7.0,37,0.013941698987036944
999,0.999,ILSVRC2012_val_00005130,features.7.1,38,0.013756343862041831
999,0.999,ILSVRC2012_val_00005130,features.7.2,39,0.013101598201319575
999,0.999,ILSVRC2012_val_00005130,classifier,40,0.04882150944322348
999,0.999,ILSVRC2012_val_00006808,features.0,0,0.005624058842658997
999,0.999,ILSVRC2012_val_00006808,features.1.0,1,0.021249088784679772
999,0.999,ILSVRC2012_val_00006808,features.1.1,2,0.039338267501443626
999,0.999,ILSVRC2012_val_00006808,features.1.2,3,0.04263415643945336
999,0.999,ILSVRC2012_val_00006808,features.2,4,0.0337650082539767
999,0.999,ILSVRC2012_val_00006808,features.3.0,5,0.03044836428016424
999,0.999,ILSVRC2012_val_00006808,features.3.1,6,0.024968294659629464
999,0.999,ILSVRC2012_val_00006808,features.3.2,7,0.025832918379455803
999,0.999,ILSVRC2012_val_00006808,features.4,8,0.0370301500428468
999,0.999,ILSVRC2012_val_00006808,features.5.0,9,0.033908162452280524
999,0.999,ILSVRC2012_val_00006808,features.5.1,10,0.030019644275307657
999,0.999,ILSVRC2012_val_00006808,features.5.2,11,0.02769079301506281
999,0.999,ILSVRC2012_val_00006808,features.5.3,12,0.025913631729781627
999,0.999,ILSVRC2012_val_00006808,features.5.4,13,0.022795353550463915
999,0.999,ILSVRC2012_val_00006808,features.5.5,14,0.020731108752079307
999,0.999,ILSVRC2012_val_00006808,features.5.6,15,0.0217085056938231
999,0.999,ILSVRC2012_val_00006808,features.5.7,16,0.02062043361365795
999,0.999,ILSVRC2012_val_00006808,features.5.8,17,0.01991586768999696
999,0.999,ILSVRC2012_val_00006808,features.5.9,18,0.019217618834227325
999,0.999,ILSVRC2012_val_00006808,features.5.10,19,0.01800767332315445
999,0.999,ILSVRC2012_val_00006808,features.5.11,20,0.018247830774635078
999,0.999,ILSVRC2012_val_00006808,features.5.12,21,0.01850689696148038
999,0.999,ILSVRC2012_val_00006808,features.5.13,22,0.018096212740056218
999,0.999,ILSVRC2012_val_00006808,features.5.14,23,0.018977536400780082
999,0.999,ILSVRC2012_val_00006808,features.5.15,24,0.018335748091340066
999,0.999,ILSVRC2012_val_00006808,features.5.16,25,0.01927991034463048
999,0.999,ILSVRC2012_val_00006808,features.5.17,26,0.019192469492554664
999,0.999,ILSVRC2012_val_00006808,features.5.18,27,0.020038388017565013
999,0.999,ILSVRC2012_val_00006808,features.5.19,28,0.021463975310325623
999,0.999,ILSVRC2012_val_00006808,features.5.20,29,0.02184851039201021
999,0.999,ILSVRC2012_val_00006808,features.5.21,30,0.024076205678284168
999,0.999,ILSVRC2012_val_00006808,features.5.22,31,0.025831303000450133
999,0.999,ILSVRC2012_val_00006808,features.5.23,32,0.027145814336836337
999,0.999,ILSVRC2012_val_00006808,features.5.24,33,0.028402711637318133
999,0.999,ILSVRC2012_val_00006808,features.5.25,34,0.029814925417304038
999,0.999,ILSVRC2012_val_00006808,features.5.26,35,0.031130868941545486
999,0.999,ILSVRC2012_val_00006808,features.6,36,0.024709341023117302
999,0.999,ILSVRC2012_val_00006808,features.7.0,37,0.023846304323524237
999,0.999,ILSVRC2012_val_00006808,features.7.1,38,0.020507753966376184
999,0.999,ILSVRC2012_val_00006808,features.7.2,39,0.01872672704048455
999,0.999,ILSVRC2012_val_00006808,classifier,40,0.027060822024941443
999,0.999,ILSVRC2012_val_00010733,features.0,0,0.007585084321908653
999,0.999,ILSVRC2012_val_00010733,features.1.0,1,0.0189845462795347
999,0.999,ILSVRC2012_val_00010733,features.1.1,2,0.03638689424842596
999,0.999,ILSVRC2012_val_00010733,features.1.2,3,0.037441746797412634
999,0.999,ILSVRC2012_val_00010733,features.2,4,0.028179185558110477
999,0.999,ILSVRC2012_val_00010733,features.3.0,5,0.025522833783179523
999,0.999,ILSVRC2012_val_00010733,features.3.1,6,0.03235721327364445
999,0.999,ILSVRC2012_val_00010733,features.3.2,7,0.03240360207855701
999,0.999,ILSVRC2012_val_00010733,features.4,8,0.03694755928590894
999,0.999,ILSVRC2012_val_00010733,features.5.0,9,0.036405411269515756
999,0.999,ILSVRC2012_val_00010733,features.5.1,10,0.03436708720400929
999,0.999,ILSVRC2012_val_00010733,features.5.2,11,0.03421997968107462
999,0.999,ILSVRC2012_val_00010733,features.5.3,12,0.03368805143982172
999,0.999,ILSVRC2012_val_00010733,features.5.4,13,0.034607854392379525
999,0.999,ILSVRC2012_val_00010733,features.5.5,14,0.03635390857234597
999,0.999,ILSVRC2012_val_00010733,features.5.6,15,0.03647049311548471
999,0.999,ILSVRC2012_val_00010733,features.5.7,16,0.036633955873548986
999,0.999,ILSVRC2012_val_00010733,features.5.8,17,0.03518402148038149
999,0.999,ILSVRC2012_val_00010733,features.5.9,18,0.033974156528711316
999,0.999,ILSVRC2012_val_00010733,features.5.10,19,0.03320139050483704
999,0.999,ILSVRC2012_val_00010733,features.5.11,20,0.031502301804721355
999,0.999,ILSVRC2012_val_00010733,features.5.12,21,0.029892828594893218
999,0.999,ILSVRC2012_val_00010733,features.5.13,22,0.02909159529954195
999,0.999,ILSVRC2012_val_00010733,features.5.14,23,0.028298229817301034
999,0.999,ILSVRC2012_val_00010733,features.5.15,24,0.027818353846669197
999,0.999,ILSVRC2012_val_00010733,features.5.16,25,0.027411342784762382
999,0.999,ILSVRC2012_val_00010733,features.5.17,26,0.026194524299353362
999,0.999,ILSVRC2012_val_00010733,features.5.18,27,0.02704550065100193
999,0.999,ILSVRC2012_val_00010733,features.5.19,28,0.026197222620248796
999,0.999,ILSVRC2012_val_00010733,features.5.20,29,0.025938745215535165
999,0.999,ILSVRC2012_val_00010733,features.5.21,30,0.025826540868729354
999,0.999,ILSVRC2012_val_00010733,features.5.22,31,0.025639335997402667
999,0.999,ILSVRC2012_val_00010733,features.5.23,32,0.026665502786636354
999,0.999,ILSVRC2012_val_00010733,features.5.24,33,0.026746081840246915
999,0.999,ILSVRC2012_val_00010733,features.5.25,34,0.028138726856559514
999,0.999,ILSVRC2012_val_00010733,features.5.26,35,0.02695226641371846
999,0.999,ILSVRC2012_val_00010733,features.6,36,0.018192538060247898
999,0.999,ILSVRC2012_val_00010733,features.7.0,37,0.017642561689717694
999,0.999,ILSVRC2012_val_00010733,features.7.1,38,0.015957572148181498
999,0.999,ILSVRC2012_val_00010733,features.7.2,39,0.013092188374139368
999,0.999,ILSVRC2012_val_00010733,classifier,40,0.009304818883538245
999,0.999,ILSVRC2012_val_00014541,features.0,0,-0.0034440914168953896
999,0.999,ILSVRC2012_val_00014541,features.1.0,1,0.013162747374735773
999,0.999,ILSVRC2012_val_00014541,features.1.1,2,0.03091258597560227
999,0.999,ILSVRC2012_val_00014541,features.1.2,3,0.03173450157046318
999,0.999,ILSVRC2012_val_00014541,features.2,4,0.023279817879665644
999,0.999,ILSVRC2012_val_00014541,features.3.0,5,0.018637146148830653
999,0.999,ILSVRC2012_val_00014541,features.3.1,6,0.02183767515234649
999,0.999,ILSVRC2012_val_00014541,features.3.2,7,0.024142968701198697
999,0.999,ILSVRC2012_val_00014541,features.4,8,0.02695224800845608
999,0.999,ILSVRC2012_val_00014541,features.5.0,9,0.02626556089380756
999,0.999,ILSVRC2012_val_00014541,features.5.1,10,0.023790609929710625
999,0.999,ILSVRC2012_val_00014541,features.5.2,11,0.025290097226388752
999,0.999,ILSVRC2012_val_00014541,features.5.3,12,0.028220315370708703
999,0.999,ILSVRC2012_val_00014541,features.5.4,13,0.036043124925345185
999,0.999,ILSVRC2012_val_00014541,features.5.5,14,0.0370630731806159
999,0.999,ILSVRC2012_val_00014541,features.5.6,15,0.03692101128399372
999,0.999,ILSVRC2012_val_00014541,features.5.7,16,0.03629920668900013
999,0.999,ILSVRC2012_val_00014541,features.5.8,17,0.036767073161900046
999,0.999,ILSVRC2012_val_00014541,features.5.9,18,0.03572953082621098
999,0.999,ILSVRC2012_val_00014541,features.5.10,19,0.035199487768113616
999,0.999,ILSVRC2012_val_00014541,features.5.11,20,0.03481749873608351
999,0.999,ILSVRC2012_val_00014541,features.5.12,21,0.034069801680743694
999,0.999,ILSVRC2012_val_00014541,features.5.13,22,0.03403651556000113
999,0.999,ILSVRC2012_val_00014541,features.5.14,23,0.03558388315141201
999,0.999,ILSVRC2012_val_00014541,features.5.15,24,0.03301646830514073
999,0.999,ILSVRC2012_val_00014541,features.5.16,25,0.0331425167620182
999,0.999,ILSVRC2012_val_00014541,features.5.17,26,0.03231714190915227
999,0.999,ILSVRC2012_val_00014541,features.5.18,27,0.03426473895087838
999,0.999,ILSVRC2012_val_00014541,features.5.19,28,0.033793884236365555
999,0.999,ILSVRC2012_val_00014541,features.5.20,29,0.03287620581686497
999,0.999,ILSVRC2012_val_00014541,features.5.21,30,0.03493847893550992
999,0.999,ILSVRC2012_val_00014541,features.5.22,31,0.03613018933683634
999,0.999,ILSVRC2012_val_00014541,features.5.23,32,0.0390428775921464
999,0.999,ILSVRC2012_val_00014541,features.5.24,33,0.042474767193198204
999,0.999,ILSVRC2012_val_00014541,features.5.25,34,0.04722231887280941
999,0.999,ILSVRC2012_val_00014541,features.5.26,35,0.05018933434039354
999,0.999,ILSVRC2012_val_00014541,features.6,36,0.037130115833133456
999,0.999,ILSVRC2012_val_00014541,features.7.0,37,0.0370686873793602
999,0.999,ILSVRC2012_val_00014541,features.7.1,38,0.03312041708268225
999,0.999,ILSVRC2012_val_00014541,features.7.2,39,0.028811215702444316
999,0.999,ILSVRC2012_val_00014541,classifier,40,0.053558443859219554
999,0.999,ILSVRC2012_val_00018922,features.0,0,0.039648215752094984
999,0.999,ILSVRC2012_val_00018922,features.1.0,1,0.07629812266677619
999,0.999,ILSVRC2012_val_00018922,features.1.1,2,0.0844207282178104
999,0.999,ILSVRC2012_val_00018922,features.1.2,3,0.08082504607737065
999,0.999,ILSVRC2012_val_00018922,features.2,4,0.06351132248528302
999,0.999,ILSVRC2012_val_00018922,features.3.0,5,0.05370682394132018
999,0.999,ILSVRC2012_val_00018922,features.3.1,6,0.05935705807060003
999,0.999,ILSVRC2012_val_00018922,features.3.2,7,0.0617829664144665
999,0.999,ILSVRC2012_val_00018922,features.4,8,0.0635003679431975
999,0.999,ILSVRC2012_val_00018922,features.5.0,9,0.06309895971789956
999,0.999,ILSVRC2012_val_00018922,features.5.1,10,0.05597269032150507
999,0.999,ILSVRC2012_val_00018922,features.5.2,11,0.05478007746860385
999,0.999,ILSVRC2012_val_00018922,features.5.3,12,0.05424034334719181
999,0.999,ILSVRC2012_val_00018922,features.5.4,13,0.05486532710492611
999,0.999,ILSVRC2012_val_00018922,features.5.5,14,0.051832877844572064
999,0.999,ILSVRC2012_val_00018922,features.5.6,15,0.04864915646612644
999,0.999,ILSVRC2012_val_00018922,features.5.7,16,0.044250930100679396
999,0.999,ILSVRC2012_val_00018922,features.5.8,17,0.04258275264874101
999,0.999,ILSVRC2012_val_00018922,features.5.9,18,0.04028012584894895
999,0.999,ILSVRC2012_val_00018922,features.5.10,19,0.038054886180907486
999,0.999,ILSVRC2012_val_00018922,features.5.11,20,0.03581822533160448
999,0.999,ILSVRC2012_val_00018922,features.5.12,21,0.035872921161353585
999,0.999,ILSVRC2012_val_00018922,features.5.13,22,0.03363552195951343
999,0.999,ILSVRC2012_val_00018922,features.5.14,23,0.033809689432382585
999,0.999,ILSVRC2012_val_00018922,features.5.15,24,0.03262374885380268
999,0.999,ILSVRC2012_val_00018922,features.5.16,25,0.0325647815130651
999,0.999,ILSVRC2012_val_00018922,features.5.17,26,0.031235776282846926
999,0.999,ILSVRC2012_val_00018922,features.5.18,27,0.03257504273205995
999,0.999,ILSVRC2012_val_00018922,features.5.19,28,0.03209103085100651
999,0.999,ILSVRC2012_val_00018922,features.5.20,29,0.031185475178062916
999,0.999,ILSVRC2012_val_00018922,features.5.21,30,0.030428451485931873
999,0.999,ILSVRC2012_val_00018922,features.5.22,31,0.0284767122939229
999,0.999,ILSVRC2012_val_00018922,features.5.23,32,0.029991208761930465
999,0.999,ILSVRC2012_val_00018922,features.5.24,33,0.03078206367790699
999,0.999,ILSVRC2012_val_00018922,features.5.25,34,0.0307272931560874
999,0.999,ILSVRC2012_val_00018922,features.5.26,35,0.029222016222774982
999,0.999,ILSVRC2012_val_00018922,features.6,36,0.01637818175368011
999,0.999,ILSVRC2012_val_00018922,features.7.0,37,0.016990161361172797
999,0.999,ILSVRC2012_val_00018922,features.7.1,38,0.015241871471516788
999,0.999,ILSVRC2012_val_00018922,features.7.2,39,0.012448572879657149
999,0.999,ILSVRC2012_val_00018922,classifier,40,0.06190639957785606
999,0.999,ILSVRC2012_val_00025924,features.0,0,0.0177079459419474
999,0.999,ILSVRC2012_val_00025924,features.1.0,1,0.02902870738180354
999,0.999,ILSVRC2012_val_00025924,features.1.1,2,0.043840170837938786
999,0.999,ILSVRC2012_val_00025924,features.1.2,3,0.038374338671565054
999,0.999,ILSVRC2012_val_00025924,features.2,4,0.024149796366691588
999,0.999,ILSVRC2012_val_00025924,features.3.0,5,0.023042649496346712
999,0.999,ILSVRC2012_val_00025924,features.3.1,6,0.025562974577769636
999,0.999,ILSVRC2012_val_00025924,features.3.2,7,0.020660376851446928
999,0.999,ILSVRC2012_val_00025924,features.4,8,0.027199908439069987
999,0.999,ILSVRC2012_val_00025924,features.5.0,9,0.024330544285476208
999,0.999,ILSVRC2012_val_00025924,features.5.1,10,0.02017872896976769
999,0.999,ILSVRC2012_val_00025924,features.5.2,11,0.019096699741203337
999,0.999,ILSVRC2012_val_00025924,features.5.3,12,0.020117931673303245
999,0.999,ILSVRC2012_val_00025924,features.5.4,13,0.021807168470695616
999,0.999,ILSVRC2012_val_00025924,features.5.5,14,0.022439540131017566
999,0.999,ILSVRC2012_val_00025924,features.5.6,15,0.0242584896273911
999,0.999,ILSVRC2012_val_00025924,features.5.7,16,0.023951788386330008
999,0.999,ILSVRC2012_val_00025924,features.5.8,17,0.025231239665299655
999,0.999,ILSVRC2012_val_00025924,features.5.9,18,0.02387813711538911
999,0.999,ILSVRC2012_val_00025924,features.5.10,19,0.024902111757546662
999,0.999,ILSVRC2012_val_00025924,features.5.11,20,0.024542649555951358
999,0.999,ILSVRC2012_val_00025924,features.5.12,21,0.02359706358984113
999,0.999,ILSVRC2012_val_00025924,features.5.13,22,0.0237345140427351
999,0.999,ILSVRC2012_val_00025924,features.5.14,23,0.023780794255435465
999,0.999,ILSVRC2012_val_00025924,features.5.15,24,0.022857500799000265
999,0.999,ILSVRC2012_val_00025924,features.5.16,25,0.022975418716669083
999,0.999,ILSVRC2012_val_00025924,features.5.17,26,0.021891917707398532
999,0.999,ILSVRC2012_val_00025924,features.5.18,27,0.021919524855911733
999,0.999,ILSVRC2012_val_00025924,features.5.19,28,0.02107242066413164
999,0.999,ILSVRC2012_val_00025924,features.5.20,29,0.02113333372399211
999,0.999,ILSVRC2012_val_00025924,features.5.21,30,0.022315163724124433
999,0.999,ILSVRC2012_val_00025924,features.5.22,31,0.02338126562535763
999,0.999,ILSVRC2012_val_00025924,features.5.23,32,0.025837453082203865
999,0.999,ILSVRC2012_val_00025924,features.5.24,33,0.027606443502008915
999,0.999,ILSVRC2012_val_00025924,features.5.25,34,0.028428808879107238
999,0.999,ILSVRC2012_val_00025924,features.5.26,35,0.02853870391845703
999,0.999,ILSVRC2012_val_00025924,features.6,36,0.021591907646507025
999,0.999,ILSVRC2012_val_00025924,features.7.0,37,0.022174247121438385
999,0.999,ILSVRC2012_val_00025924,features.7.1,38,0.02178360316902399
999,0.999,ILSVRC2012_val_00025924,features.7.2,39,0.019845857471227645
999,0.999,ILSVRC2012_val_00025924,classifier,40,0.04490355043672025
999,0.999,ILSVRC2012_val_00027450,features.0,0,-0.004949314706027508
999,0.999,ILSVRC2012_val_00027450,features.1.0,1,-0.00038553616032004355
999,0.999,ILSVRC2012_val_00027450,features.1.1,2,0.023846556339412926
999,0.999,ILSVRC2012_val_00027450,features.1.2,3,0.021946717472746968
999,0.999,ILSVRC2012_val_00027450,features.2,4,0.020075296936556696
999,0.999,ILSVRC2012_val_00027450,features.3.0,5,0.020074363565072417
999,0.999,ILSVRC2012_val_00027450,features.3.1,6,0.022843434615060686
999,0.999,ILSVRC2012_val_00027450,features.3.2,7,0.026055799960158766
999,0.999,ILSVRC2012_val_00027450,features.4,8,0.033482634089887144
999,0.999,ILSVRC2012_val_00027450,features.5.0,9,0.030845820833928884
999,0.999,ILSVRC2012_val_00027450,features.5.1,10,0.029111735289916396
999,0.999,ILSVRC2012_val_00027450,features.5.2,11,0.03091391399502754
999,0.999,ILSVRC2012_val_00027450,features.5.3,12,0.03248834377154708
999,0.999,ILSVRC2012_val_00027450,features.5.4,13,0.037083554267883304
999,0.999,ILSVRC2012_val_00027450,features.5.5,14,0.03575361147522926
999,0.999,ILSVRC2012_val_00027450,features.5.6,15,0.034352142456918956
999,0.999,ILSVRC2012_val_00027450,features.5.7,16,0.03292434671893716
999,0.999,ILSVRC2012_val_00027450,features.5.8,17,0.03177386680617929
999,0.999,ILSVRC2012_val_00027450,features.5.9,18,0.03007881697267294
999,0.999,ILSVRC2012_val_00027450,features.5.10,19,0.029559971950948238
999,0.999,ILSVRC2012_val_00027450,features.5.11,20,0.02726863045245409
999,0.999,ILSVRC2012_val_00027450,features.5.12,21,0.02611039741896093
999,0.999,ILSVRC2012_val_00027450,features.5.13,22,0.025742626190185545
999,0.999,ILSVRC2012_val_00027450,features.5.14,23,0.0265184769872576
999,0.999,ILSVRC2012_val_00027450,features.5.15,24,0.025393778178840875
999,0.999,ILSVRC2012_val_00027450,features.5.16,25,0.025545003591105342
999,0.999,ILSVRC2012_val_00027450,features.5.17,26,0.025091298995539545
999,0.999,ILSVRC2012_val_00027450,features.5.18,27,0.026378028839826585
999,0.999,ILSVRC2012_val_00027450,features.5.19,28,0.0263707660138607
999,0.999,ILSVRC2012_val_00027450,features.5.20,29,0.026366443280130623
999,0.999,ILSVRC2012_val_00027450,features.5.21,30,0.02568830959498882
999,0.999,ILSVRC2012_val_00027450,features.5.22,31,0.025565890967845915
999,0.999,ILSVRC2012_val_00027450,features.5.23,32,0.02777913920581341
999,0.999,ILSVRC2012_val_00027450,features.5.24,33,0.030026657693088054
999,0.999,ILSVRC2012_val_00027450,features.5.25,34,0.03300714921206236
999,0.999,ILSVRC2012_val_00027450,features.5.26,35,0.03526288494467735
999,0.999,ILSVRC2012_val_00027450,features.6,36,0.02911747507750988
999,0.999,ILSVRC2012_val_00027450,features.7.0,37,0.029790284903720023
999,0.999,ILSVRC2012_val_00027450,features.7.1,38,0.029357321094721556
999,0.999,ILSVRC2012_val_00027450,features.7.2,39,0.02712309844791889
999,0.999,ILSVRC2012_val_00027450,classifier,40,0.06916887126863003
999,0.999,ILSVRC2012_val_00029063,features.0,0,0.008411394176073372
999,0.999,ILSVRC2012_val_00029063,features.1.0,1,0.030861291894689204
999,0.999,ILSVRC2012_val_00029063,features.1.1,2,0.05077797812409699
999,0.999,ILSVRC2012_val_00029063,features.1.2,3,0.04905323404818773
999,0.999,ILSVRC2012_val_00029063,features.2,4,0.04033660693094134
999,0.999,ILSVRC2012_val_00029063,features.3.0,5,0.03948092656210065
999,0.999,ILSVRC2012_val_00029063,features.3.1,6,0.0388221301138401
999,0.999,ILSVRC2012_val_00029063,features.3.2,7,0.035667396429926154
999,0.999,ILSVRC2012_val_00029063,features.4,8,0.05657744482159614
999,0.999,ILSVRC2012_val_00029063,features.5.0,9,0.050225169956684114
999,0.999,ILSVRC2012_val_00029063,features.5.1,10,0.0470991550013423
999,0.999,ILSVRC2012_val_00029063,features.5.2,11,0.046239309548400345
999,0.999,ILSVRC2012_val_00029063,features.5.3,12,0.046014918573200704
999,0.999,ILSVRC2012_val_00029063,features.5.4,13,0.04503774112090468
999,0.999,ILSVRC2012_val_00029063,features.5.5,14,0.044886448234319684
999,0.999,ILSVRC2012_val_00029063,features.5.6,15,0.04331691060215235
999,0.999,ILSVRC2012_val_00029063,features.5.7,16,0.04038820257410407
999,0.999,ILSVRC2012_val_00029063,features.5.8,17,0.037187619041651486
999,0.999,ILSVRC2012_val_00029063,features.5.9,18,0.035985047742724416
999,0.999,ILSVRC2012_val_00029063,features.5.10,19,0.03455769289284945
999,0.999,ILSVRC2012_val_00029063,features.5.11,20,0.032869070582091806
999,0.999,ILSVRC2012_val_00029063,features.5.12,21,0.03123792358674109
999,0.999,ILSVRC2012_val_00029063,features.5.13,22,0.030684910574927927
999,0.999,ILSVRC2012_val_00029063,features.5.14,23,0.030783831654116512
999,0.999,ILSVRC2012_val_00029063,features.5.15,24,0.028471731767058372
999,0.999,ILSVRC2012_val_00029063,features.5.16,25,0.027788388077169657
999,0.999,ILSVRC2012_val_00029063,features.5.17,26,0.026264979876577853
999,0.999,ILSVRC2012_val_00029063,features.5.18,27,0.026398473512381317
999,0.999,ILSVRC2012_val_00029063,features.5.19,28,0.02708756607025862
999,0.999,ILSVRC2012_val_00029063,features.5.20,29,0.02641577906906605
999,0.999,ILSVRC2012_val_00029063,features.5.21,30,0.02561785764992237
999,0.999,ILSVRC2012_val_00029063,features.5.22,31,0.024650015216320754
999,0.999,ILSVRC2012_val_00029063,features.5.23,32,0.02560875825583935
999,0.999,ILSVRC2012_val_00029063,features.5.24,33,0.026883121207356454
999,0.999,ILSVRC2012_val_00029063,features.5.25,34,0.028160588629543782
999,0.999,ILSVRC2012_val_00029063,features.5.26,35,0.026595655316486954
999,0.999,ILSVRC2012_val_00029063,features.6,36,0.02478263999801129
999,0.999,ILSVRC2012_val_00029063,features.7.0,37,0.025433557596988975
999,0.999,ILSVRC2012_val_00029063,features.7.1,38,0.02373738759197295
999,0.999,ILSVRC2012_val_00029063,features.7.2,39,0.021711999387480318
999,0.999,ILSVRC2012_val_00029063,classifier,40,0.10146652124822139
999,0.999,ILSVRC2012_val_00030419,features.0,0,0.0028967611491680146
999,0.999,ILSVRC2012_val_00030419,features.1.0,1,0.016188531392253937
999,0.999,ILSVRC2012_val_00030419,features.1.1,2,0.04046027529984712
999,0.999,ILSVRC2012_val_00030419,features.1.2,3,0.02812733920291066
999,0.999,ILSVRC2012_val_00030419,features.2,4,0.02673343289643526
999,0.999,ILSVRC2012_val_00030419,features.3.0,5,0.02755755800753832
999,0.999,ILSVRC2012_val_00030419,features.3.1,6,0.03325727600604296
999,0.999,ILSVRC2012_val_00030419,features.3.2,7,0.031057526543736457
999,0.999,ILSVRC2012_val_00030419,features.4,8,0.04396826764568686
999,0.999,ILSVRC2012_val_00030419,features.5.0,9,0.04135358035564422
999,0.999,ILSVRC2012_val_00030419,features.5.1,10,0.039055345486849545
999,0.999,ILSVRC2012_val_00030419,features.5.2,11,0.038694539666175844
999,0.999,ILSVRC2012_val_00030419,features.5.3,12,0.03749491423368454
999,0.999,ILSVRC2012_val_00030419,features.5.4,13,0.040331159438937905
999,0.999,ILSVRC2012_val_00030419,features.5.5,14,0.03893920574337244
999,0.999,ILSVRC2012_val_00030419,features.5.6,15,0.038162635453045365
999,0.999,ILSVRC2012_val_00030419,features.5.7,16,0.03708777911961079
999,0.999,ILSVRC2012_val_00030419,features.5.8,17,0.03432280286215246
999,0.999,ILSVRC2012_val_00030419,features.5.9,18,0.03245972543954849
999,0.999,ILSVRC2012_val_00030419,features.5.10,19,0.03208378427661955
999,0.999,ILSVRC2012_val_00030419,features.5.11,20,0.03151792644057423
999,0.999,ILSVRC2012_val_00030419,features.5.12,21,0.031164970598183572
999,0.999,ILSVRC2012_val_00030419,features.5.13,22,0.03069435483776033
999,0.999,ILSVRC2012_val_00030419,features.5.14,23,0.030545763473492117
999,0.999,ILSVRC2012_val_00030419,features.5.15,24,0.0292065322981216
999,0.999,ILSVRC2012_val_00030419,features.5.16,25,0.028584107756614685
999,0.999,ILSVRC2012_val_00030419,features.5.17,26,0.027718800446018578
999,0.999,ILSVRC2012_val_00030419,features.5.18,27,0.02840667525306344
999,0.999,ILSVRC2012_val_00030419,features.5.19,28,0.02852109675295651
999,0.999,ILSVRC2012_val_00030419,features.5.20,29,0.02853106437250972
999,0.999,ILSVRC2012_val_00030419,features.5.21,30,0.02938752598129213
999,0.999,ILSVRC2012_val_00030419,features.5.22,31,0.030260197445750238
999,0.999,ILSVRC2012_val_00030419,features.5.23,32,0.032268915046006444
999,0.999,ILSVRC2012_val_00030419,features.5.24,33,0.032739334367215635
999,0.999,ILSVRC2012_val_00030419,features.5.25,34,0.034538420755416153
999,0.999,ILSVRC2012_val_00030419,features.5.26,35,0.03475861139595508
999,0.999,ILSVRC2012_val_00030419,features.6,36,0.017828362947329878
999,0.999,ILSVRC2012_val_00030419,features.7.0,37,0.018060688767582177
999,0.999,ILSVRC2012_val_00030419,features.7.1,38,0.017334515741094948
999,0.999,ILSVRC2012_val_00030419,features.7.2,39,0.01628483700333163
999,0.999,ILSVRC2012_val_00030419,classifier,40,0.05079981237649918
999,0.999,ILSVRC2012_val_00030425,features.0,0,-0.015275871753692627
999,0.999,ILSVRC2012_val_00030425,features.1.0,1,0.006481050979346037
999,0.999,ILSVRC2012_val_00030425,features.1.1,2,0.028486314602196215
999,0.999,ILSVRC2012_val_00030425,features.1.2,3,0.03075003935955465
999,0.999,ILSVRC2012_val_00030425,features.2,4,0.03913944074884057
999,0.999,ILSVRC2012_val_00030425,features.3.0,5,0.036210266035050155
999,0.999,ILSVRC2012_val_00030425,features.3.1,6,0.031108478270471095
999,0.999,ILSVRC2012_val_00030425,features.3.2,7,0.027288551954552532
999,0.999,ILSVRC2012_val_00030425,features.4,8,0.04586135968565941
999,0.999,ILSVRC2012_val_00030425,features.5.0,9,0.03998508397489786
999,0.999,ILSVRC2012_val_00030425,features.5.1,10,0.03611473836936056
999,0.999,ILSVRC2012_val_00030425,features.5.2,11,0.033733187988400457
999,0.999,ILSVRC2012_val_00030425,features.5.3,12,0.03307002792134881
999,0.999,ILSVRC2012_val_00030425,features.5.4,13,0.031953444704413414
999,0.999,ILSVRC2012_val_00030425,features.5.5,14,0.03250391930341721
999,0.999,ILSVRC2012_val_00030425,features.5.6,15,0.03213888602331281
999,0.999,ILSVRC2012_val_00030425,features.5.7,16,0.03145802803337574
999,0.999,ILSVRC2012_val_00030425,features.5.8,17,0.03201379848178476
999,0.999,ILSVRC2012_val_00030425,features.5.9,18,0.03210520069114864
999,0.999,ILSVRC2012_val_00030425,features.5.10,19,0.03295752750709653
999,0.999,ILSVRC2012_val_00030425,features.5.11,20,0.03149050613865256
999,0.999,ILSVRC2012_val_00030425,features.5.12,21,0.03148648077622056
999,0.999,ILSVRC2012_val_00030425,features.5.13,22,0.029810335580259563
999,0.999,ILSVRC2012_val_00030425,features.5.14,23,0.029209110653027892
999,0.999,ILSVRC2012_val_00030425,features.5.15,24,0.02905166884884238
999,0.999,ILSVRC2012_val_00030425,features.5.16,25,0.029148751776665448
999,0.999,ILSVRC2012_val_00030425,features.5.17,26,0.028833153937011958
999,0.999,ILSVRC2012_val_00030425,features.5.18,27,0.02929423674941063
999,0.999,ILSVRC2012_val_00030425,features.5.19,28,0.02921527614817023
999,0.999,ILSVRC2012_val_00030425,features.5.20,29,0.029275308642536402
999,0.999,ILSVRC2012_val_00030425,features.5.21,30,0.030304179713129997
999,0.999,ILSVRC2012_val_00030425,features.5.22,31,0.03161322483792901
999,0.999,ILSVRC2012_val_00030425,features.5.23,32,0.03380795400589705
999,0.999,ILSVRC2012_val_00030425,features.5.24,33,0.036305401101708414
999,0.999,ILSVRC2012_val_00030425,features.5.25,34,0.037329904921352866
999,0.999,ILSVRC2012_val_00030425,features.5.26,35,0.03943950077518821
999,0.999,ILSVRC2012_val_00030425,features.6,36,0.030584468878805636
999,0.999,ILSVRC2012_val_00030425,features.7.0,37,0.028231583861634137
999,0.999,ILSVRC2012_val_00030425,features.7.1,38,0.02694792519323528
999,0.999,ILSVRC2012_val_00030425,features.7.2,39,0.02566763823851943
999,0.999,ILSVRC2012_val_00030425,classifier,40,0.07812721063382924
999,0.999,ILSVRC2012_val_00035318,features.0,0,0.033444979973137376
999,0.999,ILSVRC2012_val_00035318,features.1.0,1,0.0735433632740751
999,0.999,ILSVRC2012_val_00035318,features.1.1,2,0.06918723266571761
999,0.999,ILSVRC2012_val_00035318,features.1.2,3,0.06219764417037368
999,0.999,ILSVRC2012_val_00035318,features.2,4,0.061873935721814634
999,0.999,ILSVRC2012_val_00035318,features.3.0,5,0.05415584817528725
999,0.999,ILSVRC2012_val_00035318,features.3.1,6,0.04909741673618555
999,0.999,ILSVRC2012_val_00035318,features.3.2,7,0.05559329353272915
999,0.999,ILSVRC2012_val_00035318,features.4,8,0.062482329364866016
999,0.999,ILSVRC2012_val_00035318,features.5.0,9,0.05729960333555937
999,0.999,ILSVRC2012_val_00035318,features.5.1,10,0.05162721688393503
999,0.999,ILSVRC2012_val_00035318,features.5.2,11,0.051839192118495706
999,0.999,ILSVRC2012_val_00035318,features.5.3,12,0.05035852715373039
999,0.999,ILSVRC2012_val_00035318,features.5.4,13,0.053110204311087726
999,0.999,ILSVRC2012_val_00035318,features.5.5,14,0.0506394422147423
999,0.999,ILSVRC2012_val_00035318,features.5.6,15,0.0494504754897207
999,0.999,ILSVRC2012_val_00035318,features.5.7,16,0.04692303212359548
999,0.999,ILSVRC2012_val_00035318,features.5.8,17,0.04616739372722804
999,0.999,ILSVRC2012_val_00035318,features.5.9,18,0.04533347950782627
999,0.999,ILSVRC2012_val_00035318,features.5.10,19,0.044245678326115014
999,0.999,ILSVRC2012_val_00035318,features.5.11,20,0.042586054746061565
999,0.999,ILSVRC2012_val_00035318,features.5.12,21,0.04033766435459256
999,0.999,ILSVRC2012_val_00035318,features.5.13,22,0.04012759756296873
999,0.999,ILSVRC2012_val_00035318,features.5.14,23,0.03958668643608689
999,0.999,ILSVRC2012_val_00035318,features.5.15,24,0.03635292649269104
999,0.999,ILSVRC2012_val_00035318,features.5.16,25,0.03626692965626717
999,0.999,ILSVRC2012_val_00035318,features.5.17,26,0.03418957367539406
999,0.999,ILSVRC2012_val_00035318,features.5.18,27,0.033642977848649024
999,0.999,ILSVRC2012_val_00035318,features.5.19,28,0.03367818836122751
999,0.999,ILSVRC2012_val_00035318,features.5.20,29,0.031873594224452975
999,0.999,ILSVRC2012_val_00035318,features.5.21,30,0.03053138367831707
999,0.999,ILSVRC2012_val_00035318,features.5.22,31,0.029324907809495926
999,0.999,ILSVRC2012_val_00035318,features.5.23,32,0.03018624670803547
999,0.999,ILSVRC2012_val_00035318,features.5.24,33,0.030490994080901147
999,0.999,ILSVRC2012_val_00035318,features.5.25,34,0.031739755533635616
999,0.999,ILSVRC2012_val_00035318,features.5.26,35,0.0333112389780581
999,0.999,ILSVRC2012_val_00035318,features.6,36,0.013810980855487287
999,0.999,ILSVRC2012_val_00035318,features.7.0,37,0.013966592377983034
999,0.999,ILSVRC2012_val_00035318,features.7.1,38,0.011569628189317883
999,0.999,ILSVRC2012_val_00035318,features.7.2,39,0.009977793577127159
999,0.999,ILSVRC2012_val_00035318,classifier,40,0.04513767887838185
999,0.999,ILSVRC2012_val_00035574,features.0,0,0.004682251298800111
999,0.999,ILSVRC2012_val_00035574,features.1.0,1,0.01468638270162046
999,0.999,ILSVRC2012_val_00035574,features.1.1,2,0.03297572745941579
999,0.999,ILSVRC2012_val_00035574,features.1.2,3,0.03269428280182183
999,0.999,ILSVRC2012_val_00035574,features.2,4,0.02769750412553549
999,0.999,ILSVRC2012_val_00035574,features.3.0,5,0.025295892031863332
999,0.999,ILSVRC2012_val_00035574,features.3.1,6,0.02804763410240412
999,0.999,ILSVRC2012_val_00035574,features.3.2,7,0.02753070052713156
999,0.999,ILSVRC2012_val_00035574,features.4,8,0.03830656595528126
999,0.999,ILSVRC2012_val_00035574,features.5.0,9,0.034883512277156116
999,0.999,ILSVRC2012_val_00035574,features.5.1,10,0.031394418841227886
999,0.999,ILSVRC2012_val_00035574,features.5.2,11,0.032218229956924915
999,0.999,ILSVRC2012_val_00035574,features.5.3,12,0.03129832036793232
999,0.999,ILSVRC2012_val_00035574,features.5.4,13,0.03176583983004093
999,0.999,ILSVRC2012_val_00035574,features.5.5,14,0.03224871344864368
999,0.999,ILSVRC2012_val_00035574,features.5.6,15,0.030925156176090242
999,0.999,ILSVRC2012_val_00035574,features.5.7,16,0.029902579355984928
999,0.999,ILSVRC2012_val_00035574,features.5.8,17,0.02925046840682626
999,0.999,ILSVRC2012_val_00035574,features.5.9,18,0.029010047391057014
999,0.999,ILSVRC2012_val_00035574,features.5.10,19,0.02702756931539625
999,0.999,ILSVRC2012_val_00035574,features.5.11,20,0.025898589426651596
999,0.999,ILSVRC2012_val_00035574,features.5.12,21,0.024914761306717992
999,0.999,ILSVRC2012_val_00035574,features.5.13,22,0.025055411085486413
999,0.999,ILSVRC2012_val_00035574,features.5.14,23,0.025705605233088135
999,0.999,ILSVRC2012_val_00035574,features.5.15,24,0.025369102042168377
999,0.999,ILSVRC2012_val_00035574,features.5.16,25,0.02576302969828248
999,0.999,ILSVRC2012_val_00035574,features.5.17,26,0.0252810669131577
999,0.999,ILSVRC2012_val_00035574,features.5.18,27,0.026561168115586044
999,0.999,ILSVRC2012_val_00035574,features.5.19,28,0.026428249850869178
999,0.999,ILSVRC2012_val_00035574,features.5.20,29,0.025433695875108242
999,0.999,ILSVRC2012_val_00035574,features.5.21,30,0.026090964674949646
999,0.999,ILSVRC2012_val_00035574,features.5.22,31,0.026320808846503497
999,0.999,ILSVRC2012_val_00035574,features.5.23,32,0.026446598023176192
999,0.999,ILSVRC2012_val_00035574,features.5.24,33,0.026838590763509272
999,0.999,ILSVRC2012_val_00035574,features.5.25,34,0.029122284986078738
999,0.999,ILSVRC2012_val_00035574,features.5.26,35,0.028128959704190493
999,0.999,ILSVRC2012_val_00035574,features.6,36,0.027033290546387433
999,0.999,ILSVRC2012_val_00035574,features.7.0,37,0.027413050923496485
999,0.999,ILSVRC2012_val_00035574,features.7.1,38,0.02586859669536352
999,0.999,ILSVRC2012_val_00035574,features.7.2,39,0.02494946204824373
999,0.999,ILSVRC2012_val_00035574,classifier,40,0.10122240670025348
999,0.999,ILSVRC2012_val_00036158,features.0,0,0.020266979560256006
999,0.999,ILSVRC2012_val_00036158,features.1.0,1,0.03351718187332153
999,0.999,ILSVRC2012_val_00036158,features.1.1,2,0.05647651245817542
999,0.999,ILSVRC2012_val_00036158,features.1.2,3,0.04449634347110987
999,0.999,ILSVRC2012_val_00036158,features.2,4,0.03285800400190055
999,0.999,ILSVRC2012_val_00036158,features.3.0,5,0.033110884577035905
999,0.999,ILSVRC2012_val_00036158,features.3.1,6,0.030903871543705462
999,0.999,ILSVRC2012_val_00036158,features.3.2,7,0.027124642767012118
999,0.999,ILSVRC2012_val_00036158,features.4,8,0.04190064547583461
999,0.999,ILSVRC2012_val_00036158,features.5.0,9,0.03826234024018049
999,0.999,ILSVRC2012_val_00036158,features.5.1,10,0.03515209937468171
999,0.999,ILSVRC2012_val_00036158,features.5.2,11,0.03414680100977421
999,0.999,ILSVRC2012_val_00036158,features.5.3,12,0.03361624302342534
999,0.999,ILSVRC2012_val_00036158,features.5.4,13,0.03280967902392149
999,0.999,ILSVRC2012_val_00036158,features.5.5,14,0.03194515984505415
999,0.999,ILSVRC2012_val_00036158,features.5.6,15,0.032547262590378524
999,0.999,ILSVRC2012_val_00036158,features.5.7,16,0.031025339011102916
999,0.999,ILSVRC2012_val_00036158,features.5.8,17,0.028149128099903463
999,0.999,ILSVRC2012_val_00036158,features.5.9,18,0.02597757400944829
999,0.999,ILSVRC2012_val_00036158,features.5.10,19,0.02668466647155583
999,0.999,ILSVRC2012_val_00036158,features.5.11,20,0.025522303860634567
999,0.999,ILSVRC2012_val_00036158,features.5.12,21,0.025720188114792108
999,0.999,ILSVRC2012_val_00036158,features.5.13,22,0.025131780840456485
999,0.999,ILSVRC2012_val_00036158,features.5.14,23,0.02470886316150427
999,0.999,ILSVRC2012_val_00036158,features.5.15,24,0.02505229851230979
999,0.999,ILSVRC2012_val_00036158,features.5.16,25,0.024226639280095698
999,0.999,ILSVRC2012_val_00036158,features.5.17,26,0.0233352642506361
999,0.999,ILSVRC2012_val_00036158,features.5.18,27,0.024159765616059304
999,0.999,ILSVRC2012_val_00036158,features.5.19,28,0.02268817937001586
999,0.999,ILSVRC2012_val_00036158,features.5.20,29,0.02217852617613971
999,0.999,ILSVRC2012_val_00036158,features.5.21,30,0.021616587601602077
999,0.999,ILSVRC2012_val_00036158,features.5.22,31,0.022340161353349687
999,0.999,ILSVRC2012_val_00036158,features.5.23,32,0.02296018279157579
999,0.999,ILSVRC2012_val_00036158,features.5.24,33,0.02387194549664855
999,0.999,ILSVRC2012_val_00036158,features.5.25,34,0.025013683550059795
999,0.999,ILSVRC2012_val_00036158,features.5.26,35,0.024563765432685614
999,0.999,ILSVRC2012_val_00036158,features.6,36,0.007470564031973481
999,0.999,ILSVRC2012_val_00036158,features.7.0,37,0.0081001962069422
999,0.999,ILSVRC2012_val_00036158,features.7.1,38,0.006937419204041362
999,0.999,ILSVRC2012_val_00036158,features.7.2,39,0.005915338173508644
999,0.999,ILSVRC2012_val_00036158,classifier,40,0.007855892833322286
999,0.999,ILSVRC2012_val_00041330,features.0,0,-0.005426238279324025
999,0.999,ILSVRC2012_val_00041330,features.1.0,1,-0.01866020360030234
999,0.999,ILSVRC2012_val_00041330,features.1.1,2,0.011214956268668174
999,0.999,ILSVRC2012_val_00041330,features.1.2,3,0.007442305982112885
999,0.999,ILSVRC2012_val_00041330,features.2,4,0.004221515823155641
999,0.999,ILSVRC2012_val_00041330,features.3.0,5,0.007791446545161307
999,0.999,ILSVRC2012_val_00041330,features.3.1,6,0.017772150039672852
999,0.999,ILSVRC2012_val_00041330,features.3.2,7,0.01536431034328416
999,0.999,ILSVRC2012_val_00041330,features.4,8,0.021850244159577415
999,0.999,ILSVRC2012_val_00041330,features.5.0,9,0.023236934293527155
999,0.999,ILSVRC2012_val_00041330,features.5.1,10,0.024214315786957742
999,0.999,ILSVRC2012_val_00041330,features.5.2,11,0.025924085546284913
999,0.999,ILSVRC2012_val_00041330,features.5.3,12,0.029419047152623536
999,0.999,ILSVRC2012_val_00041330,features.5.4,13,0.03705138411605731
999,0.999,ILSVRC2012_val_00041330,features.5.5,14,0.03874710802920163
999,0.999,ILSVRC2012_val_00041330,features.5.6,15,0.04097283298615366
999,0.999,ILSVRC2012_val_00041330,features.5.7,16,0.03991706967353821
999,0.999,ILSVRC2012_val_00041330,features.5.8,17,0.04104765448719263
999,0.999,ILSVRC2012_val_00041330,features.5.9,18,0.04070067554712296
999,0.999,ILSVRC2012_val_00041330,features.5.10,19,0.04106342168524861
999,0.999,ILSVRC2012_val_00041330,features.5.11,20,0.04053842173889279
999,0.999,ILSVRC2012_val_00041330,features.5.12,21,0.04086212432011962
999,0.999,ILSVRC2012_val_00041330,features.5.13,22,0.04018062809482217
999,0.999,ILSVRC2012_val_00041330,features.5.14,23,0.041517893131822345
999,0.999,ILSVRC2012_val_00041330,features.5.15,24,0.03960287254303694
999,0.999,ILSVRC2012_val_00041330,features.5.16,25,0.03974948695395142
999,0.999,ILSVRC2012_val_00041330,features.5.17,26,0.038374587765429166
999,0.999,ILSVRC2012_val_00041330,features.5.18,27,0.0406454801093787
999,0.999,ILSVRC2012_val_00041330,features.5.19,28,0.040379601158201696
999,0.999,ILSVRC2012_val_00041330,features.5.20,29,0.0392716424074024
999,0.999,ILSVRC2012_val_00041330,features.5.21,30,0.04039955154294148
999,0.999,ILSVRC2012_val_00041330,features.5.22,31,0.03949811677448452
999,0.999,ILSVRC2012_val_00041330,features.5.23,32,0.04062454858794808
999,0.999,ILSVRC2012_val_00041330,features.5.24,33,0.04065790455788374
999,0.999,ILSVRC2012_val_00041330,features.5.25,34,0.04165274892002344
999,0.999,ILSVRC2012_val_00041330,features.5.26,35,0.041971819126047194
999,0.999,ILSVRC2012_val_00041330,features.6,36,0.018737495131790637
999,0.999,ILSVRC2012_val_00041330,features.7.0,37,0.021389982011169196
999,0.999,ILSVRC2012_val_00041330,features.7.1,38,0.01968206139281392
999,0.999,ILSVRC2012_val_00041330,features.7.2,39,0.018043659394606948
999,0.999,ILSVRC2012_val_00041330,classifier,40,0.03611487564630807
999,0.999,ILSVRC2012_val_00048463,features.0,0,0.02244191784411669
999,0.999,ILSVRC2012_val_00048463,features.1.0,1,0.02140719573944807
999,0.999,ILSVRC2012_val_00048463,features.1.1,2,0.04977775849401951
999,0.999,ILSVRC2012_val_00048463,features.1.2,3,0.051236552000045774
999,0.999,ILSVRC2012_val_00048463,features.2,4,0.037092610541731116
999,0.999,ILSVRC2012_val_00048463,features.3.0,5,0.036208985932171346
999,0.999,ILSVRC2012_val_00048463,features.3.1,6,0.039592128433287146
999,0.999,ILSVRC2012_val_00048463,features.3.2,7,0.03865245655179024
999,0.999,ILSVRC2012_val_00048463,features.4,8,0.0527206651866436
999,0.999,ILSVRC2012_val_00048463,features.5.0,9,0.04989101886749268
999,0.999,ILSVRC2012_val_00048463,features.5.1,10,0.04595474731177092
999,0.999,ILSVRC2012_val_00048463,features.5.2,11,0.04430862460285425
999,0.999,ILSVRC2012_val_00048463,features.5.3,12,0.04296614993363619
999,0.999,ILSVRC2012_val_00048463,features.5.4,13,0.044039052724838254
999,0.999,ILSVRC2012_val_00048463,features.5.5,14,0.04171511810272932
999,0.999,ILSVRC2012_val_00048463,features.5.6,15,0.04009695015847683
999,0.999,ILSVRC2012_val_00048463,features.5.7,16,0.037923875544220206
999,0.999,ILSVRC2012_val_00048463,features.5.8,17,0.03535209810361266
999,0.999,ILSVRC2012_val_00048463,features.5.9,18,0.03412079592235386
999,0.999,ILSVRC2012_val_00048463,features.5.10,19,0.03335701993200928
999,0.999,ILSVRC2012_val_00048463,features.5.11,20,0.03172762719914317
999,0.999,ILSVRC2012_val_00048463,features.5.12,21,0.03191888034343719
999,0.999,ILSVRC2012_val_00048463,features.5.13,22,0.032285172352567316
999,0.999,ILSVRC2012_val_00048463,features.5.14,23,0.03281840472482145
999,0.999,ILSVRC2012_val_00048463,features.5.15,24,0.03246989767067134
999,0.999,ILSVRC2012_val_00048463,features.5.16,25,0.031174748670309782
999,0.999,ILSVRC2012_val_00048463,features.5.17,26,0.03087958083488047
999,0.999,ILSVRC2012_val_00048463,features.5.18,27,0.03170224311761558
999,0.999,ILSVRC2012_val_00048463,features.5.19,28,0.03230581106618047
999,0.999,ILSVRC2012_val_00048463,features.5.20,29,0.032020719978027044
999,0.999,ILSVRC2012_val_00048463,features.5.21,30,0.032617309829220176
999,0.999,ILSVRC2012_val_00048463,features.5.22,31,0.0336547622224316
999,0.999,ILSVRC2012_val_00048463,features.5.23,32,0.03608666672371328
999,0.999,ILSVRC2012_val_00048463,features.5.24,33,0.03911336730234325
999,0.999,ILSVRC2012_val_00048463,features.5.25,34,0.04006792427971959
999,0.999,ILSVRC2012_val_00048463,features.5.26,35,0.03847072008065879
999,0.999,ILSVRC2012_val_00048463,features.6,36,0.029302336298860608
999,0.999,ILSVRC2012_val_00048463,features.7.0,37,0.03082983640488237
999,0.999,ILSVRC2012_val_00048463,features.7.1,38,0.026937325950711966
999,0.999,ILSVRC2012_val_00048463,features.7.2,39,0.0233316135359928
999,0.999,ILSVRC2012_val_00048463,classifier,40,0.04473680066876114
