variant,exclude_classifier,noise_step,rho,x,low_mean,high_mean,gap_mean
with_classifier,False,0,0.0,0.0,1.0,1.0,0.0
with_classifier,False,0,0.0,0.005,1.0,1.0,0.0
with_classifier,False,0,0.0,0.01,1.0,1.0,0.0
with_classifier,False,0,0.0,0.015,1.0,1.0,0.0
with_classifier,False,0,0.0,0.02,1.0,1.0,0.0
with_classifier,False,0,0.0,0.025,1.0,1.0,0.0
with_classifier,False,0,0.0,0.03,1.0,1.0,0.0
with_classifier,False,0,0.0,0.035,1.0,1.0,0.0
with_classifier,False,0,0.0,0.04,1.0,1.0,0.0
with_classifier,False,0,0.0,0.045,1.0,1.0,0.0
with_classifier,False,0,0.0,0.05,1.0,1.0,0.0
with_classifier,False,0,0.0,0.055,1.0,1.0,0.0
with_classifier,False,0,0.0,0.06,1.0,1.0,0.0
with_classifier,False,0,0.0,0.065,1.0,1.0,0.0
with_classifier,False,0,0.0,0.07,1.0,1.0,0.0
with_classifier,False,0,0.0,0.075,1.0,1.0,0.0
with_classifier,False,0,0.0,0.08,1.0,1.0,0.0
with_classifier,False,0,0.0,0.085,1.0,1.0,0.0
with_classifier,False,0,0.0,0.09,1.0,1.0,0.0
with_classifier,False,0,0.0,0.095,1.0,1.0,0.0
with_classifier,False,0,0.0,0.1,1.0,1.0,0.0
with_classifier,False,0,0.0,0.105,1.0,1.0,0.0
with_classifier,False,0,0.0,0.11,1.0,1.0,0.0
with_classifier,False,0,0.0,0.115,1.0,1.0,0.0
with_classifier,False,0,0.0,0.12,1.0,1.0,0.0
with_classifier,False,0,0.0,0.125,1.0,1.0,0.0
with_classifier,False,0,0.0,0.13,1.0,1.0,0.0
with_classifier,False,0,0.0,0.135,1.0,1.0,0.0
with_classifier,False,0,0.0,0.14,1.0,1.0,0.0
with_classifier,False,0,0.0,0.145,1.0,1.0,0.0
with_classifier,False,0,0.0,0.15,1.0,1.0,0.0
with_classifier,False,0,0.0,0.155,1.0,1.0,0.0
with_classifier,False,0,0.0,0.16,1.0,1.0,0.0
with_classifier,False,0,0.0,0.165,1.0,1.0,0.0
with_classifier,False,0,0.0,0.17,1.0,1.0,0.0
with_classifier,False,0,0.0,0.17500000000000002,1.0,1.0,0.0
with_classifier,False,0,0.0,0.18,1.0,1.0,0.0
with_classifier,False,0,0.0,0.185,1.0,1.0,0.0
with_classifier,False,0,0.0,0.19,1.0,1.0,0.0
with_classifier,False,0,0.0,0.195,1.0,1.0,0.0
with_classifier,False,0,0.0,0.2,1.0,1.0,0.0
with_classifier,False,0,0.0,0.20500000000000002,1.0,1.0,0.0
with_classifier,False,0,0.0,0.21,1.0,1.0,0.0
with_classifier,False,0,0.0,0.215,1.0,1.0,0.0
with_classifier,False,0,0.0,0.22,1.0,1.0,0.0
with_classifier,False,0,0.0,0.225,1.0,1.0,0.0
with_classifier,False,0,0.0,0.23,1.0,1.0,0.0
with_classifier,False,0,0.0,0.23500000000000001,1.0,1.0,0.0
with_classifier,False,0,0.0,0.24,1.0,1.0,0.0
with_classifier,False,0,0.0,0.245,1.0,1.0,0.0
with_classifier,False,0,0.0,0.25,1.0,1.0,0.0
with_classifier,False,0,0.0,0.255,1.0,1.0,0.0
with_classifier,False,0,0.0,0.26,1.0,1.0,0.0
with_classifier,False,0,0.0,0.265,1.0,1.0,0.0
with_classifier,False,0,0.0,0.27,1.0,1.0,0.0
with_classifier,False,0,0.0,0.275,1.0,1.0,0.0
with_classifier,False,0,0.0,0.28,1.0,1.0,0.0
with_classifier,False,0,0.0,0.28500000000000003,1.0,1.0,0.0
with_classifier,False,0,0.0,0.29,1.0,1.0,0.0
with_classifier,False,0,0.0,0.295,1.0,1.0,0.0
with_classifier,False,0,0.0,0.3,1.0,1.0,0.0
with_classifier,False,0,0.0,0.305,1.0,1.0,0.0
with_classifier,False,0,0.0,0.31,1.0,1.0,0.0
with_classifier,False,0,0.0,0.315,1.0,1.0,0.0
with_classifier,False,0,0.0,0.32,1.0,1.0,0.0
with_classifier,False,0,0.0,0.325,1.0,1.0,0.0
with_classifier,False,0,0.0,0.33,1.0,1.0,0.0
with_classifier,False,0,0.0,0.335,1.0,1.0,0.0
with_classifier,False,0,0.0,0.34,1.0,1.0,0.0
with_classifier,False,0,0.0,0.34500000000000003,1.0,1.0,0.0
with_classifier,False,0,0.0,0.35000000000000003,1.0,1.0,0.0
with_classifier,False,0,0.0,0.355,1.0,1.0,0.0
with_classifier,False,0,0.0,0.36,1.0,1.0,0.0
with_classifier,False,0,0.0,0.365,1.0,1.0,0.0
with_classifier,False,0,0.0,0.37,1.0,1.0,0.0
with_classifier,False,0,0.0,0.375,1.0,1.0,0.0
with_classifier,False,0,0.0,0.38,1.0,1.0,0.0
with_classifier,False,0,0.0,0.385,1.0,1.0,0.0
with_classifier,False,0,0.0,0.39,1.0,1.0,0.0
with_classifier,False,0,0.0,0.395,1.0,1.0,0.0
with_classifier,False,0,0.0,0.4,1.0,1.0,0.0
with_classifier,False,0,0.0,0.405,1.0,1.0,0.0
with_classifier,False,0,0.0,0.41000000000000003,1.0,1.0,0.0
with_classifier,False,0,0.0,0.41500000000000004,1.0,1.0,0.0
with_classifier,False,0,0.0,0.42,1.0,1.0,0.0
with_classifier,False,0,0.0,0.425,1.0,1.0,0.0
with_classifier,False,0,0.0,0.43,1.0,1.0,0.0
with_classifier,False,0,0.0,0.435,1.0,1.0,0.0
with_classifier,False,0,0.0,0.44,1.0,1.0,0.0
with_classifier,False,0,0.0,0.445,1.0,1.0,0.0
with_classifier,False,0,0.0,0.45,1.0,1.0,0.0
with_classifier,False,0,0.0,0.455,1.0,1.0,0.0
with_classifier,False,0,0.0,0.46,1.0,1.0,0.0
with_classifier,False,0,0.0,0.465,1.0,1.0,0.0
with_classifier,False,0,0.0,0.47000000000000003,1.0,1.0,0.0
with_classifier,False,0,0.0,0.47500000000000003,1.0,1.0,0.0
with_classifier,False,0,0.0,0.48,1.0,1.0,0.0
with_classifier,False,0,0.0,0.485,1.0,1.0,0.0
with_classifier,False,0,0.0,0.49,1.0,1.0,0.0
with_classifier,False,0,0.0,0.495,1.0,1.0,0.0
with_classifier,False,0,0.0,0.5,1.0,1.0,0.0
with_classifier,False,0,0.0,0.505,1.0,1.0,0.0
with_classifier,False,0,0.0,0.51,1.0,1.0,0.0
with_classifier,False,0,0.0,0.515,1.0,1.0,0.0
with_classifier,False,0,0.0,0.52,1.0,1.0,0.0
with_classifier,False,0,0.0,0.525,1.0,1.0,0.0
with_classifier,False,0,0.0,0.53,1.0,1.0,0.0
with_classifier,False,0,0.0,0.535,1.0,1.0,0.0
with_classifier,False,0,0.0,0.54,1.0,1.0,0.0
with_classifier,False,0,0.0,0.545,1.0,1.0,0.0
with_classifier,False,0,0.0,0.55,1.0,1.0,0.0
with_classifier,False,0,0.0,0.555,1.0,1.0,0.0
with_classifier,False,0,0.0,0.56,1.0,1.0,0.0
with_classifier,False,0,0.0,0.5650000000000001,1.0,1.0,0.0
with_classifier,False,0,0.0,0.5700000000000001,1.0,1.0,0.0
with_classifier,False,0,0.0,0.5750000000000001,1.0,1.0,0.0
with_classifier,False,0,0.0,0.58,1.0,1.0,0.0
with_classifier,False,0,0.0,0.585,1.0,1.0,0.0
with_classifier,False,0,0.0,0.59,1.0,1.0,0.0
with_classifier,False,0,0.0,0.595,1.0,1.0,0.0
with_classifier,False,0,0.0,0.6,1.0,1.0,0.0
with_classifier,False,0,0.0,0.605,1.0,1.0,0.0
with_classifier,False,0,0.0,0.61,1.0,1.0,0.0
with_classifier,False,0,0.0,0.615,1.0,1.0,0.0
with_classifier,False,0,0.0,0.62,1.0,1.0,0.0
with_classifier,False,0,0.0,0.625,1.0,1.0,0.0
with_classifier,False,0,0.0,0.63,1.0,1.0,0.0
with_classifier,False,0,0.0,0.635,1.0,1.0,0.0
with_classifier,False,0,0.0,0.64,1.0,1.0,0.0
with_classifier,False,0,0.0,0.645,1.0,1.0,0.0
with_classifier,False,0,0.0,0.65,1.0,1.0,0.0
with_classifier,False,0,0.0,0.655,1.0,1.0,0.0
with_classifier,False,0,0.0,0.66,1.0,1.0,0.0
with_classifier,False,0,0.0,0.665,1.0,1.0,0.0
with_classifier,False,0,0.0,0.67,1.0,1.0,0.0
with_classifier,False,0,0.0,0.675,1.0,1.0,0.0
with_classifier,False,0,0.0,0.68,1.0,1.0,0.0
with_classifier,False,0,0.0,0.685,1.0,1.0,0.0
with_classifier,False,0,0.0,0.6900000000000001,1.0,1.0,0.0
with_classifier,False,0,0.0,0.6950000000000001,1.0,1.0,0.0
with_classifier,False,0,0.0,0.7000000000000001,1.0,1.0,0.0
with_classifier,False,0,0.0,0.705,1.0,1.0,0.0
with_classifier,False,0,0.0,0.71,1.0,1.0,0.0
with_classifier,False,0,0.0,0.715,1.0,1.0,0.0
with_classifier,False,0,0.0,0.72,1.0,1.0,0.0
with_classifier,False,0,0.0,0.725,1.0,1.0,0.0
with_classifier,False,0,0.0,0.73,1.0,1.0,0.0
with_classifier,False,0,0.0,0.735,1.0,1.0,0.0
with_classifier,False,0,0.0,0.74,1.0,1.0,0.0
with_classifier,False,0,0.0,0.745,1.0,1.0,0.0
with_classifier,False,0,0.0,0.75,1.0,1.0,0.0
with_classifier,False,0,0.0,0.755,1.0,1.0,0.0
with_classifier,False,0,0.0,0.76,1.0,1.0,0.0
with_classifier,False,0,0.0,0.765,1.0,1.0,0.0
with_classifier,False,0,0.0,0.77,1.0,1.0,0.0
with_classifier,False,0,0.0,0.775,1.0,1.0,0.0
with_classifier,False,0,0.0,0.78,1.0,1.0,0.0
with_classifier,False,0,0.0,0.785,1.0,1.0,0.0
with_classifier,False,0,0.0,0.79,1.0,1.0,0.0
with_classifier,False,0,0.0,0.795,1.0,1.0,0.0
with_classifier,False,0,0.0,0.8,1.0,1.0,0.0
with_classifier,False,0,0.0,0.805,1.0,1.0,0.0
with_classifier,False,0,0.0,0.81,1.0,1.0,0.0
with_classifier,False,0,0.0,0.8150000000000001,1.0,1.0,0.0
with_classifier,False,0,0.0,0.8200000000000001,1.0,1.0,0.0
with_classifier,False,0,0.0,0.8250000000000001,1.0,1.0,0.0
with_classifier,False,0,0.0,0.8300000000000001,1.0,1.0,0.0
with_classifier,False,0,0.0,0.835,1.0,1.0,0.0
with_classifier,False,0,0.0,0.84,1.0,1.0,0.0
with_classifier,False,0,0.0,0.845,1.0,1.0,0.0
with_classifier,False,0,0.0,0.85,1.0,1.0,0.0
with_classifier,False,0,0.0,0.855,1.0,1.0,0.0
with_classifier,False,0,0.0,0.86,1.0,1.0,0.0
with_classifier,False,0,0.0,0.865,1.0,1.0,0.0
with_classifier,False,0,0.0,0.87,1.0,1.0,0.0
with_classifier,False,0,0.0,0.875,1.0,1.0,0.0
with_classifier,False,0,0.0,0.88,1.0,1.0,0.0
with_classifier,False,0,0.0,0.885,1.0,1.0,0.0
with_classifier,False,0,0.0,0.89,1.0,1.0,0.0
with_classifier,False,0,0.0,0.895,1.0,1.0,0.0
with_classifier,False,0,0.0,0.9,1.0,1.0,0.0
with_classifier,False,0,0.0,0.905,1.0,1.0,0.0
with_classifier,False,0,0.0,0.91,1.0,1.0,0.0
with_classifier,False,0,0.0,0.915,1.0,1.0,0.0
with_classifier,False,0,0.0,0.92,1.0,1.0,0.0
with_classifier,False,0,0.0,0.925,1.0,1.0,0.0
with_classifier,False,0,0.0,0.93,1.0,1.0,0.0
with_classifier,False,0,0.0,0.935,1.0,1.0,0.0
with_classifier,False,0,0.0,0.9400000000000001,1.0,1.0,0.0
with_classifier,False,0,0.0,0.9450000000000001,1.0,1.0,0.0
with_classifier,False,0,0.0,0.9500000000000001,1.0,1.0,0.0
with_classifier,False,0,0.0,0.9550000000000001,1.0,1.0,0.0
with_classifier,False,0,0.0,0.96,1.0,1.0,0.0
with_classifier,False,0,0.0,0.965,1.0,1.0,0.0
with_classifier,False,0,0.0,0.97,1.0,1.0,0.0
with_classifier,False,0,0.0,0.975,1.0,1.0,0.0
with_classifier,False,0,0.0,0.98,1.0,1.0,0.0
with_classifier,False,0,0.0,0.985,1.0,1.0,0.0
with_classifier,False,0,0.0,0.99,1.0,1.0,0.0
with_classifier,False,0,0.0,0.995,1.0,1.0,0.0
with_classifier,False,0,0.0,1.0,1.0,1.0,0.0
with_classifier,False,100,0.1,0.0,1.0,1.0,0.0
with_classifier,False,100,0.1,0.005,0.8535738180221975,0.964349443953398,0.1107756259312005
with_classifier,False,100,0.1,0.01,0.7073057398089144,0.928740756698588,0.2214350168896736
with_classifier,False,100,0.1,0.015,0.6730623250022647,0.9173148868112833,0.24425256180901855
with_classifier,False,100,0.1,0.02,0.6388524032782679,0.9059040231496788,0.2670516198714109
with_classifier,False,100,0.1,0.025,0.6195328034820944,0.8983542282472747,0.27882142476518035
with_classifier,False,100,0.1,0.03,0.6002276024780301,0.8907897136229878,0.29056211114495767
with_classifier,False,100,0.1,0.035,0.5868951411139249,0.8845065367011598,0.2976113955872348
with_classifier,False,100,0.1,0.04,0.5735753393716128,0.8782504972482836,0.3046751578766709
with_classifier,False,100,0.1,0.045,0.5635330064333111,0.8728712486287421,0.30933824219543105
with_classifier,False,100,0.1,0.05,0.5534944952027511,0.8674804195590722,0.3139859243563211
with_classifier,False,100,0.1,0.055,0.5453783613931416,0.8630621782075758,0.31768381681443425
with_classifier,False,100,0.1,0.06,0.5372714294601781,0.8586417270263498,0.32137029756617164
with_classifier,False,100,0.1,0.065,0.5304556375203668,0.8548362654021313,0.32438062788176447
with_classifier,False,100,0.1,0.07,0.5236475301140039,0.8510648931588314,0.3274173630448275
with_classifier,False,100,0.1,0.075,0.5180605371280812,0.8468229225821968,0.3287623854541156
with_classifier,False,100,0.1,0.08,0.512468755485591,0.8425585093172483,0.3300897538316573
with_classifier,False,100,0.1,0.085,0.5075750803815763,0.8394759685859199,0.3319008882043436
with_classifier,False,100,0.1,0.09,0.5026847697137169,0.8363942017384278,0.33370943202471093
with_classifier,False,100,0.1,0.095,0.49812088680735156,0.8332178155560364,0.3350969287486848
with_classifier,False,100,0.1,0.1,0.49356791531323463,0.8300485246250796,0.336480609311845
with_classifier,False,100,0.1,0.105,0.4894790305486021,0.8274373995488465,0.33795836900024445
with_classifier,False,100,0.1,0.11,0.48539373149023957,0.8248069401706838,0.3394132086804442
with_classifier,False,100,0.1,0.115,0.481555168144636,0.8218848767088826,0.34032970856424655
with_classifier,False,100,0.1,0.12,0.4776995180062082,0.8189670986325241,0.34126758062631596
with_classifier,False,100,0.1,0.125,0.4743110036307643,0.815702033180599,0.3413910295498347
with_classifier,False,100,0.1,0.13,0.47094789962724654,0.8124699166571909,0.3415220170299444
with_classifier,False,100,0.1,0.135,0.4677760976129032,0.8102052039536396,0.3424291063407364
with_classifier,False,100,0.1,0.14,0.464608599749762,0.807955185739338,0.343346585989576
with_classifier,False,100,0.1,0.145,0.4616104063757862,0.8057682270542827,0.34415782067849654
with_classifier,False,100,0.1,0.15,0.45859414581688795,0.8035372016642445,0.3449430558473565
with_classifier,False,100,0.1,0.155,0.45577424252252696,0.8019090298096568,0.3461347872871299
with_classifier,False,100,0.1,0.16,0.4529669303480507,0.8003076624613861,0.3473407321133354
with_classifier,False,100,0.1,0.165,0.4504056577126301,0.7987168650465417,0.34831120733391163
with_classifier,False,100,0.1,0.17,0.44784347721460704,0.7970818875850172,0.34923841037041015
with_classifier,False,100,0.1,0.17500000000000002,0.4453020059953827,0.7946393220873997,0.349337316092017
with_classifier,False,100,0.1,0.18,0.44277086699667373,0.7923013494675474,0.34953048247087365
with_classifier,False,100,0.1,0.185,0.44046325662766783,0.7901585558823838,0.349695299254716
with_classifier,False,100,0.1,0.19,0.43812529771780795,0.7879556962485001,0.3498303985306922
with_classifier,False,100,0.1,0.195,0.4358669524747271,0.7868166443531136,0.3509496918783865
with_classifier,False,100,0.1,0.2,0.433626452374828,0.7857201212173284,0.3520936688425004
with_classifier,False,100,0.1,0.20500000000000002,0.4315293056444488,0.783453277697859,0.3519239720534102
with_classifier,False,100,0.1,0.21,0.42944177146602514,0.7811530078430047,0.35171123637697954
with_classifier,False,100,0.1,0.215,0.4272649646856526,0.7789534477839868,0.35168848309833417
with_classifier,False,100,0.1,0.22,0.42509129493146436,0.7768186139667681,0.35172731903530374
with_classifier,False,100,0.1,0.225,0.4231156395872146,0.7743322738489902,0.3512166342617756
with_classifier,False,100,0.1,0.23,0.42112843877383216,0.7716648751702883,0.3505364363964561
with_classifier,False,100,0.1,0.23500000000000001,0.419185418930771,0.7694920926841999,0.35030667375342894
with_classifier,False,100,0.1,0.24,0.4172262638137322,0.7673863147456748,0.3501600509319426
with_classifier,False,100,0.1,0.245,0.4153428527000396,0.7657425608596831,0.35039970815964344
with_classifier,False,100,0.1,0.25,0.4134921961435397,0.7641108105463343,0.3506186144027946
with_classifier,False,100,0.1,0.255,0.4117163350126714,0.7612954273656471,0.34957909235297574
with_classifier,False,100,0.1,0.26,0.40993357971772665,0.7585477979587493,0.3486142182410226
with_classifier,False,100,0.1,0.265,0.4083031306013812,0.7569564391183414,0.34865330851696025
with_classifier,False,100,0.1,0.27,0.4066805916999199,0.7553678372582031,0.34868724555828323
with_classifier,False,100,0.1,0.275,0.4050230022892068,0.7533011773284668,0.34827817503926
with_classifier,False,100,0.1,0.28,0.403345105230866,0.7512002893640091,0.3478551841331431
with_classifier,False,100,0.1,0.28500000000000003,0.4016710316812576,0.7499412647306108,0.34827023304935323
with_classifier,False,100,0.1,0.29,0.39998504157323944,0.7487094489820013,0.34872440740876187
with_classifier,False,100,0.1,0.295,0.39834681750995704,0.7474662294566863,0.34911941194672924
with_classifier,False,100,0.1,0.3,0.396754239879202,0.7462125028800364,0.3494582630008344
with_classifier,False,100,0.1,0.305,0.39512859216959095,0.7438228843697858,0.3486942922001949
with_classifier,False,100,0.1,0.31,0.39348115865597433,0.7414538896474265,0.3479727309914522
with_classifier,False,100,0.1,0.315,0.3920862865785585,0.7402037583337735,0.348117471755215
with_classifier,False,100,0.1,0.32,0.39067656472377316,0.7388635662907316,0.3481870015669584
with_classifier,False,100,0.1,0.325,0.3891170316305041,0.7381960204639867,0.3490789888334826
with_classifier,False,100,0.1,0.33,0.3875866133034114,0.7376568543841672,0.3500702410807558
with_classifier,False,100,0.1,0.335,0.38621060860991585,0.7357756037642789,0.349564995154363
with_classifier,False,100,0.1,0.34,0.38480741002658997,0.7337846858210341,0.3489772757944441
with_classifier,False,100,0.1,0.34500000000000003,0.38348023779335066,0.7308699358421589,0.3473896980488082
with_classifier,False,100,0.1,0.35000000000000003,0.38217842333914004,0.7279510497791591,0.3457726264400191
with_classifier,False,100,0.1,0.355,0.38086174270631956,0.7261569420698769,0.34529519936355735
with_classifier,False,100,0.1,0.36,0.37952431285387095,0.7242903084518144,0.34476599559794346
with_classifier,False,100,0.1,0.365,0.3779647381906939,0.7224395126792235,0.34447477448852953
with_classifier,False,100,0.1,0.37,0.37643245235010403,0.7207538515782171,0.3443213992281131
with_classifier,False,100,0.1,0.375,0.37516196376769695,0.7189991210074157,0.34383715723971875
with_classifier,False,100,0.1,0.38,0.3739084686675044,0.7172893616855143,0.3433808930180099
with_classifier,False,100,0.1,0.385,0.3727183912098696,0.716132395771065,0.3434140045611954
with_classifier,False,100,0.1,0.39,0.37149468823995935,0.7148663728529401,0.34337168461298073
with_classifier,False,100,0.1,0.395,0.3701253217529476,0.7125091973402818,0.34238387558733424
with_classifier,False,100,0.1,0.4,0.368728963163934,0.710148625028226,0.34141966186429196
with_classifier,False,100,0.1,0.405,0.36735536794352897,0.7078878957844058,0.34053252784087684
with_classifier,False,100,0.1,0.41000000000000003,0.366030044205198,0.7055110537973486,0.33948100959215055
with_classifier,False,100,0.1,0.41500000000000004,0.3648965256997319,0.7029271788327385,0.33803065313300656
with_classifier,False,100,0.1,0.42,0.363784358005653,0.7006436503230372,0.3368592923173842
with_classifier,False,100,0.1,0.425,0.36252546566632365,0.6992603603579219,0.3367348946915983
with_classifier,False,100,0.1,0.43,0.36121591095349126,0.6977312367316479,0.3365153257781567
with_classifier,False,100,0.1,0.435,0.35986774558371815,0.6953010392183251,0.33543329363460694
with_classifier,False,100,0.1,0.44,0.35852203965267926,0.6929136455155506,0.3343916058628713
with_classifier,False,100,0.1,0.445,0.3571878538799956,0.6907760742292559,0.33358822034926033
with_classifier,False,100,0.1,0.45,0.35583909712119627,0.6886758495014766,0.3328367523802804
with_classifier,False,100,0.1,0.455,0.3546028304765391,0.685938715404116,0.3313358849275769
with_classifier,False,100,0.1,0.46,0.3534191521738851,0.6833231146733543,0.3299039624994692
with_classifier,False,100,0.1,0.465,0.35235210290432784,0.6829453287788834,0.33059322587455553
with_classifier,False,100,0.1,0.47000000000000003,0.3512976537519531,0.6824862378530147,0.33118858410106156
with_classifier,False,100,0.1,0.47500000000000003,0.3502773507064165,0.6814216281650084,0.3311442774585919
with_classifier,False,100,0.1,0.48,0.34919161971438994,0.6801595328637332,0.33096791314934326
with_classifier,False,100,0.1,0.485,0.3480902419207516,0.6781170355714281,0.3300267936506765
with_classifier,False,100,0.1,0.49,0.34699524821150435,0.6760677479558096,0.32907249974430525
with_classifier,False,100,0.1,0.495,0.34596889249786966,0.6744538363489763,0.3284849438511066
with_classifier,False,100,0.1,0.5,0.3449701414625774,0.6729784747686152,0.3280083333060378
with_classifier,False,100,0.1,0.505,0.3438524821946441,0.6703792905113264,0.3265268083166823
with_classifier,False,100,0.1,0.51,0.34273522399319706,0.6676193934532909,0.32488416946009385
with_classifier,False,100,0.1,0.515,0.34173104524401604,0.6651462655996745,0.32341522035565845
with_classifier,False,100,0.1,0.52,0.340692905680558,0.6627424887161733,0.32204958303561526
with_classifier,False,100,0.1,0.525,0.339634845045157,0.6610153665833695,0.32138052153821245
with_classifier,False,100,0.1,0.53,0.3386363706463991,0.6592678500698633,0.3206314794234642
with_classifier,False,100,0.1,0.535,0.33758531528392216,0.6573131655130044,0.3197278502290823
with_classifier,False,100,0.1,0.54,0.3365449385208388,0.6555861273998784,0.31904118887903965
with_classifier,False,100,0.1,0.545,0.3354909939456934,0.6545285891355411,0.3190375951898477
with_classifier,False,100,0.1,0.55,0.334382456103874,0.6532876407321572,0.31890518462828316
with_classifier,False,100,0.1,0.555,0.3334840144947778,0.6514806026953972,0.3179965882006194
with_classifier,False,100,0.1,0.56,0.33257768589685593,0.6495896356043716,0.3170119497075156
with_classifier,False,100,0.1,0.5650000000000001,0.33156513424630657,0.6485499038037359,0.3169847695574293
with_classifier,False,100,0.1,0.5700000000000001,0.33060141744591703,0.6475883664466701,0.316986949000753
with_classifier,False,100,0.1,0.5750000000000001,0.32971351259903503,0.6442958513874302,0.31458233878839514
with_classifier,False,100,0.1,0.58,0.32878224771256126,0.6410429948547697,0.3122607471422084
with_classifier,False,100,0.1,0.585,0.32760633006860873,0.6393512299189257,0.31174489985031695
with_classifier,False,100,0.1,0.59,0.32642895296958174,0.6375460948265166,0.31111714185693484
with_classifier,False,100,0.1,0.595,0.3253235555357018,0.635876805828931,0.3105532502932292
with_classifier,False,100,0.1,0.6,0.3242377500834102,0.634262487510241,0.31002473742683073
with_classifier,False,100,0.1,0.605,0.3232682797822365,0.6325964988559275,0.309328219073691
with_classifier,False,100,0.1,0.61,0.32227202697486673,0.6309528384619473,0.30868081148708054
with_classifier,False,100,0.1,0.615,0.321412960880075,0.6299133593409805,0.3085003984609055
with_classifier,False,100,0.1,0.62,0.3205957972165053,0.6289762972108152,0.3083804999943099
with_classifier,False,100,0.1,0.625,0.3196814164875378,0.627095931454078,0.30741451496654026
with_classifier,False,100,0.1,0.63,0.31875827361357423,0.6252274713795198,0.3064691977659456
with_classifier,False,100,0.1,0.635,0.31783613934204735,0.6237273090792199,0.30589116973717256
with_classifier,False,100,0.1,0.64,0.31692227831361597,0.621920467349679,0.304998189036063
with_classifier,False,100,0.1,0.645,0.31601171895876784,0.6196955978897033,0.30368387893093546
with_classifier,False,100,0.1,0.65,0.3150854080216743,0.6177771712380007,0.3026917632163264
with_classifier,False,100,0.1,0.655,0.31418490762498885,0.6156930392731392,0.3015081316481504
with_classifier,False,100,0.1,0.66,0.3132813141931195,0.6134812738326444,0.3001999596395249
with_classifier,False,100,0.1,0.665,0.31228992005363976,0.6125060377870506,0.30021611773341084
with_classifier,False,100,0.1,0.67,0.3112913944057745,0.6115387106154678,0.3002473162096933
with_classifier,False,100,0.1,0.675,0.31056364526068464,0.6089879381946764,0.2984242929339918
with_classifier,False,100,0.1,0.68,0.30986532229698055,0.6064992024091094,0.2966338801121288
with_classifier,False,100,0.1,0.685,0.3090161034356922,0.6040020470026909,0.2949859435669987
with_classifier,False,100,0.1,0.6900000000000001,0.3081350610797661,0.6014111833879074,0.2932761223081413
with_classifier,False,100,0.1,0.6950000000000001,0.30716457746232334,0.5994951019898189,0.2923305245274956
with_classifier,False,100,0.1,0.7000000000000001,0.3062050807025164,0.5975468014619068,0.29134172075939035
with_classifier,False,100,0.1,0.705,0.30527477129166064,0.5958706534910287,0.2905958821993681
with_classifier,False,100,0.1,0.71,0.3043444543124011,0.5942723669047475,0.2899279125923464
with_classifier,False,100,0.1,0.715,0.3035727487427017,0.592422619620266,0.2888498708775643
with_classifier,False,100,0.1,0.72,0.3028328853012532,0.5904795790470183,0.2876466937457651
with_classifier,False,100,0.1,0.725,0.301992585705698,0.5885528719952264,0.28656028628952845
with_classifier,False,100,0.1,0.73,0.30112193847363883,0.5867574238049358,0.28563548533129696
with_classifier,False,100,0.1,0.735,0.30019684984548156,0.5852198017744543,0.28502295192897276
with_classifier,False,100,0.1,0.74,0.2992815212893891,0.5836538420310748,0.2843723207416857
with_classifier,False,100,0.1,0.745,0.29846585271863246,0.580699500147432,0.28223364742879953
with_classifier,False,100,0.1,0.75,0.2976420242043154,0.5778077600389508,0.28016573583463544
with_classifier,False,100,0.1,0.755,0.29703598053485,0.5768876633513267,0.2798516828164767
with_classifier,False,100,0.1,0.76,0.29643717717789037,0.5759178865734748,0.2794807093955844
with_classifier,False,100,0.1,0.765,0.2956005799387772,0.573852770000985,0.2782521900622078
with_classifier,False,100,0.1,0.77,0.2947594922104807,0.571737905171346,0.27697841296086534
with_classifier,False,100,0.1,0.775,0.29396665258382,0.5703924616173219,0.27642580903350195
with_classifier,False,100,0.1,0.78,0.2931658561049903,0.5690613823931795,0.2758955262881892
with_classifier,False,100,0.1,0.785,0.292388164750396,0.5671257824675024,0.2747376177171065
with_classifier,False,100,0.1,0.79,0.29162286876432975,0.565229237555436,0.2736063687911062
with_classifier,False,100,0.1,0.795,0.2908578956165674,0.5624523059995393,0.27159441038297194
with_classifier,False,100,0.1,0.8,0.2900989554326299,0.5596268415210421,0.2695278860884122
with_classifier,False,100,0.1,0.805,0.2892793621215076,0.5583787000368623,0.2690993379153547
with_classifier,False,100,0.1,0.81,0.28844996939786866,0.5571465603806397,0.26869659098277104
with_classifier,False,100,0.1,0.8150000000000001,0.28763958264209777,0.5557846898135347,0.2681451071714369
with_classifier,False,100,0.1,0.8200000000000001,0.28682638316739767,0.5544138883036208,0.26758750513622315
with_classifier,False,100,0.1,0.8250000000000001,0.28607738043110126,0.5530420875305151,0.26696470709941383
with_classifier,False,100,0.1,0.8300000000000001,0.2853240352088059,0.5517244643833372,0.26640042917453133
with_classifier,False,100,0.1,0.835,0.28449426686224194,0.5498644960449247,0.26537022918268277
with_classifier,False,100,0.1,0.84,0.28367157570170703,0.5479176697363723,0.2642460940346653
with_classifier,False,100,0.1,0.845,0.2829089804094424,0.5451079053676114,0.26219892495816904
with_classifier,False,100,0.1,0.85,0.282135447688888,0.5423008047054745,0.2601653570165865
with_classifier,False,100,0.1,0.855,0.28155794656923655,0.5407799667964179,0.2592220202271814
with_classifier,False,100,0.1,0.86,0.2810104153719171,0.5393579630568269,0.2583475476849098
with_classifier,False,100,0.1,0.865,0.28035176658973116,0.5388355938137939,0.2584838272240627
with_classifier,False,100,0.1,0.87,0.2796739745264883,0.5382377436189414,0.2585637690924531
with_classifier,False,100,0.1,0.875,0.27887384544517174,0.536772437121896,0.2578985916767243
with_classifier,False,100,0.1,0.88,0.2780541002942508,0.5353726683069568,0.25731856801270603
with_classifier,False,100,0.1,0.885,0.27726204337550386,0.5343424341884756,0.25708039081297174
with_classifier,False,100,0.1,0.89,0.2764925306688763,0.533270214599799,0.25677768393092265
with_classifier,False,100,0.1,0.895,0.2757932131739402,0.5320256144335735,0.25623240125963337
with_classifier,False,100,0.1,0.9,0.2750902452526015,0.530771909393103,0.25568166414050153
with_classifier,False,100,0.1,0.905,0.2744692547093056,0.5288365217787467,0.2543672670694411
with_classifier,False,100,0.1,0.91,0.2738451227574977,0.5269106854598666,0.2530655627023689
with_classifier,False,100,0.1,0.915,0.27316101750785615,0.5252710302628779,0.25211001275502176
with_classifier,False,100,0.1,0.92,0.2724883779126847,0.5236279600337075,0.2511395821210228
with_classifier,False,100,0.1,0.925,0.27180703575417847,0.5223248403258298,0.25051780457165135
with_classifier,False,100,0.1,0.93,0.2711103729776489,0.5210317157014279,0.24992134272377903
with_classifier,False,100,0.1,0.935,0.2704043709771155,0.5204455584030099,0.2500411874258944
with_classifier,False,100,0.1,0.9400000000000001,0.26970585642265177,0.5198539987683048,0.2501481423456531
with_classifier,False,100,0.1,0.9450000000000001,0.2690759072403113,0.5176751595599691,0.24859925231965785
with_classifier,False,100,0.1,0.9500000000000001,0.26844780891248954,0.5154848758945848,0.24703706698209527
with_classifier,False,100,0.1,0.9550000000000001,0.2677401115856289,0.5129515723096164,0.24521146072398753
with_classifier,False,100,0.1,0.96,0.2670285674246649,0.5104156911708776,0.24338712374621269
with_classifier,False,100,0.1,0.965,0.2662082372134094,0.5098629042969297,0.2436546670835203
with_classifier,False,100,0.1,0.97,0.2653894590678293,0.5093361476201441,0.24394668855231483
with_classifier,False,100,0.1,0.975,0.2647298936792125,0.5076190947111833,0.24288920103197076
with_classifier,False,100,0.1,0.98,0.2640684259948429,0.505874102547068,0.24180567655222507
with_classifier,False,100,0.1,0.985,0.2634281768814332,0.5045923027219394,0.24116412584050623
with_classifier,False,100,0.1,0.99,0.26279044318961187,0.5033232470765717,0.24053280388695986
with_classifier,False,100,0.1,0.995,0.2617429672399836,0.5015392743360694,0.2397963070960858
with_classifier,False,100,0.1,1.0,0.2606868914545824,0.4997480766953669,0.2390611852407845
with_classifier,False,200,0.2,0.0,1.0,1.0,0.0
with_classifier,False,200,0.2,0.005,0.7875040274679229,0.9309958495437234,0.14349182207580047
with_classifier,False,200,0.2,0.01,0.5752232613528985,0.8620654789533304,0.28684221760043194
with_classifier,False,200,0.2,0.015,0.5389278468268289,0.8435031358431218,0.3045752890162928
with_classifier,False,200,0.2,0.02,0.502663310052476,0.8249412704598212,0.32227796040734524
with_classifier,False,200,0.2,0.025,0.48415717202781333,0.8133267681497163,0.32916959612190294
with_classifier,False,200,0.2,0.03,0.465660987932181,0.8017040921212107,0.3360431041890297
with_classifier,False,200,0.2,0.035,0.4536221528553229,0.7925611824271256,0.33893902957180266
with_classifier,False,200,0.2,0.04,0.44158981394616587,0.7834629992067381,0.34187318526057225
with_classifier,False,200,0.2,0.045,0.43277398959417707,0.7769203149219569,0.34414632532777983
with_classifier,False,200,0.2,0.05,0.4239630616611761,0.7703714827679206,0.34640842110674447
with_classifier,False,200,0.2,0.055,0.41714315492330467,0.7652491461582807,0.348105991234976
with_classifier,False,200,0.2,0.06,0.41033626022146663,0.7601043797299483,0.34976811950848163
with_classifier,False,200,0.2,0.065,0.40459025662279,0.7565338510244655,0.35194359440167544
with_classifier,False,200,0.2,0.07,0.3988357358421536,0.753041540287543,0.3542058044453894
with_classifier,False,200,0.2,0.075,0.3939715543475704,0.7481630705523749,0.35419151620480444
with_classifier,False,200,0.2,0.08,0.38910376443098416,0.7432212522716626,0.3541174878406784
with_classifier,False,200,0.2,0.085,0.38466502366204186,0.7390332026645756,0.35436817900253376
with_classifier,False,200,0.2,0.09,0.38025265985122625,0.7348911191967951,0.3546384593455688
with_classifier,False,200,0.2,0.095,0.37670528249960883,0.7308889627979285,0.35418368029831965
with_classifier,False,200,0.2,0.1,0.37313852905147316,0.7268053948853328,0.35366686583385964
with_classifier,False,200,0.2,0.105,0.3696445118699061,0.72286841119016,0.3532238993202539
with_classifier,False,200,0.2,0.11,0.366175799815443,0.7189949177488468,0.3528191179334038
with_classifier,False,200,0.2,0.115,0.3633017429282916,0.7159969562251066,0.352695213296815
with_classifier,False,200,0.2,0.12,0.3604218265210157,0.7129378330174132,0.3525160064963975
with_classifier,False,200,0.2,0.125,0.3576615991499545,0.7098179087376465,0.352156309587692
with_classifier,False,200,0.2,0.13,0.35487356816566945,0.7068020423788957,0.3519284742132262
with_classifier,False,200,0.2,0.135,0.3524031873758936,0.7041486044926704,0.35174541711677676
with_classifier,False,200,0.2,0.14,0.3499397890780499,0.7014737495233615,0.3515339604453116
with_classifier,False,200,0.2,0.145,0.34761460616083256,0.6981569180908627,0.3505423119300301
with_classifier,False,200,0.2,0.15,0.34529256333291963,0.6947195222053839,0.3494269588724643
with_classifier,False,200,0.2,0.155,0.34315774709013275,0.6906081977824586,0.3474504506923259
with_classifier,False,200,0.2,0.16,0.3410499205353898,0.686685881021878,0.3456359604864882
with_classifier,False,200,0.2,0.165,0.3388889815346271,0.682691449323048,0.34380246778842094
with_classifier,False,200,0.2,0.17,0.3367596227420845,0.6785780389225786,0.34181841618049413
with_classifier,False,200,0.2,0.17500000000000002,0.33498733804401926,0.6785195030734699,0.3435321650294506
with_classifier,False,200,0.2,0.18,0.3331392160201634,0.6784634034320497,0.3453241874118863
with_classifier,False,200,0.2,0.185,0.33144440635350414,0.673263066779984,0.3418186604264799
with_classifier,False,200,0.2,0.19,0.3298035186651619,0.6680768413060345,0.3382733226408726
with_classifier,False,200,0.2,0.195,0.32791172843078475,0.6666173475819771,0.33870561915119235
with_classifier,False,200,0.2,0.2,0.3259989976102882,0.6651697989891876,0.3391708013788994
with_classifier,False,200,0.2,0.20500000000000002,0.32436085499134476,0.662055080299802,0.3376942253084572
with_classifier,False,200,0.2,0.21,0.32277456765068757,0.6589504287671861,0.33617586111649855
with_classifier,False,200,0.2,0.215,0.3216385414053996,0.6563447936375937,0.3347062522321941
with_classifier,False,200,0.2,0.22,0.32045284699705057,0.6536602858174028,0.3332074388203522
with_classifier,False,200,0.2,0.225,0.31904199666778255,0.6501585863084729,0.33111658964069035
with_classifier,False,200,0.2,0.23,0.31758693309771746,0.6467967728342522,0.3292098397365347
with_classifier,False,200,0.2,0.23500000000000001,0.31595049503677053,0.6453543405029359,0.3294038454661654
with_classifier,False,200,0.2,0.24,0.314356689772371,0.64392750529832,0.32957081552594897
with_classifier,False,200,0.2,0.245,0.31276083874770183,0.6420137902187804,0.3292529514710785
with_classifier,False,200,0.2,0.25,0.31115891866069856,0.6399390756334319,0.32878015697273333
with_classifier,False,200,0.2,0.255,0.30971132943745366,0.6380248579922498,0.3283135285547962
with_classifier,False,200,0.2,0.26,0.30828713199880087,0.6361596502232731,0.3278725182244723
with_classifier,False,200,0.2,0.265,0.3070661924954956,0.6350275118572243,0.3279613193617287
with_classifier,False,200,0.2,0.27,0.3058492245390785,0.6340325805034601,0.32818335596438164
with_classifier,False,200,0.2,0.275,0.30473620090103065,0.6327824314284054,0.32804623052737475
with_classifier,False,200,0.2,0.28,0.3035719823784223,0.6313471084950548,0.3277751261166325
with_classifier,False,200,0.2,0.28500000000000003,0.3026702213600052,0.6287062458766229,0.32603602451661773
with_classifier,False,200,0.2,0.29,0.30180063518825356,0.6263439644123567,0.32454332922410317
with_classifier,False,200,0.2,0.295,0.3005567626782665,0.6247137177731052,0.3241569550948388
with_classifier,False,200,0.2,0.3,0.29935422947765755,0.6227124434908231,0.32335821401316556
with_classifier,False,200,0.2,0.305,0.2982126081138285,0.6221566641411999,0.32394405602737136
with_classifier,False,200,0.2,0.31,0.29704327396021196,0.6219026208808928,0.3248593469206808
with_classifier,False,200,0.2,0.315,0.29582241816028504,0.6186844908989061,0.32286207273862105
with_classifier,False,200,0.2,0.32,0.2946373270834712,0.6151376438874638,0.32050031680399266
with_classifier,False,200,0.2,0.325,0.2936864993851067,0.6135725309173717,0.319886031532265
with_classifier,False,200,0.2,0.33,0.2926359080511964,0.612233369939255,0.31959746188805865
with_classifier,False,200,0.2,0.335,0.29149558881540416,0.6115236886275763,0.3200280998121722
with_classifier,False,200,0.2,0.34,0.2904024350784267,0.61116605891626,0.32076362383783324
with_classifier,False,200,0.2,0.34500000000000003,0.28919708973265285,0.6094680056706296,0.3202709159379768
with_classifier,False,200,0.2,0.35000000000000003,0.28797695973301024,0.6072681901057562,0.3192912303727459
with_classifier,False,200,0.2,0.355,0.2869852004147163,0.6043589475510475,0.31737374713633115
with_classifier,False,200,0.2,0.36,0.2860849560726096,0.6016352610856746,0.31555030501306497
with_classifier,False,200,0.2,0.365,0.2852978639777637,0.6001297807218224,0.31483191674405875
with_classifier,False,200,0.2,0.37,0.2844481961272206,0.5984957501095804,0.31404755398235984
with_classifier,False,200,0.2,0.375,0.28361305456490005,0.5957991835454648,0.31218612898056475
with_classifier,False,200,0.2,0.38,0.2828279850826118,0.5932510998752532,0.31042311479264134
with_classifier,False,200,0.2,0.385,0.2819338560060908,0.5927428195411057,0.31080896353501497
with_classifier,False,200,0.2,0.39,0.28102217193489726,0.5920358158541899,0.3110136439192926
with_classifier,False,200,0.2,0.395,0.28017744079012086,0.5892241868807963,0.3090467460906754
with_classifier,False,200,0.2,0.4,0.27937394977394825,0.586587840609704,0.3072138908357558
with_classifier,False,200,0.2,0.405,0.27865777791923646,0.5847641423717705,0.3061063644525341
with_classifier,False,200,0.2,0.41000000000000003,0.27784063353129856,0.5829746711406518,0.30513403760935326
with_classifier,False,200,0.2,0.41500000000000004,0.27698136940502527,0.5810806661878685,0.3040992967828432
with_classifier,False,200,0.2,0.42,0.27617392436685884,0.5789524441034054,0.30277851973654657
with_classifier,False,200,0.2,0.425,0.27518768014595135,0.5782000716297011,0.30301239148374975
with_classifier,False,200,0.2,0.43,0.2741297427210392,0.5773697936726789,0.30324005095163975
with_classifier,False,200,0.2,0.435,0.27330484265173705,0.5751482544654247,0.3018434118136877
with_classifier,False,200,0.2,0.44,0.27253326803186173,0.573325211816439,0.3007919437845773
with_classifier,False,200,0.2,0.445,0.2718078926879574,0.5723676026006878,0.30055970991273034
with_classifier,False,200,0.2,0.45,0.2710941145351213,0.571258586130246,0.30016447159512477
with_classifier,False,200,0.2,0.455,0.27040152260367617,0.5713645904175937,0.3009630678139175
with_classifier,False,200,0.2,0.46,0.2698039583765873,0.5718358960624671,0.30203193768587977
with_classifier,False,200,0.2,0.465,0.2691091578592631,0.5710217986837397,0.3019126408244766
with_classifier,False,200,0.2,0.47000000000000003,0.2683132664805109,0.5696912168006157,0.30137795032010484
with_classifier,False,200,0.2,0.47500000000000003,0.26741537968904683,0.5665831093418581,0.29916772965281124
with_classifier,False,200,0.2,0.48,0.2664837406024788,0.563473681195893,0.2969899405934142
with_classifier,False,200,0.2,0.485,0.2657531178583476,0.5630203630519525,0.29726724519360487
with_classifier,False,200,0.2,0.49,0.2650574791825405,0.5627241555004182,0.2976666763178777
with_classifier,False,200,0.2,0.495,0.2643364212882676,0.5595631103745634,0.2952266890862958
with_classifier,False,200,0.2,0.5,0.2636525785812375,0.5563642688484468,0.29271169026720933
with_classifier,False,200,0.2,0.505,0.26307844322372337,0.556189169096196,0.2931107258724726
with_classifier,False,200,0.2,0.51,0.2623317968013386,0.5560389284544595,0.29370713165312085
with_classifier,False,200,0.2,0.515,0.2615636292740025,0.5550223617423045,0.29345873246830195
with_classifier,False,200,0.2,0.52,0.26088527299779846,0.5536753300226885,0.2927900570248901
with_classifier,False,200,0.2,0.525,0.2600164801904537,0.550575149976084,0.29055866978563033
with_classifier,False,200,0.2,0.53,0.2593177757880679,0.5479751794452242,0.2886574036571563
with_classifier,False,200,0.2,0.535,0.2589294808904894,0.5475706348683418,0.2886411539778524
with_classifier,False,200,0.2,0.54,0.2583931275072197,0.5469027206903521,0.28850959318313235
with_classifier,False,200,0.2,0.545,0.25746019373455964,0.5468579223280998,0.2893977285935402
with_classifier,False,200,0.2,0.55,0.2566570930070047,0.5468087373651762,0.29015164435817153
with_classifier,False,200,0.2,0.555,0.2562797223830765,0.5454619114764359,0.28918218909335935
with_classifier,False,200,0.2,0.56,0.2557541742701873,0.5441333273928048,0.2883791531226175
with_classifier,False,200,0.2,0.5650000000000001,0.2550338633983311,0.5425970551579005,0.28756319175956935
with_classifier,False,200,0.2,0.5700000000000001,0.25439093194687457,0.5413524736202688,0.28696154167339427
with_classifier,False,200,0.2,0.5750000000000001,0.2536980860302732,0.5404403149498852,0.286742228919612
with_classifier,False,200,0.2,0.58,0.2529606563159914,0.5390438693749409,0.28608321305894946
with_classifier,False,200,0.2,0.585,0.25246999553015287,0.5377836383520626,0.2853136428219097
with_classifier,False,200,0.2,0.59,0.2520795121664802,0.5368247147757617,0.28474520260928143
with_classifier,False,200,0.2,0.595,0.2517420518645509,0.5350622992450795,0.28332024738052863
with_classifier,False,200,0.2,0.6,0.2512867071757262,0.533298738594929,0.28201203141920284
with_classifier,False,200,0.2,0.605,0.2507733991326707,0.5310283960152319,0.28025499688256117
with_classifier,False,200,0.2,0.61,0.2503052573310155,0.5287421016792597,0.27843684434824423
with_classifier,False,200,0.2,0.615,0.2496837940184456,0.5288640807092359,0.27918028669079026
with_classifier,False,200,0.2,0.62,0.2490278490226377,0.5288422603306191,0.2798144113079814
with_classifier,False,200,0.2,0.625,0.2484001650915227,0.5264338299134167,0.27803366482189396
with_classifier,False,200,0.2,0.63,0.24771659205876517,0.524445395573127,0.2767288035143618
with_classifier,False,200,0.2,0.635,0.2467743234899121,0.524120641111382,0.2773463176214699
with_classifier,False,200,0.2,0.64,0.24604008862985807,0.523393516220237,0.27735342759037895
with_classifier,False,200,0.2,0.645,0.2457305552737618,0.5213303959642918,0.27559984069052995
with_classifier,False,200,0.2,0.65,0.24522087982534008,0.5193877125582658,0.2741668327329257
with_classifier,False,200,0.2,0.655,0.24445059595652152,0.5170905231585882,0.27263992720206665
with_classifier,False,200,0.2,0.66,0.24381740061001786,0.5145375077381279,0.27072010712811
with_classifier,False,200,0.2,0.665,0.24319465470901042,0.5147078467765541,0.2715131920675437
with_classifier,False,200,0.2,0.67,0.24251792296688207,0.5153871033846429,0.2728691804177608
with_classifier,False,200,0.2,0.675,0.24205605248237655,0.5150266490411578,0.27297059655878125
with_classifier,False,200,0.2,0.68,0.2415753055160696,0.5143564365932888,0.2727811310772192
with_classifier,False,200,0.2,0.685,0.24115259665493488,0.5131177216437502,0.27196512498881537
with_classifier,False,200,0.2,0.6900000000000001,0.24073951299386948,0.5119014675161153,0.27116195452224584
with_classifier,False,200,0.2,0.6950000000000001,0.24003863011325963,0.5119702594031184,0.2719316292898587
with_classifier,False,200,0.2,0.7000000000000001,0.2392910892402922,0.5118067724922333,0.2725156832519411
with_classifier,False,200,0.2,0.705,0.2386401570228239,0.5087927994866375,0.27015264246381354
with_classifier,False,200,0.2,0.71,0.23805395210359354,0.5061824707271757,0.26812851862358217
with_classifier,False,200,0.2,0.715,0.23750519083285088,0.5054037097654108,0.26789851893255995
with_classifier,False,200,0.2,0.72,0.23689135186430632,0.5045008861851229,0.2676095343208166
with_classifier,False,200,0.2,0.725,0.23648739736442534,0.5035256871184278,0.26703828975400246
with_classifier,False,200,0.2,0.73,0.23611987883484722,0.5024421468085016,0.26632226797365444
with_classifier,False,200,0.2,0.735,0.23546671239650724,0.5009299070320206,0.2654631946355133
with_classifier,False,200,0.2,0.74,0.2348287857516358,0.4994682003416009,0.2646394145899651
with_classifier,False,200,0.2,0.745,0.2343327366792681,0.4976654830807362,0.2633327464014681
with_classifier,False,200,0.2,0.75,0.23381637398159186,0.4959174680688602,0.26210109408726834
with_classifier,False,200,0.2,0.755,0.23314961591187972,0.49443173008670005,0.26128211417482033
with_classifier,False,200,0.2,0.76,0.23253509578464385,0.49286905953158255,0.26033396374693873
with_classifier,False,200,0.2,0.765,0.23229678814683216,0.4921155914487457,0.25981880330191354
with_classifier,False,200,0.2,0.77,0.23203133281495308,0.4914252476270283,0.25939391481207524
with_classifier,False,200,0.2,0.775,0.2315412496209328,0.4918724819057811,0.2603312322848483
with_classifier,False,200,0.2,0.78,0.23104779612776735,0.492351815111138,0.26130401898337063
with_classifier,False,200,0.2,0.785,0.23068307150966683,0.4907451266020388,0.26006205509237196
with_classifier,False,200,0.2,0.79,0.23036436155812368,0.48902661619809534,0.25866225463997167
with_classifier,False,200,0.2,0.795,0.2297471012831242,0.48855259856320643,0.25880549728008223
with_classifier,False,200,0.2,0.8,0.22904892200517998,0.48823888293538015,0.2591899609302002
with_classifier,False,200,0.2,0.805,0.22843208670818643,0.4864962089261689,0.2580641222179825
with_classifier,False,200,0.2,0.81,0.2278181288050996,0.4845869741442641,0.2567688453391645
with_classifier,False,200,0.2,0.8150000000000001,0.2273847561868924,0.4823995851980607,0.2550148290111683
with_classifier,False,200,0.2,0.8200000000000001,0.2269583241752151,0.48032197735929916,0.25336365318408405
with_classifier,False,200,0.2,0.8250000000000001,0.2263539846983075,0.4794284647642071,0.2530744800658996
with_classifier,False,200,0.2,0.8300000000000001,0.22575345061559968,0.4784614557732236,0.2527080051576239
with_classifier,False,200,0.2,0.835,0.22512671513930244,0.47877190118686597,0.25364518604756353
with_classifier,False,200,0.2,0.84,0.22452535030859605,0.479142565304752,0.25461721499615597
with_classifier,False,200,0.2,0.845,0.22421160434031945,0.47767567120459314,0.2534640668642737
with_classifier,False,200,0.2,0.85,0.2239110110364008,0.4762079910383784,0.25229698000197764
with_classifier,False,200,0.2,0.855,0.22348797746386495,0.47454701512568676,0.2510590376618218
with_classifier,False,200,0.2,0.86,0.22305166008015812,0.47285442569510394,0.24980276561494583
with_classifier,False,200,0.2,0.865,0.22244074813833917,0.4710615277100059,0.24862077957166676
with_classifier,False,200,0.2,0.87,0.22184211466348533,0.46915101995535036,0.24730890529186503
with_classifier,False,200,0.2,0.875,0.2213679898474648,0.46850564576005277,0.24713765591258796
with_classifier,False,200,0.2,0.88,0.2208583681534298,0.46802463228688707,0.24716626413345727
with_classifier,False,200,0.2,0.885,0.2206011449052868,0.46753018707469823,0.24692904216941144
with_classifier,False,200,0.2,0.89,0.22035056707110595,0.46697104915934895,0.246620482088243
with_classifier,False,200,0.2,0.895,0.21983188308202523,0.4661930515499906,0.24636116846796535
with_classifier,False,200,0.2,0.9,0.2193271018862725,0.4655270164055806,0.2461999145193081
with_classifier,False,200,0.2,0.905,0.2189865445291454,0.46321083845552347,0.24422429392637807
with_classifier,False,200,0.2,0.91,0.21864775710259426,0.4607722211092655,0.24212446400667126
with_classifier,False,200,0.2,0.915,0.21800553706017403,0.4600863300792759,0.24208079301910188
with_classifier,False,200,0.2,0.92,0.21735661072103363,0.45936003960491245,0.24200342888387882
with_classifier,False,200,0.2,0.925,0.2167587690387683,0.4597350427096316,0.2429762736708633
with_classifier,False,200,0.2,0.93,0.21613496033562285,0.4601849459231069,0.24404998558748403
with_classifier,False,200,0.2,0.935,0.21566745449830496,0.4585933340729751,0.24292587957467013
with_classifier,False,200,0.2,0.9400000000000001,0.21523212126017355,0.4569693447379959,0.24173722347782234
with_classifier,False,200,0.2,0.9450000000000001,0.21473038437212538,0.45454919643090513,0.23981881205877975
with_classifier,False,200,0.2,0.9500000000000001,0.21421294097269347,0.4521653408528673,0.23795239988017383
with_classifier,False,200,0.2,0.9550000000000001,0.21383373598689498,0.45173132756857604,0.23789759158168106
with_classifier,False,200,0.2,0.96,0.21345527640628545,0.451314727098286,0.23785945069200057
with_classifier,False,200,0.2,0.965,0.21293726356177606,0.4501568823647121,0.23721961880293602
with_classifier,False,200,0.2,0.97,0.21243044158866434,0.4489592828150613,0.23652884122639697
with_classifier,False,200,0.2,0.975,0.21220493864042114,0.44744608212998627,0.23524114348956512
with_classifier,False,200,0.2,0.98,0.2119771674110053,0.44595345576061646,0.23397628834961115
with_classifier,False,200,0.2,0.985,0.2113792295774858,0.4446308772590709,0.2332516476815851
with_classifier,False,200,0.2,0.99,0.21077766258557412,0.443294123095037,0.2325164605094629
with_classifier,False,200,0.2,0.995,0.2112069208978986,0.4437672552133516,0.23256033431545298
with_classifier,False,200,0.2,1.0,0.21165063350275157,0.44424752365828796,0.2325968901555364
with_classifier,False,400,0.4,0.0,1.0,1.0,0.0
with_classifier,False,400,0.4,0.005,0.6918366115478178,0.8423583820400138,0.15052177049219595
with_classifier,False,400,0.4,0.01,0.38367322309563556,0.6847167640800278,0.30104354098439223
with_classifier,False,400,0.4,0.015,0.3521606906518961,0.6544141954230145,0.3022535047711184
with_classifier,False,400,0.4,0.02,0.3206481582081567,0.6241116267660012,0.3034634685578445
with_classifier,False,400,0.4,0.025,0.3065324346441776,0.6081576353947942,0.30162520075061655
with_classifier,False,400,0.4,0.03,0.2924167110801985,0.5922036440235873,0.29978693294338876
with_classifier,False,400,0.4,0.035,0.2841271549261485,0.5777440172340722,0.2936168623079237
with_classifier,False,400,0.4,0.04,0.27583759877209857,0.5632843904445568,0.28744679167245824
with_classifier,False,400,0.4,0.045,0.2693307137365143,0.5528206961384663,0.283489982401952
with_classifier,False,400,0.4,0.05,0.2628238287009298,0.5423570018323759,0.2795331731314461
with_classifier,False,400,0.4,0.055,0.25684283891847975,0.5321548124340674,0.2753119735155876
with_classifier,False,400,0.4,0.06,0.25086184913602966,0.5219526230357587,0.2710907738997291
with_classifier,False,400,0.4,0.065,0.2470495095623967,0.5150242759124376,0.2679747663500409
with_classifier,False,400,0.4,0.07,0.24323716998876388,0.5080959287891165,0.2648587588003526
with_classifier,False,400,0.4,0.075,0.23916296503506596,0.5024665195083556,0.2633035544732897
with_classifier,False,400,0.4,0.08,0.23508876008136817,0.4968371102275947,0.26174835014622655
with_classifier,False,400,0.4,0.085,0.23191274004445103,0.4886526808006845,0.2567399407562335
with_classifier,False,400,0.4,0.09,0.22873672000753387,0.4804682513737742,0.2517315313662403
with_classifier,False,400,0.4,0.095,0.22591351268813012,0.47556806550167197,0.24965455281354185
with_classifier,False,400,0.4,0.1,0.22309030536872648,0.4706678796295698,0.2475775742608433
with_classifier,False,400,0.4,0.105,0.21986417406083397,0.46255148150802894,0.24268730744719497
with_classifier,False,400,0.4,0.11,0.21663804275294143,0.45443508338648825,0.2377970406335468
with_classifier,False,400,0.4,0.115,0.21505313156948733,0.450628340129818,0.23557520856033068
with_classifier,False,400,0.4,0.12,0.21346822038603325,0.44682159687314804,0.2333533764871148
with_classifier,False,400,0.4,0.125,0.211291001602076,0.4422985554168311,0.2310075538147551
with_classifier,False,400,0.4,0.13,0.20911378281811874,0.4377755139605143,0.22866173114239555
with_classifier,False,400,0.4,0.135,0.207282278961502,0.43223704044086225,0.22495476147936025
with_classifier,False,400,0.4,0.14,0.2054507751048853,0.4266985669212106,0.2212477918163253
with_classifier,False,400,0.4,0.145,0.2037376927987983,0.422104702112265,0.21836700931346667
with_classifier,False,400,0.4,0.15,0.20202461049271125,0.41751083730331934,0.21548622681060808
with_classifier,False,400,0.4,0.155,0.20047158909146673,0.4124635366509513,0.21199194755948458
with_classifier,False,400,0.4,0.16,0.19891856769022226,0.40741623599858334,0.20849766830836108
with_classifier,False,400,0.4,0.165,0.19720329842918244,0.4052578891612454,0.20805459073206295
with_classifier,False,400,0.4,0.17,0.19548802916814265,0.4030995423239075,0.20761151315576484
with_classifier,False,400,0.4,0.17500000000000002,0.19436057865348022,0.3957827562546299,0.20142217760114967
with_classifier,False,400,0.4,0.18,0.19323312813881785,0.38846597018535245,0.1952328420465346
with_classifier,False,400,0.4,0.185,0.19159830552487014,0.38641085287041893,0.1948125473455488
with_classifier,False,400,0.4,0.19,0.1899634829109224,0.3843557355554852,0.19439225264456278
with_classifier,False,400,0.4,0.195,0.1892077176393165,0.38221492190932627,0.19300720427000978
with_classifier,False,400,0.4,0.2,0.18845195236771056,0.3800741082631673,0.19162215589545673
with_classifier,False,400,0.4,0.20500000000000002,0.18699806531386762,0.37672405791900626,0.18972599260513864
with_classifier,False,400,0.4,0.21,0.18554417826002462,0.3733740075748453,0.18782982931482067
with_classifier,False,400,0.4,0.215,0.18427687681202468,0.36578200803725247,0.1815051312252278
with_classifier,False,400,0.4,0.22,0.1830095753640247,0.35819000849965954,0.17518043313563483
with_classifier,False,400,0.4,0.225,0.1819248346542008,0.3579803035271955,0.1760554688729947
with_classifier,False,400,0.4,0.23,0.1808400939443769,0.3577705985547315,0.1769305046103546
with_classifier,False,400,0.4,0.23500000000000001,0.18005509952781718,0.35747456462612426,0.17741946509830708
with_classifier,False,400,0.4,0.24,0.1792701051112575,0.3571785306975168,0.17790842558625933
with_classifier,False,400,0.4,0.245,0.17861153118419074,0.35177460418320466,0.17316307299901393
with_classifier,False,400,0.4,0.25,0.17795295725712396,0.34637067766889235,0.1684177204117684
with_classifier,False,400,0.4,0.255,0.17635330682969658,0.34459756995740454,0.16824426312770796
with_classifier,False,400,0.4,0.26,0.17475365640226911,0.3428244622459169,0.16807080584364778
with_classifier,False,400,0.4,0.265,0.17263604960171508,0.34083338375242106,0.16819733415070598
with_classifier,False,400,0.4,0.27,0.17051844280116107,0.33884230525892545,0.16832386245776437
with_classifier,False,400,0.4,0.275,0.17057667973596835,0.3338091084515327,0.16323242871556437
with_classifier,False,400,0.4,0.28,0.17063491667077563,0.3287759116441399,0.15814099497336426
with_classifier,False,400,0.4,0.28500000000000003,0.17009978051394378,0.3274007342508412,0.15730095373689743
with_classifier,False,400,0.4,0.29,0.1695646443571119,0.3260255568575424,0.1564609125004305
with_classifier,False,400,0.4,0.295,0.16762180811415117,0.32348090683148867,0.1558590987173375
with_classifier,False,400,0.4,0.3,0.1656789718711904,0.32093625680543486,0.15525728493424445
with_classifier,False,400,0.4,0.305,0.1658545011019062,0.31883425128035014,0.15297975017844395
with_classifier,False,400,0.4,0.31,0.16603003033262212,0.3167322457552655,0.15070221542264337
with_classifier,False,400,0.4,0.315,0.16507330191108244,0.31281290674383255,0.14773960483275012
with_classifier,False,400,0.4,0.32,0.16411657348954273,0.3088935677323995,0.14477699424285678
with_classifier,False,400,0.4,0.325,0.1631106532451425,0.30828998470242364,0.14517933145728112
with_classifier,False,400,0.4,0.33,0.1621047330007423,0.3076864016724479,0.14558166867170558
with_classifier,False,400,0.4,0.335,0.16053163058842376,0.30270547749867555,0.14217384691025178
with_classifier,False,400,0.4,0.34,0.15895852817610523,0.29772455332490305,0.13876602514879782
with_classifier,False,400,0.4,0.34500000000000003,0.15869675063702743,0.29467006188094574,0.13597331124391832
with_classifier,False,400,0.4,0.35000000000000003,0.15843497309794957,0.2916155704369884,0.1331805973390388
with_classifier,False,400,0.4,0.355,0.15933804660754197,0.28680306361410957,0.1274650170065676
with_classifier,False,400,0.4,0.36,0.16024112011713437,0.28199055679123075,0.12174943667409638
with_classifier,False,400,0.4,0.365,0.1590652958256154,0.2800921188024222,0.12102682297680678
with_classifier,False,400,0.4,0.37,0.15788947153409633,0.2781936808136137,0.12030420927951735
with_classifier,False,400,0.4,0.375,0.1577025644965761,0.27746707375757984,0.11976450926100374
with_classifier,False,400,0.4,0.38,0.15751565745905585,0.27674046670154584,0.11922480924248999
with_classifier,False,400,0.4,0.385,0.15693235867399685,0.2757456870141807,0.11881332834018382
with_classifier,False,400,0.4,0.39,0.15634905988893785,0.2747509073268156,0.11840184743787777
with_classifier,False,400,0.4,0.395,0.15485541626752822,0.2752150652469329,0.12035964897940468
with_classifier,False,400,0.4,0.4,0.15336177264611855,0.2756792231670503,0.12231745052093174
with_classifier,False,400,0.4,0.405,0.15364019039106405,0.2741999965561505,0.12055980616508646
with_classifier,False,400,0.4,0.41000000000000003,0.15391860813600938,0.2727207699452508,0.11880216180924141
with_classifier,False,400,0.4,0.41500000000000004,0.15400492595547496,0.27048040712298344,0.11647548116750847
with_classifier,False,400,0.4,0.42,0.15409124377494057,0.26824004430071596,0.11414880052577539
with_classifier,False,400,0.4,0.425,0.15324022204159216,0.26838298581593933,0.11514276377434718
with_classifier,False,400,0.4,0.43,0.15238920030824377,0.2685259273311628,0.11613672702291905
with_classifier,False,400,0.4,0.435,0.1517495064069711,0.267209692348115,0.11546018594114388
with_classifier,False,400,0.4,0.44,0.15110981250569847,0.26589345736506703,0.11478364485936857
with_classifier,False,400,0.4,0.445,0.1510265554869936,0.2620372664997315,0.11101071101273793
with_classifier,False,400,0.4,0.45,0.15094329846828863,0.25818107563439596,0.10723777716610733
with_classifier,False,400,0.4,0.455,0.15022628787390807,0.25890812252691836,0.10868183465301029
with_classifier,False,400,0.4,0.46,0.14950927727952754,0.25963516941944065,0.11012589213991311
with_classifier,False,400,0.4,0.465,0.1484898786621731,0.25685759486470483,0.10836771620253172
with_classifier,False,400,0.4,0.47000000000000003,0.1474704800448186,0.25408002030996923,0.10660954026515063
with_classifier,False,400,0.4,0.47500000000000003,0.14688497290563343,0.2543380034680983,0.10745303056246489
with_classifier,False,400,0.4,0.48,0.1462994657664482,0.2545959866262274,0.1082965208597792
with_classifier,False,400,0.4,0.485,0.146351063765469,0.25252144862810383,0.10617038486263483
with_classifier,False,400,0.4,0.49,0.14640266176448982,0.2504469106299803,0.10404424886549049
with_classifier,False,400,0.4,0.495,0.14523620074382051,0.25218765813372246,0.10695145738990194
with_classifier,False,400,0.4,0.5,0.14406973972315124,0.2539284056374648,0.10985866591431359
with_classifier,False,400,0.4,0.505,0.1439209180189452,0.24872707382775844,0.10480615580881325
with_classifier,False,400,0.4,0.51,0.14377209631473914,0.24352574201805205,0.09975364570331291
with_classifier,False,400,0.4,0.515,0.14334341716128013,0.24551108003162275,0.10216766287034262
with_classifier,False,400,0.4,0.52,0.1429147380078212,0.24749641804519343,0.10458168003737223
with_classifier,False,400,0.4,0.525,0.14241358064212062,0.24878200353123242,0.1063684228891118
with_classifier,False,400,0.4,0.53,0.14191242327642006,0.25006758901727155,0.10815516574085149
with_classifier,False,400,0.4,0.535,0.14088906430110607,0.24626750860693095,0.10537844430582488
with_classifier,False,400,0.4,0.54,0.1398657053257921,0.24246742819659026,0.10260172287079816
with_classifier,False,400,0.4,0.545,0.1398407858214826,0.24000258953286296,0.10016180371138036
with_classifier,False,400,0.4,0.55,0.13981586631717316,0.2375377508691357,0.09772188455196254
with_classifier,False,400,0.4,0.555,0.1392528337277084,0.23678882672757032,0.0975359929998619
with_classifier,False,400,0.4,0.56,0.13868980113824364,0.23603990258600485,0.09735010144776121
with_classifier,False,400,0.4,0.5650000000000001,0.13838071972432467,0.23410871819573603,0.09572799847141136
with_classifier,False,400,0.4,0.5700000000000001,0.13807163831040573,0.2321775338054673,0.09410589549506157
with_classifier,False,400,0.4,0.5750000000000001,0.13817063586572964,0.22980899356475368,0.09163835769902404
with_classifier,False,400,0.4,0.58,0.1382696334210535,0.2274404533240401,0.08917081990298659
with_classifier,False,400,0.4,0.585,0.13747099255172845,0.22547836558194828,0.08800737303021983
with_classifier,False,400,0.4,0.59,0.13667235168240344,0.22351627783985656,0.08684392615745312
with_classifier,False,400,0.4,0.595,0.13647532195405804,0.22108548005315246,0.08461015809909442
with_classifier,False,400,0.4,0.6,0.1362782922257126,0.2186546822664483,0.08237639004073569
with_classifier,False,400,0.4,0.605,0.13568688212835694,0.21725260487602402,0.08156572274766707
with_classifier,False,400,0.4,0.61,0.1350954720310013,0.21585052748559974,0.08075505545459843
with_classifier,False,400,0.4,0.615,0.1345012904026953,0.21409385259466945,0.07959256219197416
with_classifier,False,400,0.4,0.62,0.13390710877438933,0.21233717770373914,0.07843006892934981
with_classifier,False,400,0.4,0.625,0.1339549039756821,0.21064142443351247,0.07668652045783036
with_classifier,False,400,0.4,0.63,0.13400269917697488,0.20894567116328586,0.07494297198631097
with_classifier,False,400,0.4,0.635,0.13395180237819052,0.2079027739049343,0.07395097152674379
with_classifier,False,400,0.4,0.64,0.13390090557940615,0.20685987664658265,0.0729589710671765
with_classifier,False,400,0.4,0.645,0.13274955536956742,0.20672661458399189,0.07397705921442446
with_classifier,False,400,0.4,0.65,0.1315982051597287,0.20659335252140107,0.07499514736167237
with_classifier,False,400,0.4,0.655,0.1317612943733305,0.20370430297565084,0.07194300860232034
with_classifier,False,400,0.4,0.66,0.1319243835869323,0.20081525342990064,0.06889086984296836
with_classifier,False,400,0.4,0.665,0.13195201238054624,0.20138352415272193,0.06943151177217569
with_classifier,False,400,0.4,0.67,0.13197964117416022,0.2019517948755432,0.06997215370138299
with_classifier,False,400,0.4,0.675,0.13197636403444146,0.19965161024192637,0.06767524620748491
with_classifier,False,400,0.4,0.68,0.13197308689472262,0.19735142560830962,0.065378338713587
with_classifier,False,400,0.4,0.685,0.13187652211015424,0.19661002452824805,0.06473350241809381
with_classifier,False,400,0.4,0.6900000000000001,0.1317799573255858,0.1958686234481866,0.06408866612260078
with_classifier,False,400,0.4,0.6950000000000001,0.1306908401372493,0.1974911736206559,0.06680033348340661
with_classifier,False,400,0.4,0.7000000000000001,0.1296017229489128,0.19911372379312517,0.06951200084421236
with_classifier,False,400,0.4,0.705,0.12893769151332285,0.19458513980275408,0.06564744828943123
with_classifier,False,400,0.4,0.71,0.12827366007773283,0.19005655581238295,0.06178289573465012
with_classifier,False,400,0.4,0.715,0.12740656141453657,0.18969369951574966,0.062287138101213085
with_classifier,False,400,0.4,0.72,0.12653946275134026,0.18933084321911642,0.06279138046777616
with_classifier,False,400,0.4,0.725,0.12585173019930757,0.1902779016636244,0.06442617146431684
with_classifier,False,400,0.4,0.73,0.12516399764727487,0.19122496010813242,0.06606096246085755
with_classifier,False,400,0.4,0.735,0.12559328854297444,0.19063994615742558,0.06504665761445114
with_classifier,False,400,0.4,0.74,0.12602257943867395,0.19005493220671874,0.06403235276804478
with_classifier,False,400,0.4,0.745,0.12535723218199565,0.19076757062164684,0.06541033843965119
with_classifier,False,400,0.4,0.75,0.12469188492531733,0.19148020903657498,0.06678832411125765
with_classifier,False,400,0.4,0.755,0.12418999125637734,0.18833762836210852,0.06414763710573118
with_classifier,False,400,0.4,0.76,0.12368809758743737,0.18519504768764214,0.061506950100204766
with_classifier,False,400,0.4,0.765,0.12350998850985587,0.18428766320913076,0.06077767469927489
with_classifier,False,400,0.4,0.77,0.12333187943227435,0.1833802787306195,0.06004839929834514
with_classifier,False,400,0.4,0.775,0.1225603306443372,0.18107396785041296,0.05851363720607576
with_classifier,False,400,0.4,0.78,0.1217887818564001,0.17876765697020652,0.05697887511380642
with_classifier,False,400,0.4,0.785,0.12186886700428054,0.1774397827104258,0.05557091570614525
with_classifier,False,400,0.4,0.79,0.12194895215216091,0.17611190845064506,0.05416295629848415
with_classifier,False,400,0.4,0.795,0.12120553343847862,0.1762227615284307,0.055017228089952075
with_classifier,False,400,0.4,0.8,0.12046211472479625,0.17633361460621624,0.05587149988142
with_classifier,False,400,0.4,0.805,0.120156873788607,0.1772860775846008,0.0571292037959938
with_classifier,False,400,0.4,0.81,0.11985163285241773,0.17823854056298538,0.05838690771056765
with_classifier,False,400,0.4,0.8150000000000001,0.11981410306422428,0.17889754863380708,0.059083445569582796
with_classifier,False,400,0.4,0.8200000000000001,0.11977657327603083,0.17955655670462872,0.05977998342859789
with_classifier,False,400,0.4,0.8250000000000001,0.11931710446544457,0.17907518727535104,0.05975808280990648
with_classifier,False,400,0.4,0.8300000000000001,0.11885763565485832,0.1785938178460734,0.05973618219121507
with_classifier,False,400,0.4,0.835,0.11905958981602453,0.1760433712565767,0.056983781440552175
with_classifier,False,400,0.4,0.84,0.11926154397719076,0.1734929246670799,0.054231380689889155
with_classifier,False,400,0.4,0.845,0.1191645942313092,0.17387541492906167,0.05471082069775246
with_classifier,False,400,0.4,0.85,0.1190676444854277,0.17425790519104342,0.055190260705615724
with_classifier,False,400,0.4,0.855,0.1181398490120773,0.1699973436019597,0.0518574945898824
with_classifier,False,400,0.4,0.86,0.11721205353872695,0.16573678201287598,0.04852472847414903
with_classifier,False,400,0.4,0.865,0.11643512468925717,0.16658000727082253,0.05014488258156537
with_classifier,False,400,0.4,0.87,0.11565819583978738,0.1674232325287691,0.051765036688981705
with_classifier,False,400,0.4,0.875,0.11547182711593147,0.1661943810262892,0.05072255391035772
with_classifier,False,400,0.4,0.88,0.11528545839207556,0.16496552952380927,0.049680071131733713
with_classifier,False,400,0.4,0.885,0.11558830602608701,0.16588285786361667,0.050294551837529664
with_classifier,False,400,0.4,0.89,0.11589115366009839,0.16680018620342407,0.05090903254332568
with_classifier,False,400,0.4,0.895,0.11578866749592029,0.16617007366250616,0.050381406166585874
with_classifier,False,400,0.4,0.9,0.11568618133174217,0.16553996112158834,0.04985377978984616
with_classifier,False,400,0.4,0.905,0.11372344825370721,0.1641721780867859,0.0504487298330787
with_classifier,False,400,0.4,0.91,0.11176071517567232,0.1628043950519835,0.05104367987631117
with_classifier,False,400,0.4,0.915,0.1119497319229898,0.16290649536526566,0.05095676344227586
with_classifier,False,400,0.4,0.92,0.11213874867030729,0.16300859567854786,0.05086984700824057
with_classifier,False,400,0.4,0.925,0.1111391953648611,0.16042997473676227,0.04929077937190117
with_classifier,False,400,0.4,0.93,0.11013964205941495,0.1578513537949766,0.04771171173556166
with_classifier,False,400,0.4,0.935,0.1102214456581472,0.15771457311086123,0.04749312745271403
with_classifier,False,400,0.4,0.9400000000000001,0.11030324925687943,0.1575777924267459,0.047274543169866484
with_classifier,False,400,0.4,0.9450000000000001,0.110578202688727,0.15807936436545184,0.04750116167672483
with_classifier,False,400,0.4,0.9500000000000001,0.11085315612057456,0.1585809363041577,0.047727780183583146
with_classifier,False,400,0.4,0.9550000000000001,0.11019724551835677,0.15767880183295346,0.04748155631459669
with_classifier,False,400,0.4,0.96,0.10954133491613902,0.15677666736174917,0.04723533244561015
with_classifier,False,400,0.4,0.965,0.10885126466993822,0.1566762457379567,0.04782498106801847
with_classifier,False,400,0.4,0.97,0.10816119442373748,0.1565758241141642,0.04841462969042673
with_classifier,False,400,0.4,0.975,0.1075882470407911,0.1541664595999464,0.0465782125591553
with_classifier,False,400,0.4,0.98,0.1070152996578448,0.15175709508572857,0.04474179542788377
with_classifier,False,400,0.4,0.985,0.10722338630308514,0.15202707530106033,0.04480368899797518
with_classifier,False,400,0.4,0.99,0.10743147294832552,0.152297055516392,0.044865582568066484
with_classifier,False,400,0.4,0.995,0.10755360997718526,0.15337823976466705,0.045824629787481794
with_classifier,False,400,0.4,1.0,0.10767574700604506,0.15445942401294208,0.04678367700689702
with_classifier,False,600,0.6,0.0,1.0,1.0,0.0
with_classifier,False,600,0.6,0.005,0.6025564731510046,0.6511844249669229,0.04862795181591828
with_classifier,False,600,0.6,0.01,0.20511294630200916,0.30236884993384583,0.09725590363183667
with_classifier,False,600,0.6,0.015,0.18572053789898443,0.2676376515554875,0.08191711365650309
with_classifier,False,600,0.6,0.02,0.1663281294959597,0.23290645317712916,0.06657832368116945
with_classifier,False,600,0.6,0.025,0.1570171979034785,0.21406628147517037,0.05704908357169186
with_classifier,False,600,0.6,0.03,0.14770626631099731,0.19522610977321161,0.0475198434622143
with_classifier,False,600,0.6,0.035,0.14276179457665422,0.18359085375554662,0.0408290591788924
with_classifier,False,600,0.6,0.04,0.1378173228423111,0.17195559773788166,0.03413827489557056
with_classifier,False,600,0.6,0.045,0.13133584663863684,0.16355127971439898,0.032215433075762134
with_classifier,False,600,0.6,0.05,0.12485437043496254,0.1551469616909162,0.03029259125595367
with_classifier,False,600,0.6,0.055,0.12226409358467208,0.14447778716688237,0.022213693582210287
with_classifier,False,600,0.6,0.06,0.11967381673438164,0.13380861264284852,0.014134795908466877
with_classifier,False,600,0.6,0.065,0.1175636649230728,0.12944691914630918,0.011883254223236384
with_classifier,False,600,0.6,0.07,0.11545351311176393,0.12508522564976982,0.00963171253800589
with_classifier,False,600,0.6,0.075,0.1133047159636044,0.11732281570203973,0.004018099738435324
with_classifier,False,600,0.6,0.08,0.11115591881544487,0.10956040575430963,-0.0015955130611352425
with_classifier,False,600,0.6,0.085,0.11015168471979755,0.10725682926424876,-0.002894855455548795
with_classifier,False,600,0.6,0.09,0.10914745062415024,0.1049532527741879,-0.004194197849962333
with_classifier,False,600,0.6,0.095,0.1066518496791347,0.10275507761669966,-0.003896772062435036
with_classifier,False,600,0.6,0.1,0.10415624873411919,0.10055690245921142,-0.0035993462749077665
with_classifier,False,600,0.6,0.105,0.10069115547390539,0.09857828956179826,-0.0021128659121071314
with_classifier,False,600,0.6,0.11,0.09722606221369157,0.0965996766643851,-0.0006263855493064685
with_classifier,False,600,0.6,0.115,0.09549140029548045,0.0944740681935946,-0.0010173321018858567
with_classifier,False,600,0.6,0.12,0.09375673837726933,0.09234845972280405,-0.0014082786544652864
with_classifier,False,600,0.6,0.125,0.0936184605678136,0.08935177369989107,-0.004266686867922531
with_classifier,False,600,0.6,0.13,0.09348018275835784,0.08635508767697805,-0.00712509508137979
with_classifier,False,600,0.6,0.135,0.09181354091163181,0.08646074003447818,-0.005352800877153632
with_classifier,False,600,0.6,0.14,0.09014689906490579,0.0865663923919783,-0.0035805066729274887
with_classifier,False,600,0.6,0.145,0.08841800287268901,0.08254386276118267,-0.005874140111506346
with_classifier,False,600,0.6,0.15,0.08668910668047222,0.07852133313038698,-0.008167773550085244
with_classifier,False,600,0.6,0.155,0.08713557323962352,0.0781295823716452,-0.00900599086797832
with_classifier,False,600,0.6,0.16,0.08758203979877482,0.0777378316129034,-0.009844208185871423
with_classifier,False,600,0.6,0.165,0.08788522825678229,0.07554805430190756,-0.012337173954874728
with_classifier,False,600,0.6,0.17,0.08818841671478973,0.07335827699091169,-0.014830139723878047
with_classifier,False,600,0.6,0.17500000000000002,0.08697287776538967,0.0750678701715515,-0.011905007593838168
with_classifier,False,600,0.6,0.18,0.0857573388159896,0.07677746335219125,-0.008979875463798345
with_classifier,False,600,0.6,0.185,0.08585225270813682,0.0750380430232326,-0.010814209684904222
with_classifier,False,600,0.6,0.19,0.08594716660028402,0.07329862269427394,-0.012648543906010085
with_classifier,False,600,0.6,0.195,0.08379835954610218,0.06960200015930848,-0.0141963593867937
with_classifier,False,600,0.6,0.2,0.08164955249192038,0.06590537762434298,-0.0157441748675774
with_classifier,False,600,0.6,0.20500000000000002,0.0805139570220975,0.06731553990415705,-0.013198417117940453
with_classifier,False,600,0.6,0.21,0.07937836155227464,0.0687257021839711,-0.010652659368303535
with_classifier,False,600,0.6,0.215,0.0793698281265097,0.0658986616051455,-0.013471166521364195
with_classifier,False,600,0.6,0.22,0.07936129470074471,0.06307162102631991,-0.0162896736744248
with_classifier,False,600,0.6,0.225,0.07711964562717184,0.06437152469821741,-0.012748120928954429
with_classifier,False,600,0.6,0.23,0.07487799655359897,0.06567142837011487,-0.009206568183484101
with_classifier,False,600,0.6,0.23500000000000001,0.07592971311018726,0.06333273484458915,-0.012596978265598108
with_classifier,False,600,0.6,0.24,0.07698142966677551,0.06099404131906342,-0.015987388347712093
with_classifier,False,600,0.6,0.245,0.07627624834836752,0.061251950782437524,-0.015024297565929996
with_classifier,False,600,0.6,0.25,0.0755710670299595,0.061509860245811676,-0.014061206784147823
with_classifier,False,600,0.6,0.255,0.0749319862098491,0.06326267356089374,-0.011669312648955363
with_classifier,False,600,0.6,0.26,0.07429290538973872,0.06501548687597582,-0.009277418513762903
with_classifier,False,600,0.6,0.265,0.07447261566917102,0.06224385950452414,-0.012228756164646873
with_classifier,False,600,0.6,0.27,0.0746523259486033,0.0594722321330725,-0.015180093815530801
with_classifier,False,600,0.6,0.275,0.07301669192643506,0.059021707620680285,-0.013994984305754778
with_classifier,False,600,0.6,0.28,0.07138105790426683,0.05857118310828811,-0.01280987479597872
with_classifier,False,600,0.6,0.28500000000000003,0.07118801105221792,0.05788392201199409,-0.01330408904022383
with_classifier,False,600,0.6,0.29,0.070994964200169,0.0571966609157001,-0.013798303284468898
with_classifier,False,600,0.6,0.295,0.07014333620808125,0.05707653861434665,-0.013066797593734594
with_classifier,False,600,0.6,0.3,0.06929170821599352,0.0569564163129932,-0.012335291903000326
with_classifier,False,600,0.6,0.305,0.06966719194875622,0.057373344025594034,-0.012293847923162182
with_classifier,False,600,0.6,0.31,0.07004267568151895,0.05779027173819486,-0.012252403943324094
with_classifier,False,600,0.6,0.315,0.06966104438589052,0.05925118680017477,-0.010409857585715748
with_classifier,False,600,0.6,0.32,0.06927941309026209,0.060712101862154665,-0.008567311228107423
with_classifier,False,600,0.6,0.325,0.06637530183637866,0.05891198147869241,-0.007463320357686251
with_classifier,False,600,0.6,0.33,0.06347119058249517,0.057111861095230164,-0.00635932948726501
with_classifier,False,600,0.6,0.335,0.06363390936465294,0.0555260646869283,-0.008107844677724636
with_classifier,False,600,0.6,0.34,0.06379662814681068,0.05394026827862641,-0.00985635986818427
with_classifier,False,600,0.6,0.34500000000000003,0.06333466323327834,0.055695860256237205,-0.007638802977041136
with_classifier,False,600,0.6,0.35000000000000003,0.062872698319746,0.057451452233848,-0.005421246085898002
with_classifier,False,600,0.6,0.355,0.06150072358891824,0.05626831139268083,-0.005232412196237414
with_classifier,False,600,0.6,0.36,0.060128748858090456,0.05508517055151364,-0.0050435783065768125
with_classifier,False,600,0.6,0.365,0.05975604834717766,0.053390523882117125,-0.006365524465060536
with_classifier,False,600,0.6,0.37,0.05938334783626488,0.05169587721272062,-0.00768747062354426
with_classifier,False,600,0.6,0.375,0.05957680090442106,0.05170887050890695,-0.00786793039551411
with_classifier,False,600,0.6,0.38,0.059770253972577236,0.05172186380509325,-0.008048390167483988
with_classifier,False,600,0.6,0.385,0.0590534719605542,0.051188452338319625,-0.007865019622234577
with_classifier,False,600,0.6,0.39,0.05833668994853118,0.05065504087154599,-0.007681649076985195
with_classifier,False,600,0.6,0.395,0.057362462584666596,0.05106883292639395,-0.006293629658272647
with_classifier,False,600,0.6,0.4,0.05638823522080202,0.05148262498124191,-0.004905610239560106
with_classifier,False,600,0.6,0.405,0.05706977065492539,0.052141773359156415,-0.004927997295768975
with_classifier,False,600,0.6,0.41000000000000003,0.0577513060890487,0.05280092173707089,-0.00495038435197781
with_classifier,False,600,0.6,0.41500000000000004,0.05623406786044747,0.05314164180534135,-0.0030924260551061164
with_classifier,False,600,0.6,0.42,0.05471682963184623,0.053482361873611814,-0.0012344677582344157
with_classifier,False,600,0.6,0.425,0.05489131077602603,0.05284555446584514,-0.0020457563101808837
with_classifier,False,600,0.6,0.43,0.05506579192020582,0.0522087470580785,-0.002857044862127317
with_classifier,False,600,0.6,0.435,0.05568973529016754,0.051322195861381883,-0.004367539428785656
with_classifier,False,600,0.6,0.44,0.05631367866012926,0.05043564466468524,-0.005878033995444024
with_classifier,False,600,0.6,0.445,0.056452516786254514,0.05191233631504777,-0.004540180471206745
with_classifier,False,600,0.6,0.45,0.05659135491237975,0.0533890279654103,-0.0032023269469694526
with_classifier,False,600,0.6,0.455,0.056981933275019395,0.05197378139656696,-0.005008151878452431
with_classifier,False,600,0.6,0.46,0.05737251163765904,0.05055853482772362,-0.006813976809935417
with_classifier,False,600,0.6,0.465,0.057589594649834916,0.050450209878593645,-0.007139384771241271
with_classifier,False,600,0.6,0.47000000000000003,0.05780667766201075,0.05034188492946364,-0.007464792732547111
with_classifier,False,600,0.6,0.47500000000000003,0.05667161166597604,0.05005553770681823,-0.006616073959157809
with_classifier,False,600,0.6,0.48,0.05553654566994132,0.049769190484172825,-0.005767355185768493
with_classifier,False,600,0.6,0.485,0.05499762468791839,0.04966723205948559,-0.005330392628432802
with_classifier,False,600,0.6,0.49,0.05445870370589545,0.04956527363479837,-0.004893430071097084
with_classifier,False,600,0.6,0.495,0.05487086656071673,0.04831535072919602,-0.006555515831520704
with_classifier,False,600,0.6,0.5,0.055283029415537976,0.04706542782359368,-0.008217601591944297
with_classifier,False,600,0.6,0.505,0.054651903939666235,0.04764147426278213,-0.007010429676884103
with_classifier,False,600,0.6,0.51,0.05402077846379446,0.0482175207019706,-0.00580325776182386
with_classifier,False,600,0.6,0.515,0.05274839323508786,0.04750365698166813,-0.005244736253419736
with_classifier,False,600,0.6,0.52,0.051476008006381246,0.046789793261365654,-0.004686214745015592
with_classifier,False,600,0.6,0.525,0.05180401264972412,0.04689035017831581,-0.004913662471408307
with_classifier,False,600,0.6,0.53,0.05213201729306699,0.04699090709526597,-0.005141110197801023
with_classifier,False,600,0.6,0.535,0.052135810099971425,0.04662016273250629,-0.005515647367465133
with_classifier,False,600,0.6,0.54,0.052139602906875845,0.046249418369746616,-0.00589018453712923
with_classifier,False,600,0.6,0.545,0.05076958899813082,0.04599417049704547,-0.00477541850108535
with_classifier,False,600,0.6,0.55,0.049399575089385805,0.04573892262434432,-0.003660652465041485
with_classifier,False,600,0.6,0.555,0.05034447079924574,0.04559636032885465,-0.004748110470391094
with_classifier,False,600,0.6,0.56,0.051289366509105705,0.045453798033364974,-0.005835568475740731
with_classifier,False,600,0.6,0.5650000000000001,0.05069969213494914,0.045810159447210036,-0.004889532687739104
with_classifier,False,600,0.6,0.5700000000000001,0.050110017760792616,0.04616652086105506,-0.003943496899737553
with_classifier,False,600,0.6,0.5750000000000001,0.050986154302797036,0.04515506150021488,-0.0058310928025821565
with_classifier,False,600,0.6,0.58,0.05186229084480147,0.0441436021393747,-0.007718688705426767
with_classifier,False,600,0.6,0.585,0.05171923650645719,0.04567143768646929,-0.006047798819987897
with_classifier,False,600,0.6,0.59,0.051576182168112904,0.04719927323356387,-0.004376908934549034
with_classifier,False,600,0.6,0.595,0.05128993677137865,0.04713211032667459,-0.004157826444704062
with_classifier,False,600,0.6,0.6,0.0510036913746444,0.04706494741978531,-0.003938743954859096
with_classifier,False,600,0.6,0.605,0.050990883878281844,0.0481423573708283,-0.0028485265074535415
with_classifier,False,600,0.6,0.61,0.05097807638191929,0.049219767321871284,-0.0017583090600480078
with_classifier,False,600,0.6,0.615,0.049565209417438985,0.04641755002890326,-0.0031476593885357285
with_classifier,False,600,0.6,0.62,0.0481523424529587,0.04361533273593522,-0.004537009717023477
with_classifier,False,600,0.6,0.625,0.04866551693485235,0.04366867387919532,-0.004996843055657028
with_classifier,False,600,0.6,0.63,0.04917869141674601,0.04372201502245541,-0.005456676394290601
with_classifier,False,600,0.6,0.635,0.04859043514157141,0.04396084233706157,-0.004629592804509836
with_classifier,False,600,0.6,0.64,0.04800217886639682,0.04419966965166774,-0.0038025092147290843
with_classifier,False,600,0.6,0.645,0.047996411303708256,0.04380230291681074,-0.004194108386897516
with_classifier,False,600,0.6,0.65,0.04799064374101969,0.043404936181953714,-0.0045857075590659754
with_classifier,False,600,0.6,0.655,0.04835175351021462,0.043179333174218,-0.0051724203359966164
with_classifier,False,600,0.6,0.66,0.048712863279409546,0.042953730166482275,-0.005759133112927271
with_classifier,False,600,0.6,0.665,0.048397979929553296,0.04377542743107673,-0.004622552498476568
with_classifier,False,600,0.6,0.67,0.04808309657969706,0.04459712469567118,-0.0034859718840258777
with_classifier,False,600,0.6,0.675,0.04800331895026223,0.04377037488574085,-0.004232944064521384
with_classifier,False,600,0.6,0.68,0.0479235413208274,0.04294362507581051,-0.00497991624501689
with_classifier,False,600,0.6,0.685,0.047855740944190386,0.04279409791415674,-0.005061643030033647
with_classifier,False,600,0.6,0.6900000000000001,0.047787940567553325,0.04264457075250298,-0.0051433698150503415
with_classifier,False,600,0.6,0.6950000000000001,0.04657227805000727,0.04377604298943579,-0.0027962350605714795
with_classifier,False,600,0.6,0.7000000000000001,0.04535661553246124,0.0449075152263686,-0.00044910030609263824
with_classifier,False,600,0.6,0.705,0.045552447284086764,0.04685897550109076,0.0013065282170039993
with_classifier,False,600,0.6,0.71,0.04574827903571228,0.048810435775812955,0.0030621567401006716
with_classifier,False,600,0.6,0.715,0.045305816597125764,0.04626607529382454,0.0009602586966987736
with_classifier,False,600,0.6,0.72,0.044863354158539245,0.043721714811836135,-0.0011416393467031105
with_classifier,False,600,0.6,0.725,0.045156322786485056,0.046472323841662735,0.001316001055177679
with_classifier,False,600,0.6,0.73,0.04544929141443087,0.04922293287148931,0.003773641457058441
with_classifier,False,600,0.6,0.735,0.04433063519959736,0.04748035083956589,0.003149715639968527
with_classifier,False,600,0.6,0.74,0.04321197898476385,0.04573776880764248,0.002525789822878627
with_classifier,False,600,0.6,0.745,0.043762132599610294,0.04374280614162369,-1.9326457986607037e-05
with_classifier,False,600,0.6,0.75,0.04431228621445673,0.041747843475604896,-0.002564442738851834
with_classifier,False,600,0.6,0.755,0.04372736981473281,0.04145888441353842,-0.002268485401194391
with_classifier,False,600,0.6,0.76,0.043142453415008886,0.04116992535147196,-0.001972528063536927
with_classifier,False,600,0.6,0.765,0.04342860276427625,0.04186207261377907,-0.0015665301504971807
with_classifier,False,600,0.6,0.77,0.04371475211354361,0.04255421987608617,-0.0011605322374574345
with_classifier,False,600,0.6,0.775,0.04383163178337175,0.0444682429577612,0.0006366111743894495
with_classifier,False,600,0.6,0.78,0.043948511453199904,0.04638226603943622,0.0024337545862363127
with_classifier,False,600,0.6,0.785,0.04398411706487725,0.046067430283122435,0.002083313218245182
with_classifier,False,600,0.6,0.79,0.044019722676554615,0.045752594526808625,0.00173287185025401
with_classifier,False,600,0.6,0.795,0.04362529284861617,0.04455507446657673,0.0009297816179605553
with_classifier,False,600,0.6,0.8,0.04323086302067774,0.04335755440634481,0.0001266913856670729
with_classifier,False,600,0.6,0.805,0.04415660634809078,0.04403291501068451,-0.00012369133740627175
with_classifier,False,600,0.6,0.81,0.04508234967550379,0.04470827561502423,-0.0003740740604795609
with_classifier,False,600,0.6,0.8150000000000001,0.04330054103079115,0.045146597175577584,0.0018460561447864315
with_classifier,False,600,0.6,0.8200000000000001,0.041518732386078526,0.04558491873613089,0.0040661863500523615
with_classifier,False,600,0.6,0.8250000000000001,0.04128777486483158,0.04369021862090445,0.002402443756072868
with_classifier,False,600,0.6,0.8300000000000001,0.04105681734358463,0.04179551850567806,0.0007387011620934303
with_classifier,False,600,0.6,0.835,0.040175586070108696,0.04232569588387075,0.002150109813762055
with_classifier,False,600,0.6,0.84,0.03929435479663273,0.04285587326206344,0.0035615184654307144
with_classifier,False,600,0.6,0.845,0.04014027218361055,0.042691316947966705,0.002551044764356157
with_classifier,False,600,0.6,0.85,0.040986189570588374,0.042526760633869946,0.001540571063281572
with_classifier,False,600,0.6,0.855,0.041127593849887484,0.04160206157112649,0.00047446772123900527
with_classifier,False,600,0.6,0.86,0.04126899812918661,0.04067736250838303,-0.0005916356208035753
with_classifier,False,600,0.6,0.865,0.041837190340981274,0.041363275745413076,-0.0004739145955681978
with_classifier,False,600,0.6,0.87,0.04240538255277594,0.042049188982443114,-0.0003561935703328273
with_classifier,False,600,0.6,0.875,0.04209739260489489,0.041698716595055876,-0.00039867600983901214
with_classifier,False,600,0.6,0.88,0.04178940265701385,0.04134824420766868,-0.00044115844934516923
with_classifier,False,600,0.6,0.885,0.04187155859549724,0.04354650169366019,0.0016749430981629551
with_classifier,False,600,0.6,0.89,0.04195371453398063,0.045744759179651734,0.003791044645671107
with_classifier,False,600,0.6,0.895,0.0417899469906115,0.04408609308942686,0.0022961460988153645
with_classifier,False,600,0.6,0.9,0.04162617944724236,0.042427426999201996,0.0008012475519596357
with_classifier,False,600,0.6,0.905,0.04158155402522728,0.04322428406196802,0.0016427300367407444
with_classifier,False,600,0.6,0.91,0.04153692860321219,0.04402114112473404,0.002484212521521853
with_classifier,False,600,0.6,0.915,0.04204054488344506,0.04339982119255485,0.0013592763091097929
with_classifier,False,600,0.6,0.92,0.04254416116367793,0.04277850126037569,0.00023434009669776046
with_classifier,False,600,0.6,0.925,0.0421713562810813,0.04308193858681383,0.0009105823057325296
with_classifier,False,600,0.6,0.93,0.041798551398484665,0.043385375913251964,0.0015868245147672988
with_classifier,False,600,0.6,0.935,0.04198419492398293,0.04398750100808684,0.0020033060841039146
with_classifier,False,600,0.6,0.9400000000000001,0.04216983844948114,0.0445896261029217,0.0024197876534405582
with_classifier,False,600,0.6,0.9450000000000001,0.04065581053524507,0.04435549209393987,0.003699681558694802
with_classifier,False,600,0.6,0.9500000000000001,0.03914178262100903,0.04412135808495806,0.004979575463949032
with_classifier,False,600,0.6,0.9550000000000001,0.03860371608071241,0.044545093656342946,0.005941377575630534
with_classifier,False,600,0.6,0.96,0.038065649540415816,0.04496882922772784,0.006903179687312022
with_classifier,False,600,0.6,0.965,0.03905236307754724,0.0441545820186972,0.005102218941149962
with_classifier,False,600,0.6,0.97,0.04003907661467868,0.04334033480966658,0.0033012581949878952
with_classifier,False,600,0.6,0.975,0.040115253233331406,0.04463499050759614,0.004519737274264732
with_classifier,False,600,0.6,0.98,0.04019142985198414,0.045929646205525684,0.005738216353541548
with_classifier,False,600,0.6,0.985,0.039808089717989784,0.04668096023260053,0.006872870514610746
with_classifier,False,600,0.6,0.99,0.03942474958399543,0.04743227425967537,0.008007524675679938
with_classifier,False,600,0.6,0.995,0.03941849490877454,0.04537055091280006,0.00595205600402552
with_classifier,False,600,0.6,1.0,0.039412240233553664,0.043308827565924725,0.003896587332371061
with_classifier,False,800,0.8,0.0,1.0,1.0,0.0
with_classifier,False,800,0.8,0.005,0.5434010004795224,0.5327529787117722,-0.01064802176775026
with_classifier,False,800,0.8,0.01,0.08680200095904486,0.06550595742354441,-0.02129604353550045
with_classifier,False,800,0.8,0.015,0.07616307736997743,0.05852269970120687,-0.017640377668770565
with_classifier,False,800,0.8,0.02,0.06552415378091005,0.05153944197886934,-0.013984711802040709
with_classifier,False,800,0.8,0.025,0.05959463097324867,0.04908843958985624,-0.010506191383392434
with_classifier,False,800,0.8,0.03,0.0536651081655873,0.046637437200843124,-0.007027670964744173
with_classifier,False,800,0.8,0.035,0.04954142499426476,0.04561358329427699,-0.0039278416999877705
with_classifier,False,800,0.8,0.04,0.04541774182294224,0.04458972938771087,-0.0008280124352313678
with_classifier,False,800,0.8,0.045,0.04445192780544555,0.04281209363987727,-0.001639834165568281
with_classifier,False,800,0.8,0.05,0.04348611378794885,0.041034457892043665,-0.0024516558959051873
with_classifier,False,800,0.8,0.055,0.0415552650125998,0.04043974871584699,-0.0011155162967528068
with_classifier,False,800,0.8,0.06,0.03962441623725075,0.03984503953965031,0.0002206233023995599
with_classifier,False,800,0.8,0.065,0.03827533593396462,0.039940071154487666,0.0016647352205230448
with_classifier,False,800,0.8,0.07,0.0369262556306785,0.04003510276932502,0.0031088471386465227
with_classifier,False,800,0.8,0.075,0.035022850210807525,0.03808991536859443,0.0030670651577869024
with_classifier,False,800,0.8,0.08,0.03311944479093655,0.036144727967863825,0.003025283176927275
with_classifier,False,800,0.8,0.085,0.03305201839665339,0.035270894652130666,0.002218876255477273
with_classifier,False,800,0.8,0.09,0.03298459200237022,0.0343970613363975,0.0014124693340272776
with_classifier,False,800,0.8,0.095,0.03376312511797248,0.03637560500220084,0.002612479884228365
with_classifier,False,800,0.8,0.1,0.03454165823357471,0.0383541486680042,0.003812490434429487
with_classifier,False,800,0.8,0.105,0.03359762474510111,0.035727060822343136,0.0021294360772420237
with_classifier,False,800,0.8,0.11,0.0326535912566275,0.03309997297668209,0.00044638172005458804
with_classifier,False,800,0.8,0.115,0.03416228400346881,0.032534000121280174,-0.0016282838821886358
with_classifier,False,800,0.8,0.12,0.03567097675031012,0.03196802726587823,-0.0037029494844318875
with_classifier,False,800,0.8,0.125,0.03461397523460618,0.03213398636306617,-0.0024799888715400092
with_classifier,False,800,0.8,0.13,0.033556973718902254,0.032299945460254095,-0.0012570282586481588
with_classifier,False,800,0.8,0.135,0.03138462366482903,0.03369010450340284,0.0023054808385738063
with_classifier,False,800,0.8,0.14,0.0292122736107558,0.035080263546551596,0.0058679899357957956
with_classifier,False,800,0.8,0.145,0.029889699043924346,0.034216190761362675,0.004326491717438329
with_classifier,False,800,0.8,0.15,0.030567124477092873,0.03335211797617376,0.0027849934990808872
with_classifier,False,800,0.8,0.155,0.03026868539031663,0.03381840819990126,0.0035497228095846337
with_classifier,False,800,0.8,0.16,0.029970246303540376,0.03428469842362879,0.004314452120088411
with_classifier,False,800,0.8,0.165,0.02974578815564503,0.03216910003531666,0.002423311879671628
with_classifier,False,800,0.8,0.17,0.02952133000774969,0.03005350164700455,0.0005321716392548588
with_classifier,False,800,0.8,0.17500000000000002,0.030564530176610177,0.032251324149401635,0.0016867939727914574
with_classifier,False,800,0.8,0.18,0.03160773034547067,0.034449146651798705,0.0028414163063280318
with_classifier,False,800,0.8,0.185,0.030314290073899124,0.034066830844070244,0.00375254077017112
with_classifier,False,800,0.8,0.19,0.02902084980232757,0.03368451503634181,0.004663665234014239
with_classifier,False,800,0.8,0.195,0.028801722472829472,0.03274083865512996,0.003939116182300487
with_classifier,False,800,0.8,0.2,0.028582595143331373,0.03179716227391812,0.003214567130586748
with_classifier,False,800,0.8,0.20500000000000002,0.027785210184859653,0.030371256457049932,0.002586046272190279
with_classifier,False,800,0.8,0.21,0.02698782522638794,0.02894535064018176,0.0019575254137938203
with_classifier,False,800,0.8,0.215,0.027456881523782305,0.031188884833148522,0.0037320033093662178
with_classifier,False,800,0.8,0.22,0.027925937821176684,0.03343241902611529,0.005506481204938605
with_classifier,False,800,0.8,0.225,0.027462921385182804,0.03375989187508822,0.006296970489905414
with_classifier,False,800,0.8,0.23,0.02699990494918893,0.03408736472406114,0.007087459774872209
with_classifier,False,800,0.8,0.23500000000000001,0.02652648719558783,0.03330467730333718,0.006778190107749351
with_classifier,False,800,0.8,0.24,0.026053069441986744,0.03252198988261322,0.006468920440626476
with_classifier,False,800,0.8,0.245,0.02758143026616987,0.03384695205400931,0.006265521787839439
with_classifier,False,800,0.8,0.25,0.029109791090353006,0.035171914225405394,0.0060621231350523885
with_classifier,False,800,0.8,0.255,0.02865058998586998,0.03460920456212383,0.005958614576253851
with_classifier,False,800,0.8,0.26,0.028191388881386954,0.03404649489884226,0.005855106017455307
with_classifier,False,800,0.8,0.265,0.028361569889918132,0.033392689470880824,0.005031119580962692
with_classifier,False,800,0.8,0.27,0.02853175089844929,0.03273888404291938,0.0042071331444700905
with_classifier,False,800,0.8,0.275,0.027958092903742605,0.03269700677325697,0.004738913869514368
with_classifier,False,800,0.8,0.28,0.027384434909035922,0.03265512950359455,0.005270694594558631
with_classifier,False,800,0.8,0.28500000000000003,0.02559902879916383,0.033711486482958825,0.008112457683794993
with_classifier,False,800,0.8,0.29,0.023813622689291755,0.034767843462323075,0.01095422077303132
with_classifier,False,800,0.8,0.295,0.02381794192301944,0.032425394389526144,0.008607452466506703
with_classifier,False,800,0.8,0.3,0.02382226115674712,0.030082945316729216,0.006260684159982096
with_classifier,False,800,0.8,0.305,0.02536086473618828,0.03143697725262124,0.0060761125164329605
with_classifier,False,800,0.8,0.31,0.026899468315629442,0.03279100918851326,0.0058915408728838214
with_classifier,False,800,0.8,0.315,0.025286812728494014,0.03282615347408865,0.007539340745594633
with_classifier,False,800,0.8,0.32,0.02367415714135859,0.03286129775966401,0.00918714061830542
with_classifier,False,800,0.8,0.325,0.023774808233380705,0.03243238425246091,0.008657576019080203
with_classifier,False,800,0.8,0.33,0.023875459325402824,0.03200347074525779,0.008128011419854968
with_classifier,False,800,0.8,0.335,0.02404490401211661,0.03284295906494663,0.00879805505283002
with_classifier,False,800,0.8,0.34,0.024214348698830386,0.033682447384635446,0.00946809868580506
with_classifier,False,800,0.8,0.34500000000000003,0.025689650966693695,0.034483515703638355,0.00879386473694466
with_classifier,False,800,0.8,0.35000000000000003,0.027164953234556977,0.03528458402264125,0.008119630788084274
with_classifier,False,800,0.8,0.355,0.026131456108220548,0.0342048820358347,0.008073425927614154
with_classifier,False,800,0.8,0.36,0.0250979589818841,0.03312518004902813,0.008027221067144034
with_classifier,False,800,0.8,0.365,0.02586205217627139,0.032639421291642066,0.006777369115370677
with_classifier,False,800,0.8,0.37,0.02662614537065868,0.032153662534255986,0.005527517163597305
with_classifier,False,800,0.8,0.375,0.027333421718661467,0.032459086474458075,0.005125664755796608
with_classifier,False,800,0.8,0.38,0.028040698066664243,0.03276451041466014,0.0047238123479959
with_classifier,False,800,0.8,0.385,0.027155724196539565,0.034482138313178444,0.007326414116638879
with_classifier,False,800,0.8,0.39,0.026270750326414898,0.03619976621169675,0.009929015885281854
with_classifier,False,800,0.8,0.395,0.026628312151588042,0.035130977046258824,0.008502664894670782
with_classifier,False,800,0.8,0.4,0.02698587397676116,0.03406218788082091,0.007076313904059751
with_classifier,False,800,0.8,0.405,0.02579085975184473,0.03402589389167891,0.008235034139834181
with_classifier,False,800,0.8,0.41000000000000003,0.024595845526928305,0.0339895999025369,0.009393754375608597
with_classifier,False,800,0.8,0.41500000000000004,0.023801326455747278,0.032367482300044964,0.008566155844297686
with_classifier,False,800,0.8,0.42,0.02300680738456625,0.030745364697553058,0.007738557312986807
with_classifier,False,800,0.8,0.425,0.023137115706364664,0.03021556285551924,0.007078447149154576
with_classifier,False,800,0.8,0.43,0.02326742402816308,0.029685761013485412,0.006418336985322331
with_classifier,False,800,0.8,0.435,0.02430936751859311,0.030719668438226412,0.006410300919633301
with_classifier,False,800,0.8,0.44,0.02535131100902314,0.03175357586296741,0.006402264853944271
with_classifier,False,800,0.8,0.445,0.02511227599487028,0.03333085400838172,0.00821857801351144
with_classifier,False,800,0.8,0.45,0.024873240980717432,0.03490813215379604,0.010034891173078608
with_classifier,False,800,0.8,0.455,0.024967357080434644,0.03520573375933357,0.010238376678898927
with_classifier,False,800,0.8,0.46,0.02506147318015186,0.035503335364871116,0.010441862184719257
with_classifier,False,800,0.8,0.465,0.02382468888560348,0.03416630617980747,0.010341617294203988
with_classifier,False,800,0.8,0.47000000000000003,0.022587904591055107,0.03282927699474385,0.01024137240368874
with_classifier,False,800,0.8,0.47500000000000003,0.021526992378057906,0.03311100155260647,0.011584009174548562
with_classifier,False,800,0.8,0.48,0.0204660801650607,0.03339272611046908,0.012926645945408384
with_classifier,False,800,0.8,0.485,0.021643512746231865,0.0316885125967868,0.010044999850554938
with_classifier,False,800,0.8,0.49,0.022820945327403024,0.029984299083104515,0.007163353755701492
with_classifier,False,800,0.8,0.495,0.024308863218272254,0.032207774987255106,0.007898911768982851
with_classifier,False,800,0.8,0.5,0.0257967811091415,0.034431250891405696,0.008634469782264197
with_classifier,False,800,0.8,0.505,0.02420142508281667,0.033476701301951836,0.009275276219135167
with_classifier,False,800,0.8,0.51,0.022606069056491835,0.03252215171249796,0.009916082656006128
with_classifier,False,800,0.8,0.515,0.022317496332883206,0.03336528331231724,0.01104778697943403
with_classifier,False,800,0.8,0.52,0.02202892360927459,0.034208414912136505,0.012179491302861913
with_classifier,False,800,0.8,0.525,0.02263291620028516,0.03244269357974797,0.009809777379462814
with_classifier,False,800,0.8,0.53,0.023236908791295717,0.030676972247359414,0.0074400634560636975
with_classifier,False,800,0.8,0.535,0.02341103409715288,0.0326188348698876,0.009207800772734719
with_classifier,False,800,0.8,0.54,0.02358515940301004,0.03456069749241579,0.01097553808940575
with_classifier,False,800,0.8,0.545,0.023469393230067605,0.033167438898453847,0.009698045668386241
with_classifier,False,800,0.8,0.55,0.023353627057125168,0.031774180304491896,0.008420553247366729
with_classifier,False,800,0.8,0.555,0.02306898725505259,0.030688263548145182,0.007619276293092593
with_classifier,False,800,0.8,0.56,0.022784347452980004,0.02960234679179848,0.006817999338818475
with_classifier,False,800,0.8,0.5650000000000001,0.022300748557633285,0.031713218461348655,0.00941246990371537
with_classifier,False,800,0.8,0.5700000000000001,0.02181714966228657,0.03382409013089875,0.012006940468612181
with_classifier,False,800,0.8,0.5750000000000001,0.02117359256798711,0.03218529976881347,0.011011707200826362
with_classifier,False,800,0.8,0.58,0.020530035473687654,0.030546509406728244,0.01001647393304059
with_classifier,False,800,0.8,0.585,0.019920067520167017,0.03228046163304194,0.012360394112874925
with_classifier,False,800,0.8,0.59,0.019310099566646387,0.034014413859355656,0.01470431429270927
with_classifier,False,800,0.8,0.595,0.020913885121287123,0.03199888776269896,0.01108500264141184
with_classifier,False,800,0.8,0.6,0.022517670675927852,0.029983361666042284,0.007465690990114432
with_classifier,False,800,0.8,0.605,0.022383035710518015,0.031326708803292906,0.008943673092774891
with_classifier,False,800,0.8,0.61,0.022248400745108178,0.03267005594054354,0.010421655195435364
with_classifier,False,800,0.8,0.615,0.020787080088800095,0.03101648295611086,0.010229402867310763
with_classifier,False,800,0.8,0.62,0.019325759432492005,0.029362909971678165,0.01003715053918616
with_classifier,False,800,0.8,0.625,0.019565436873551036,0.03227913368942003,0.012713696815868994
with_classifier,False,800,0.8,0.63,0.01980511431461006,0.0351953574071619,0.015390243092551839
with_classifier,False,800,0.8,0.635,0.021069318812005803,0.03395614155340202,0.012886822741396218
with_classifier,False,800,0.8,0.64,0.022333523309401547,0.032716925699642165,0.010383402390240618
with_classifier,False,800,0.8,0.645,0.022042016669680982,0.032899141985641714,0.010857125315960732
with_classifier,False,800,0.8,0.65,0.021750510029960424,0.033081358271641256,0.011330848241680833
with_classifier,False,800,0.8,0.655,0.02198786068605841,0.03389920386623999,0.011911343180181583
with_classifier,False,800,0.8,0.66,0.0222252113421564,0.03471704946083871,0.012491838118682309
with_classifier,False,800,0.8,0.665,0.021749746795988657,0.035712812498483494,0.013963065702494837
with_classifier,False,800,0.8,0.67,0.021274282249820926,0.03670857553612829,0.015434293286307361
with_classifier,False,800,0.8,0.675,0.020961536359160773,0.033231378145501374,0.0122698417863406
with_classifier,False,800,0.8,0.68,0.020648790468500617,0.029754180754874442,0.009105390286373825
with_classifier,False,800,0.8,0.685,0.022327186876815803,0.03354723229022062,0.011220045413404819
with_classifier,False,800,0.8,0.6900000000000001,0.02400558328513092,0.03734028382556661,0.01333470054043569
with_classifier,False,800,0.8,0.6950000000000001,0.02249548082631611,0.033883228937484015,0.011387748111167904
with_classifier,False,800,0.8,0.7000000000000001,0.020985378367501376,0.03042617404940154,0.009440795681900163
with_classifier,False,800,0.8,0.705,0.02200848424003198,0.031914554309090216,0.009906070069058238
with_classifier,False,800,0.8,0.71,0.0230315901125626,0.03340293456877892,0.010371344456216323
with_classifier,False,800,0.8,0.715,0.022535038448040723,0.03072892006103454,0.008193881612993816
with_classifier,False,800,0.8,0.72,0.022038486783518843,0.02805490555329016,0.006016418769771319
with_classifier,False,800,0.8,0.725,0.021122927426113165,0.03194817002021107,0.010825242594097902
with_classifier,False,800,0.8,0.73,0.020207368068707484,0.03584143448713197,0.015634066418424488
with_classifier,False,800,0.8,0.735,0.021419939861831758,0.034064482522784,0.012644542660952239
with_classifier,False,800,0.8,0.74,0.02263251165495603,0.032287530558436014,0.009655018903479983
with_classifier,False,800,0.8,0.745,0.021620465994128608,0.031804307775964845,0.010183841781836237
with_classifier,False,800,0.8,0.75,0.020608420333301188,0.03132108499349367,0.01071266466019248
with_classifier,False,800,0.8,0.755,0.02025934286810904,0.030826375811739127,0.010567032943630088
with_classifier,False,800,0.8,0.76,0.019910265402916898,0.03033166662998459,0.010421401227067691
with_classifier,False,800,0.8,0.765,0.020125750043443982,0.029722327285004818,0.009596577241560836
with_classifier,False,800,0.8,0.77,0.020341234683971074,0.029112987940025054,0.00877175325605398
with_classifier,False,800,0.8,0.775,0.020475742637693962,0.030434199788481543,0.00995845715078758
with_classifier,False,800,0.8,0.78,0.02061025059141684,0.03175541163693803,0.011145161045521188
with_classifier,False,800,0.8,0.785,0.021140540973962438,0.03184261313013849,0.010702072156176051
with_classifier,False,800,0.8,0.79,0.021670831356508036,0.03192981462333895,0.010258983266830914
with_classifier,False,800,0.8,0.795,0.020837131724159314,0.031706365223872116,0.010869233499712801
with_classifier,False,800,0.8,0.8,0.02000343209181059,0.03148291582440531,0.01147948373259472
with_classifier,False,800,0.8,0.805,0.019913776563286474,0.03183407214749119,0.011920295584204717
with_classifier,False,800,0.8,0.81,0.01982412103476236,0.032185228470577074,0.012361107435814714
with_classifier,False,800,0.8,0.8150000000000001,0.020963715085199522,0.03190632949663267,0.010942614411433148
with_classifier,False,800,0.8,0.8200000000000001,0.022103309135636656,0.03162743052268827,0.009524121387051616
with_classifier,False,800,0.8,0.8250000000000001,0.02168942961508339,0.03126684550402085,0.009577415888937457
with_classifier,False,800,0.8,0.8300000000000001,0.02127555009453016,0.030906260485353432,0.009630710390823274
with_classifier,False,800,0.8,0.835,0.021983211278396385,0.031651709872142726,0.009668498593746341
with_classifier,False,800,0.8,0.84,0.022690872462262632,0.03239715925893204,0.009706286796669406
with_classifier,False,800,0.8,0.845,0.021265372625299882,0.0327600046863275,0.011494632061027615
with_classifier,False,800,0.8,0.85,0.019839872788337137,0.033122850113722964,0.013282977325385827
with_classifier,False,800,0.8,0.855,0.01977663136070381,0.031152077496056634,0.011375446135352824
with_classifier,False,800,0.8,0.86,0.019713389933070483,0.029181304878390317,0.009467914945319834
with_classifier,False,800,0.8,0.865,0.021107136738282857,0.032035871973639586,0.010928735235356729
with_classifier,False,800,0.8,0.87,0.02250088354349524,0.034890439068888855,0.012389555525393614
with_classifier,False,800,0.8,0.875,0.022905087576206525,0.031313680967214166,0.008408593391007642
with_classifier,False,800,0.8,0.88,0.023309291608917797,0.02773692286553948,0.0044276312566216836
with_classifier,False,800,0.8,0.885,0.0228263902965773,0.030550290042301642,0.007723899745724343
with_classifier,False,800,0.8,0.89,0.022343488984236805,0.0333636572190638,0.011020168234826995
with_classifier,False,800,0.8,0.895,0.020995470787893284,0.03268019258088316,0.011684721792989874
with_classifier,False,800,0.8,0.9,0.01964745259154976,0.031996727942702516,0.012349275351152756
with_classifier,False,800,0.8,0.905,0.021583603637821698,0.033119251146539075,0.011535647508717377
with_classifier,False,800,0.8,0.91,0.02351975468409364,0.03424177435037564,0.010722019666282001
with_classifier,False,800,0.8,0.915,0.02299353460613929,0.03195295484787492,0.00895942024173563
with_classifier,False,800,0.8,0.92,0.022467314528184946,0.02966413534537423,0.007196820817189285
with_classifier,False,800,0.8,0.925,0.021127442383706996,0.030745224461873777,0.00961778207816678
with_classifier,False,800,0.8,0.93,0.01978757023922905,0.03182631357837332,0.012038743339144273
with_classifier,False,800,0.8,0.935,0.02113874772631487,0.032303982440025726,0.011165234713710857
with_classifier,False,800,0.8,0.9400000000000001,0.02248992521340064,0.032781651301678094,0.010291726088277456
with_classifier,False,800,0.8,0.9450000000000001,0.021412494086277222,0.031986473682688164,0.010573979596410942
with_classifier,False,800,0.8,0.9500000000000001,0.02033506295915383,0.031191296063698304,0.010856233104544474
with_classifier,False,800,0.8,0.9550000000000001,0.020637028741742457,0.03363970038705404,0.013002671645311586
with_classifier,False,800,0.8,0.96,0.020938994524331067,0.03608810471040973,0.01514911018607866
with_classifier,False,800,0.8,0.965,0.02103906594051902,0.031581136946600356,0.010542071006081337
with_classifier,False,800,0.8,0.97,0.021139137356706972,0.027074169182790986,0.005935031826084014
with_classifier,False,800,0.8,0.975,0.022068569002755493,0.0289483123926766,0.0068797433899211065
with_classifier,False,800,0.8,0.98,0.022998000648804015,0.030822455602562204,0.007824454953758189
with_classifier,False,800,0.8,0.985,0.022020178946295346,0.03164108092173896,0.009620901975443612
with_classifier,False,800,0.8,0.99,0.021042357243786683,0.032459706240915695,0.011417348997129012
with_classifier,False,800,0.8,0.995,0.021310328424103013,0.030268169274204403,0.00895784085010139
with_classifier,False,800,0.8,1.0,0.02157829960441935,0.028076632307493125,0.006498332703073775
with_classifier,False,999,0.999,0.0,1.0,1.0,0.0
with_classifier,False,999,0.999,0.005,0.5143091027657889,0.5166379208227347,0.002328818056945847
with_classifier,False,999,0.999,0.01,0.02861820553157789,0.03327584164546958,0.004657636113891691
with_classifier,False,999,0.999,0.015,0.026575931325157093,0.03146221368122497,0.004886282356067875
with_classifier,False,999,0.999,0.02,0.024533657118736302,0.02964858571698036,0.005114928598244056
with_classifier,False,999,0.999,0.025,0.020744940387036576,0.02897733537281359,0.008232394985777013
with_classifier,False,999,0.999,0.03,0.01695622365533685,0.028306085028646823,0.011349861373309972
with_classifier,False,999,0.999,0.035,0.01632410317557515,0.028188775279801726,0.011864672104226575
with_classifier,False,999,0.999,0.04,0.01569198269581345,0.028071465530956623,0.012379482835143174
with_classifier,False,999,0.999,0.045,0.018145310434774724,0.029128635871602453,0.010983325436827729
with_classifier,False,999,0.999,0.05,0.02059863817373601,0.030185806212248277,0.009587168038512266
with_classifier,False,999,0.999,0.055,0.02042685090447776,0.031050835568166797,0.010623984663689037
with_classifier,False,999,0.999,0.06,0.02025506363521951,0.031915864924085324,0.011660801288865815
with_classifier,False,999,0.999,0.065,0.020292383768149496,0.03160737876353474,0.011314994995385245
with_classifier,False,999,0.999,0.07,0.020329703901079486,0.03129889260298417,0.010969188701904685
with_classifier,False,999,0.999,0.075,0.019344729048704417,0.030501974222715937,0.01115724517401152
with_classifier,False,999,0.999,0.08,0.018359754196329355,0.029705055842447713,0.011345301646118359
with_classifier,False,999,0.999,0.085,0.02010250934690703,0.031087412366565943,0.010984903019658914
with_classifier,False,999,0.999,0.09,0.021845264497484702,0.03246976889068416,0.010624504393199459
with_classifier,False,999,0.999,0.095,0.020604507917984544,0.0324318577144489,0.011827349796464354
with_classifier,False,999,0.999,0.1,0.01936375133848439,0.03239394653821365,0.013030195199729259
with_classifier,False,999,0.999,0.105,0.018998769437215134,0.029084541679767435,0.010085772242552301
with_classifier,False,999,0.999,0.11,0.018633787535945884,0.02577513682132121,0.007141349285375326
with_classifier,False,999,0.999,0.115,0.018437537975745117,0.02994898948170886,0.011511451505963742
with_classifier,False,999,0.999,0.12,0.018241288415544354,0.03412284214209648,0.015881553726552127
with_classifier,False,999,0.999,0.125,0.018651290627118823,0.032321035661298084,0.01366974503417926
with_classifier,False,999,0.999,0.13,0.01906129283869329,0.03051922918049968,0.01145793634180639
with_classifier,False,999,0.999,0.135,0.020690537042391953,0.03152207281472025,0.010831535772328295
with_classifier,False,999,0.999,0.14,0.02231978124609062,0.03252491644894084,0.010205135202850216
with_classifier,False,999,0.999,0.145,0.021265623732566994,0.032676797617071617,0.011411173884504622
with_classifier,False,999,0.999,0.15,0.020211466219043354,0.03282867878520241,0.012617212566159056
with_classifier,False,999,0.999,0.155,0.020345156550368605,0.03115164329530671,0.010806486744938105
with_classifier,False,999,0.999,0.16,0.02047884688169385,0.02947460780541102,0.00899576092371717
with_classifier,False,999,0.999,0.165,0.02335789079263729,0.03352543485806867,0.010167544065431383
with_classifier,False,999,0.999,0.17,0.02623693470358073,0.037576261910726313,0.011339327207145585
with_classifier,False,999,0.999,0.17500000000000002,0.02516517028649105,0.03585189499901995,0.010686724712528902
with_classifier,False,999,0.999,0.18,0.02409340586940137,0.0341275280873136,0.01003412221791223
with_classifier,False,999,0.999,0.185,0.02197646256594453,0.032686455440125425,0.010709992874180896
with_classifier,False,999,0.999,0.19,0.01985951926248769,0.03124538279293726,0.01138586353044957
with_classifier,False,999,0.999,0.195,0.022042565147955127,0.029985273031634275,0.007942707883679147
with_classifier,False,999,0.999,0.2,0.024225611033422564,0.028725163270331294,0.004499552236908729
with_classifier,False,999,0.999,0.20500000000000002,0.025009977778245228,0.029256887227093114,0.004246909448847886
with_classifier,False,999,0.999,0.21,0.025794344523067902,0.029788611183854907,0.003994266660787005
with_classifier,False,999,0.999,0.215,0.023839457164091676,0.03174530042893214,0.007905843264840461
with_classifier,False,999,0.999,0.22,0.021884569805115463,0.03370198967400938,0.011817419868893914
with_classifier,False,999,0.999,0.225,0.021261478654851087,0.032123826610719934,0.010862347955868847
with_classifier,False,999,0.999,0.23,0.02063838750458672,0.030545663547430497,0.009907276042843777
with_classifier,False,999,0.999,0.23500000000000001,0.022459373715658638,0.032027926102649276,0.009568552386990638
with_classifier,False,999,0.999,0.24,0.024280359926730555,0.03351018865786803,0.009229828731137472
with_classifier,False,999,0.999,0.245,0.022740843695792136,0.031197097645975502,0.008456253950183366
with_classifier,False,999,0.999,0.25,0.021201327464853724,0.02888400663408296,0.007682679169229236
with_classifier,False,999,0.999,0.255,0.01961623683232271,0.0277549260527788,0.008138689220456092
with_classifier,False,999,0.999,0.26,0.018031146199791695,0.026625845471474657,0.008594699271682962
with_classifier,False,999,0.999,0.265,0.018630927862347258,0.028204232458714007,0.009573304596366749
with_classifier,False,999,0.999,0.27,0.019230709524902825,0.02978261944595336,0.010551909921050536
with_classifier,False,999,0.999,0.275,0.023508579075811813,0.0321270365533807,0.008618457477568887
with_classifier,False,999,0.999,0.28,0.027786448626720816,0.034471453660808046,0.00668500503408723
with_classifier,False,999,0.999,0.28500000000000003,0.0220571906152084,0.03312851940325345,0.011071328788045048
with_classifier,False,999,0.999,0.29,0.01632793260369605,0.03178558514569886,0.01545765254200281
with_classifier,False,999,0.999,0.295,0.015951615951198615,0.02998183173491271,0.014030215783714096
with_classifier,False,999,0.999,0.3,0.01557529929870119,0.028178078324126547,0.012602779025425358
with_classifier,False,999,0.999,0.305,0.018669215852229783,0.029864820847966867,0.011195604995737084
with_classifier,False,999,0.999,0.31,0.021763132405758365,0.03155156337180719,0.009788430966048822
with_classifier,False,999,0.999,0.315,0.021971913391147003,0.033498383178327165,0.011526469787180162
with_classifier,False,999,0.999,0.32,0.022180694376535637,0.03544520298484713,0.013264508608311493
with_classifier,False,999,0.999,0.325,0.024170600191743382,0.03375253158485671,0.009581931393113325
with_classifier,False,999,0.999,0.33,0.026160506006951134,0.032059860184866326,0.005899354177915192
with_classifier,False,999,0.999,0.335,0.021115013694604085,0.028911855651967928,0.007796841957363843
with_classifier,False,999,0.999,0.34,0.016069521382257028,0.025763851119069543,0.009694329736812515
with_classifier,False,999,0.999,0.34500000000000003,0.019487474779840967,0.03197410086247453,0.01248662608263356
with_classifier,False,999,0.999,0.35000000000000003,0.02290542817742487,0.03818435060587941,0.01527892242845454
with_classifier,False,999,0.999,0.355,0.023659974358500525,0.03453004725878903,0.010870072900288508
with_classifier,False,999,0.999,0.36,0.024414520539576184,0.030875743911698623,0.006461223372122439
with_classifier,False,999,0.999,0.365,0.02227383560501039,0.030980568231170763,0.008706732626160372
with_classifier,False,999,0.999,0.37,0.020133150670444595,0.031085392550642917,0.010952241880198322
with_classifier,False,999,0.999,0.375,0.0225546173931798,0.03101519750615504,0.008460580112975239
with_classifier,False,999,0.999,0.38,0.024976084115915,0.030945002461667176,0.005968918345752177
with_classifier,False,999,0.999,0.385,0.023067666438679833,0.030854163049856047,0.007786496611176214
with_classifier,False,999,0.999,0.39,0.021159248761444663,0.030763323638044914,0.009604074876600251
with_classifier,False,999,0.999,0.395,0.021591011517351336,0.033008512267163795,0.01141750074981246
with_classifier,False,999,0.999,0.4,0.022022774273258012,0.035253700896282686,0.013230926623024674
with_classifier,False,999,0.999,0.405,0.020134334105532604,0.03297973861840241,0.012845404512869803
with_classifier,False,999,0.999,0.41000000000000003,0.01824589393780724,0.03070577634052219,0.01245988240271495
with_classifier,False,999,0.999,0.41500000000000004,0.02002932356937286,0.03129517088624804,0.011265847316875178
with_classifier,False,999,0.999,0.42,0.02181275320093846,0.0318845654319739,0.010071812231035437
with_classifier,False,999,0.999,0.425,0.02198621531021976,0.032661516955995465,0.010675301645775705
with_classifier,False,999,0.999,0.43,0.022159677419501048,0.03343846848001704,0.011278791060515991
with_classifier,False,999,0.999,0.435,0.022535955843098546,0.032437563524241944,0.009901607681143398
with_classifier,False,999,0.999,0.44,0.022912234266696026,0.031436658568466856,0.00852442430177083
with_classifier,False,999,0.999,0.445,0.020540093209468372,0.03138600707359729,0.010845913864128916
with_classifier,False,999,0.999,0.45,0.018167952152240707,0.0313353555787277,0.013167403426486993
with_classifier,False,999,0.999,0.455,0.019469711241254115,0.031005809475415542,0.011536098234161428
with_classifier,False,999,0.999,0.46,0.020771470330267522,0.030676263372103368,0.009904793041835846
with_classifier,False,999,0.999,0.465,0.020136791371745243,0.03056441474608922,0.010427623374343976
with_classifier,False,999,0.999,0.47000000000000003,0.01950211241322297,0.03045256612007507,0.010950453706852097
with_classifier,False,999,0.999,0.47500000000000003,0.018808227684858132,0.03151456375945903,0.0127063360746009
with_classifier,False,999,0.999,0.48,0.018114342956493296,0.03257656139884299,0.014462218442349694
with_classifier,False,999,0.999,0.485,0.023437389588507357,0.033594396223100675,0.010157006634593319
with_classifier,False,999,0.999,0.49,0.028760436220521414,0.03461223104735837,0.0058517948268369535
with_classifier,False,999,0.999,0.495,0.02480418643526112,0.03328165373308972,0.008477467297828601
with_classifier,False,999,0.999,0.5,0.020847936650000815,0.031951076418821084,0.01110313976882027
with_classifier,False,999,0.999,0.505,0.02219322029976562,0.03388143545254327,0.011688215152777646
with_classifier,False,999,0.999,0.51,0.023538503949530422,0.035811794486265466,0.012273290536735044
with_classifier,False,999,0.999,0.515,0.02479243268952511,0.03474429971077673,0.009951867021251618
with_classifier,False,999,0.999,0.52,0.026046361429519792,0.03367680493528799,0.007630443505768199
with_classifier,False,999,0.999,0.525,0.023893449371486596,0.032596034934977064,0.008702585563490468
with_classifier,False,999,0.999,0.53,0.02174053731345339,0.031515264934666144,0.009774727621212755
with_classifier,False,999,0.999,0.535,0.021356165099859936,0.030927329194867827,0.00957116409500789
with_classifier,False,999,0.999,0.54,0.020971792886266487,0.03033939345506951,0.009367600568803022
with_classifier,False,999,0.999,0.545,0.0207694623421412,0.029897695969751413,0.009128233627610213
with_classifier,False,999,0.999,0.55,0.02056713179801591,0.029455998484433317,0.008888866686417408
with_classifier,False,999,0.999,0.555,0.01789825916920866,0.027108653892743563,0.009210394723534902
with_classifier,False,999,0.999,0.56,0.015229386540401419,0.02476130930105379,0.009531922760652373
with_classifier,False,999,0.999,0.5650000000000001,0.017242378236842368,0.03035383440728771,0.013111456170445342
with_classifier,False,999,0.999,0.5700000000000001,0.01925536993328325,0.035946359513521445,0.016690989580238194
with_classifier,False,999,0.999,0.5750000000000001,0.01874722123485601,0.033223431346608115,0.014476210111752104
with_classifier,False,999,0.999,0.58,0.018239072536428768,0.030500503179694834,0.012261430643266066
with_classifier,False,999,0.999,0.585,0.01955862045729494,0.030702318404801192,0.011143697947506252
with_classifier,False,999,0.999,0.59,0.02087816837816111,0.030904133629907543,0.010025965251746434
with_classifier,False,999,0.999,0.595,0.021630640016228424,0.029350999504628515,0.007720359488400091
with_classifier,False,999,0.999,0.6,0.022383111654295747,0.027797865379349484,0.005414753725053737
with_classifier,False,999,0.999,0.605,0.020301669401087567,0.026808384940571462,0.006506715539483895
with_classifier,False,999,0.999,0.61,0.018220227147879388,0.025818904501793437,0.007598677353914049
with_classifier,False,999,0.999,0.615,0.020752629277364272,0.028189985909314895,0.007437356631950623
with_classifier,False,999,0.999,0.62,0.023285031406849156,0.03056106731683637,0.007276035909987214
with_classifier,False,999,0.999,0.625,0.023898216849241483,0.03455434919601734,0.010656132346775857
with_classifier,False,999,0.999,0.63,0.02451140229163381,0.038547631075198305,0.014036228783564496
with_classifier,False,999,0.999,0.635,0.023481633076250244,0.03678783991296466,0.013306206836714414
with_classifier,False,999,0.999,0.64,0.022451863860866676,0.035028048750731,0.012576184889864322
with_classifier,False,999,0.999,0.645,0.022742654761241286,0.03461008889741303,0.011867434136171744
with_classifier,False,999,0.999,0.65,0.023033445661615894,0.034192129044095056,0.011158683382479162
with_classifier,False,999,0.999,0.655,0.01951003880152712,0.03310361974775635,0.013593580946229231
with_classifier,False,999,0.999,0.66,0.015986631941438345,0.03201511045141766,0.016028478509979315
with_classifier,False,999,0.999,0.665,0.01925433297884107,0.03176562367007136,0.01251129069123029
with_classifier,False,999,0.999,0.67,0.0225220340162438,0.031516136888725066,0.008994102872481265
with_classifier,False,999,0.999,0.675,0.021421259203343652,0.030552824399783275,0.009131565196439623
with_classifier,False,999,0.999,0.68,0.0203204843904435,0.02958951191084148,0.00926902752039798
with_classifier,False,999,0.999,0.685,0.01950560295197646,0.028202506517894393,0.008696903565917933
with_classifier,False,999,0.999,0.6900000000000001,0.01869072151350951,0.026815501124947357,0.008124779611437847
with_classifier,False,999,0.999,0.6950000000000001,0.021727429572007843,0.027835945187689524,0.006108515615681681
with_classifier,False,999,0.999,0.7000000000000001,0.02476413763050604,0.02885638925043173,0.004092251619925692
with_classifier,False,999,0.999,0.705,0.021872960424516353,0.03141086329783624,0.009537902873319886
with_classifier,False,999,0.999,0.71,0.018981783218526595,0.033965337345240786,0.01498355412671419
with_classifier,False,999,0.999,0.715,0.01957862752431538,0.03213214001618326,0.012553512491867879
with_classifier,False,999,0.999,0.72,0.02017547183010417,0.03029894268712572,0.01012347085702155
with_classifier,False,999,0.999,0.725,0.020948792256143253,0.032589173949963884,0.011640381693820631
with_classifier,False,999,0.999,0.73,0.021722112682182344,0.03487940521280204,0.013157292530619698
with_classifier,False,999,0.999,0.735,0.019664102083479525,0.03496034593966519,0.015296243856185665
with_classifier,False,999,0.999,0.74,0.0176060914847767,0.03504128666652832,0.017435195181751625
with_classifier,False,999,0.999,0.745,0.02049127200899723,0.0329750701978143,0.01248379818881707
with_classifier,False,999,0.999,0.75,0.023376452533217768,0.030908853729100277,0.007532401195882509
with_classifier,False,999,0.999,0.755,0.021132504913354448,0.03036069087412519,0.009228185960770744
with_classifier,False,999,0.999,0.76,0.018888557293491127,0.029812528019150096,0.010923970725658969
with_classifier,False,999,0.999,0.765,0.019141928491347545,0.03036443857379103,0.011222510082443484
with_classifier,False,999,0.999,0.77,0.01939529968920397,0.03091634912843194,0.011521049439227972
with_classifier,False,999,0.999,0.775,0.02098052899377459,0.03248765237401434,0.01150712338023975
with_classifier,False,999,0.999,0.78,0.022565758298345222,0.03405895561959672,0.011493197321251501
with_classifier,False,999,0.999,0.785,0.020281417420628715,0.031185643749389175,0.01090422632876046
with_classifier,False,999,0.999,0.79,0.01799707654291221,0.02831233187918163,0.010315255336269421
with_classifier,False,999,0.999,0.795,0.018789519071384955,0.03025802665564698,0.011468507584262027
with_classifier,False,999,0.999,0.8,0.0195819615998577,0.032203721432112316,0.012621759832254616
with_classifier,False,999,0.999,0.805,0.018943449274374868,0.02827762342863328,0.009334174154258412
with_classifier,False,999,0.999,0.81,0.01830493694889204,0.02435152542515425,0.006046588476262212
with_classifier,False,999,0.999,0.8150000000000001,0.017164531502736873,0.02667932882839525,0.009514797325658377
with_classifier,False,999,0.999,0.8200000000000001,0.01602412605658176,0.029007132231636278,0.012983006175054518
with_classifier,False,999,0.999,0.8250000000000001,0.017286801291969238,0.03211946679601783,0.01483266550404859
with_classifier,False,999,0.999,0.8300000000000001,0.018549476527356723,0.035231801360399315,0.01668232483304259
with_classifier,False,999,0.999,0.835,0.019796078121095587,0.03537275924129062,0.015576681120195036
with_classifier,False,999,0.999,0.84,0.02104267971483447,0.035513717122181945,0.014471037407347474
with_classifier,False,999,0.999,0.845,0.022222330608346965,0.03455382642389547,0.012331495815548505
with_classifier,False,999,0.999,0.85,0.023401981501859452,0.033593935725609,0.01019195422374955
with_classifier,False,999,0.999,0.855,0.024223650272663995,0.03333240812435785,0.009108757851693856
with_classifier,False,999,0.999,0.86,0.025045319043468527,0.03307088052310671,0.00802556147963818
with_classifier,False,999,0.999,0.865,0.023333876774122474,0.03389349506256016,0.010559618288437687
with_classifier,False,999,0.999,0.87,0.021622434504776418,0.034716109602013615,0.013093675097237197
with_classifier,False,999,0.999,0.875,0.019176772433905476,0.03239215385188193,0.013215381417976457
with_classifier,False,999,0.999,0.88,0.016731110363034533,0.030068198101750265,0.013337087738715732
with_classifier,False,999,0.999,0.885,0.015320528943896839,0.030073858391648778,0.014753329447751939
with_classifier,False,999,0.999,0.89,0.01390994752475914,0.030079518681547297,0.01616957115678816
with_classifier,False,999,0.999,0.895,0.018970473204681183,0.031335882877465346,0.012365409672784163
with_classifier,False,999,0.999,0.9,0.024030998884603222,0.03259224707338338,0.008561248188780159
with_classifier,False,999,0.999,0.905,0.023040818756174607,0.031036857660316546,0.007996038904141939
with_classifier,False,999,0.999,0.91,0.022050638627745988,0.029481468247249714,0.007430829619503726
with_classifier,False,999,0.999,0.915,0.018669129194604468,0.02905914222714879,0.010390013032544321
with_classifier,False,999,0.999,0.92,0.015287619761462945,0.028636816207047867,0.013349196445584922
with_classifier,False,999,0.999,0.925,0.01716582038755102,0.030463062518683737,0.013297242131132717
with_classifier,False,999,0.999,0.93,0.01904402101363909,0.03228930883031959,0.013245287816680495
with_classifier,False,999,0.999,0.935,0.016983387156651562,0.031160443398402994,0.014177056241751432
with_classifier,False,999,0.999,0.9400000000000001,0.014922753299664072,0.03003157796648635,0.015108824666822278
with_classifier,False,999,0.999,0.9450000000000001,0.014288905492915838,0.027096544196635108,0.01280763870371927
with_classifier,False,999,0.999,0.9500000000000001,0.013655057686167699,0.024161510426784043,0.010506452740616344
with_classifier,False,999,0.999,0.9550000000000001,0.01739660566682392,0.02912361220233541,0.011727006535511487
with_classifier,False,999,0.999,0.96,0.021138153647480066,0.034085713977886685,0.012947560330406619
with_classifier,False,999,0.999,0.965,0.020735634502925676,0.03345754331268836,0.012721908809762685
with_classifier,False,999,0.999,0.97,0.020333115358371286,0.03282937264749004,0.012496257289118757
with_classifier,False,999,0.999,0.975,0.019591469066799615,0.029692309999857874,0.010100840933058259
with_classifier,False,999,0.999,0.98,0.018849822775227943,0.026555247352225708,0.0077054245769977645
with_classifier,False,999,0.999,0.985,0.01923640243051826,0.029522816143532204,0.010286413713013944
with_classifier,False,999,0.999,0.99,0.019622982085808566,0.03249038493483871,0.012867402849030145
with_classifier,False,999,0.999,0.995,0.019768046985627737,0.030497183081024552,0.010729136095396816
with_classifier,False,999,0.999,1.0,0.0199131118854469,0.028503981227210408,0.008590869341763507
without_classifier,True,0,0.0,0.0,1.0,1.0,0.0
without_classifier,True,0,0.0,0.005,1.0,1.0,0.0
without_classifier,True,0,0.0,0.01,1.0,1.0,0.0
without_classifier,True,0,0.0,0.015,1.0,1.0,0.0
without_classifier,True,0,0.0,0.02,1.0,1.0,0.0
without_classifier,True,0,0.0,0.025,1.0,1.0,0.0
without_classifier,True,0,0.0,0.03,1.0,1.0,0.0
without_classifier,True,0,0.0,0.035,1.0,1.0,0.0
without_classifier,True,0,0.0,0.04,1.0,1.0,0.0
without_classifier,True,0,0.0,0.045,1.0,1.0,0.0
without_classifier,True,0,0.0,0.05,1.0,1.0,0.0
without_classifier,True,0,0.0,0.055,1.0,1.0,0.0
without_classifier,True,0,0.0,0.06,1.0,1.0,0.0
without_classifier,True,0,0.0,0.065,1.0,1.0,0.0
without_classifier,True,0,0.0,0.07,1.0,1.0,0.0
without_classifier,True,0,0.0,0.075,1.0,1.0,0.0
without_classifier,True,0,0.0,0.08,1.0,1.0,0.0
without_classifier,True,0,0.0,0.085,1.0,1.0,0.0
without_classifier,True,0,0.0,0.09,1.0,1.0,0.0
without_classifier,True,0,0.0,0.095,1.0,1.0,0.0
without_classifier,True,0,0.0,0.1,1.0,1.0,0.0
without_classifier,True,0,0.0,0.105,1.0,1.0,0.0
without_classifier,True,0,0.0,0.11,1.0,1.0,0.0
without_classifier,True,0,0.0,0.115,1.0,1.0,0.0
without_classifier,True,0,0.0,0.12,1.0,1.0,0.0
without_classifier,True,0,0.0,0.125,1.0,1.0,0.0
without_classifier,True,0,0.0,0.13,1.0,1.0,0.0
without_classifier,True,0,0.0,0.135,1.0,1.0,0.0
without_classifier,True,0,0.0,0.14,1.0,1.0,0.0
without_classifier,True,0,0.0,0.145,1.0,1.0,0.0
without_classifier,True,0,0.0,0.15,1.0,1.0,0.0
without_classifier,True,0,0.0,0.155,1.0,1.0,0.0
without_classifier,True,0,0.0,0.16,1.0,1.0,0.0
without_classifier,True,0,0.0,0.165,1.0,1.0,0.0
without_classifier,True,0,0.0,0.17,1.0,1.0,0.0
without_classifier,True,0,0.0,0.17500000000000002,1.0,1.0,0.0
without_classifier,True,0,0.0,0.18,1.0,1.0,0.0
without_classifier,True,0,0.0,0.185,1.0,1.0,0.0
without_classifier,True,0,0.0,0.19,1.0,1.0,0.0
without_classifier,True,0,0.0,0.195,1.0,1.0,0.0
without_classifier,True,0,0.0,0.2,1.0,1.0,0.0
without_classifier,True,0,0.0,0.20500000000000002,1.0,1.0,0.0
without_classifier,True,0,0.0,0.21,1.0,1.0,0.0
without_classifier,True,0,0.0,0.215,1.0,1.0,0.0
without_classifier,True,0,0.0,0.22,1.0,1.0,0.0
without_classifier,True,0,0.0,0.225,1.0,1.0,0.0
without_classifier,True,0,0.0,0.23,1.0,1.0,0.0
without_classifier,True,0,0.0,0.23500000000000001,1.0,1.0,0.0
without_classifier,True,0,0.0,0.24,1.0,1.0,0.0
without_classifier,True,0,0.0,0.245,1.0,1.0,0.0
without_classifier,True,0,0.0,0.25,1.0,1.0,0.0
without_classifier,True,0,0.0,0.255,1.0,1.0,0.0
without_classifier,True,0,0.0,0.26,1.0,1.0,0.0
without_classifier,True,0,0.0,0.265,1.0,1.0,0.0
without_classifier,True,0,0.0,0.27,1.0,1.0,0.0
without_classifier,True,0,0.0,0.275,1.0,1.0,0.0
without_classifier,True,0,0.0,0.28,1.0,1.0,0.0
without_classifier,True,0,0.0,0.28500000000000003,1.0,1.0,0.0
without_classifier,True,0,0.0,0.29,1.0,1.0,0.0
without_classifier,True,0,0.0,0.295,1.0,1.0,0.0
without_classifier,True,0,0.0,0.3,1.0,1.0,0.0
without_classifier,True,0,0.0,0.305,1.0,1.0,0.0
without_classifier,True,0,0.0,0.31,1.0,1.0,0.0
without_classifier,True,0,0.0,0.315,1.0,1.0,0.0
without_classifier,True,0,0.0,0.32,1.0,1.0,0.0
without_classifier,True,0,0.0,0.325,1.0,1.0,0.0
without_classifier,True,0,0.0,0.33,1.0,1.0,0.0
without_classifier,True,0,0.0,0.335,1.0,1.0,0.0
without_classifier,True,0,0.0,0.34,1.0,1.0,0.0
without_classifier,True,0,0.0,0.34500000000000003,1.0,1.0,0.0
without_classifier,True,0,0.0,0.35000000000000003,1.0,1.0,0.0
without_classifier,True,0,0.0,0.355,1.0,1.0,0.0
without_classifier,True,0,0.0,0.36,1.0,1.0,0.0
without_classifier,True,0,0.0,0.365,1.0,1.0,0.0
without_classifier,True,0,0.0,0.37,1.0,1.0,0.0
without_classifier,True,0,0.0,0.375,1.0,1.0,0.0
without_classifier,True,0,0.0,0.38,1.0,1.0,0.0
without_classifier,True,0,0.0,0.385,1.0,1.0,0.0
without_classifier,True,0,0.0,0.39,1.0,1.0,0.0
without_classifier,True,0,0.0,0.395,1.0,1.0,0.0
without_classifier,True,0,0.0,0.4,1.0,1.0,0.0
without_classifier,True,0,0.0,0.405,1.0,1.0,0.0
without_classifier,True,0,0.0,0.41000000000000003,1.0,1.0,0.0
without_classifier,True,0,0.0,0.41500000000000004,1.0,1.0,0.0
without_classifier,True,0,0.0,0.42,1.0,1.0,0.0
without_classifier,True,0,0.0,0.425,1.0,1.0,0.0
without_classifier,True,0,0.0,0.43,1.0,1.0,0.0
without_classifier,True,0,0.0,0.435,1.0,1.0,0.0
without_classifier,True,0,0.0,0.44,1.0,1.0,0.0
without_classifier,True,0,0.0,0.445,1.0,1.0,0.0
without_classifier,True,0,0.0,0.45,1.0,1.0,0.0
without_classifier,True,0,0.0,0.455,1.0,1.0,0.0
without_classifier,True,0,0.0,0.46,1.0,1.0,0.0
without_classifier,True,0,0.0,0.465,1.0,1.0,0.0
without_classifier,True,0,0.0,0.47000000000000003,1.0,1.0,0.0
without_classifier,True,0,0.0,0.47500000000000003,1.0,1.0,0.0
without_classifier,True,0,0.0,0.48,1.0,1.0,0.0
without_classifier,True,0,0.0,0.485,1.0,1.0,0.0
without_classifier,True,0,0.0,0.49,1.0,1.0,0.0
without_classifier,True,0,0.0,0.495,1.0,1.0,0.0
without_classifier,True,0,0.0,0.5,1.0,1.0,0.0
without_classifier,True,0,0.0,0.505,1.0,1.0,0.0
without_classifier,True,0,0.0,0.51,1.0,1.0,0.0
without_classifier,True,0,0.0,0.515,1.0,1.0,0.0
without_classifier,True,0,0.0,0.52,1.0,1.0,0.0
without_classifier,True,0,0.0,0.525,1.0,1.0,0.0
without_classifier,True,0,0.0,0.53,1.0,1.0,0.0
without_classifier,True,0,0.0,0.535,1.0,1.0,0.0
without_classifier,True,0,0.0,0.54,1.0,1.0,0.0
without_classifier,True,0,0.0,0.545,1.0,1.0,0.0
without_classifier,True,0,0.0,0.55,1.0,1.0,0.0
without_classifier,True,0,0.0,0.555,1.0,1.0,0.0
without_classifier,True,0,0.0,0.56,1.0,1.0,0.0
without_classifier,True,0,0.0,0.5650000000000001,1.0,1.0,0.0
without_classifier,True,0,0.0,0.5700000000000001,1.0,1.0,0.0
without_classifier,True,0,0.0,0.5750000000000001,1.0,1.0,0.0
without_classifier,True,0,0.0,0.58,1.0,1.0,0.0
without_classifier,True,0,0.0,0.585,1.0,1.0,0.0
without_classifier,True,0,0.0,0.59,1.0,1.0,0.0
without_classifier,True,0,0.0,0.595,1.0,1.0,0.0
without_classifier,True,0,0.0,0.6,1.0,1.0,0.0
without_classifier,True,0,0.0,0.605,1.0,1.0,0.0
without_classifier,True,0,0.0,0.61,1.0,1.0,0.0
without_classifier,True,0,0.0,0.615,1.0,1.0,0.0
without_classifier,True,0,0.0,0.62,1.0,1.0,0.0
without_classifier,True,0,0.0,0.625,1.0,1.0,0.0
without_classifier,True,0,0.0,0.63,1.0,1.0,0.0
without_classifier,True,0,0.0,0.635,1.0,1.0,0.0
without_classifier,True,0,0.0,0.64,1.0,1.0,0.0
without_classifier,True,0,0.0,0.645,1.0,1.0,0.0
without_classifier,True,0,0.0,0.65,1.0,1.0,0.0
without_classifier,True,0,0.0,0.655,1.0,1.0,0.0
without_classifier,True,0,0.0,0.66,1.0,1.0,0.0
without_classifier,True,0,0.0,0.665,1.0,1.0,0.0
without_classifier,True,0,0.0,0.67,1.0,1.0,0.0
without_classifier,True,0,0.0,0.675,1.0,1.0,0.0
without_classifier,True,0,0.0,0.68,1.0,1.0,0.0
without_classifier,True,0,0.0,0.685,1.0,1.0,0.0
without_classifier,True,0,0.0,0.6900000000000001,1.0,1.0,0.0
without_classifier,True,0,0.0,0.6950000000000001,1.0,1.0,0.0
without_classifier,True,0,0.0,0.7000000000000001,1.0,1.0,0.0
without_classifier,True,0,0.0,0.705,1.0,1.0,0.0
without_classifier,True,0,0.0,0.71,1.0,1.0,0.0
without_classifier,True,0,0.0,0.715,1.0,1.0,0.0
without_classifier,True,0,0.0,0.72,1.0,1.0,0.0
without_classifier,True,0,0.0,0.725,1.0,1.0,0.0
without_classifier,True,0,0.0,0.73,1.0,1.0,0.0
without_classifier,True,0,0.0,0.735,1.0,1.0,0.0
without_classifier,True,0,0.0,0.74,1.0,1.0,0.0
without_classifier,True,0,0.0,0.745,1.0,1.0,0.0
without_classifier,True,0,0.0,0.75,1.0,1.0,0.0
without_classifier,True,0,0.0,0.755,1.0,1.0,0.0
without_classifier,True,0,0.0,0.76,1.0,1.0,0.0
without_classifier,True,0,0.0,0.765,1.0,1.0,0.0
without_classifier,True,0,0.0,0.77,1.0,1.0,0.0
without_classifier,True,0,0.0,0.775,1.0,1.0,0.0
without_classifier,True,0,0.0,0.78,1.0,1.0,0.0
without_classifier,True,0,0.0,0.785,1.0,1.0,0.0
without_classifier,True,0,0.0,0.79,1.0,1.0,0.0
without_classifier,True,0,0.0,0.795,1.0,1.0,0.0
without_classifier,True,0,0.0,0.8,1.0,1.0,0.0
without_classifier,True,0,0.0,0.805,1.0,1.0,0.0
without_classifier,True,0,0.0,0.81,1.0,1.0,0.0
without_classifier,True,0,0.0,0.8150000000000001,1.0,1.0,0.0
without_classifier,True,0,0.0,0.8200000000000001,1.0,1.0,0.0
without_classifier,True,0,0.0,0.8250000000000001,1.0,1.0,0.0
without_classifier,True,0,0.0,0.8300000000000001,1.0,1.0,0.0
without_classifier,True,0,0.0,0.835,1.0,1.0,0.0
without_classifier,True,0,0.0,0.84,1.0,1.0,0.0
without_classifier,True,0,0.0,0.845,1.0,1.0,0.0
without_classifier,True,0,0.0,0.85,1.0,1.0,0.0
without_classifier,True,0,0.0,0.855,1.0,1.0,0.0
without_classifier,True,0,0.0,0.86,1.0,1.0,0.0
without_classifier,True,0,0.0,0.865,1.0,1.0,0.0
without_classifier,True,0,0.0,0.87,1.0,1.0,0.0
without_classifier,True,0,0.0,0.875,1.0,1.0,0.0
without_classifier,True,0,0.0,0.88,1.0,1.0,0.0
without_classifier,True,0,0.0,0.885,1.0,1.0,0.0
without_classifier,True,0,0.0,0.89,1.0,1.0,0.0
without_classifier,True,0,0.0,0.895,1.0,1.0,0.0
without_classifier,True,0,0.0,0.9,1.0,1.0,0.0
without_classifier,True,0,0.0,0.905,1.0,1.0,0.0
without_classifier,True,0,0.0,0.91,1.0,1.0,0.0
without_classifier,True,0,0.0,0.915,1.0,1.0,0.0
without_classifier,True,0,0.0,0.92,1.0,1.0,0.0
without_classifier,True,0,0.0,0.925,1.0,1.0,0.0
without_classifier,True,0,0.0,0.93,1.0,1.0,0.0
without_classifier,True,0,0.0,0.935,1.0,1.0,0.0
without_classifier,True,0,0.0,0.9400000000000001,1.0,1.0,0.0
without_classifier,True,0,0.0,0.9450000000000001,1.0,1.0,0.0
without_classifier,True,0,0.0,0.9500000000000001,1.0,1.0,0.0
without_classifier,True,0,0.0,0.9550000000000001,1.0,1.0,0.0
without_classifier,True,0,0.0,0.96,1.0,1.0,0.0
without_classifier,True,0,0.0,0.965,1.0,1.0,0.0
without_classifier,True,0,0.0,0.97,1.0,1.0,0.0
without_classifier,True,0,0.0,0.975,1.0,1.0,0.0
without_classifier,True,0,0.0,0.98,1.0,1.0,0.0
without_classifier,True,0,0.0,0.985,1.0,1.0,0.0
without_classifier,True,0,0.0,0.99,1.0,1.0,0.0
without_classifier,True,0,0.0,0.995,1.0,1.0,0.0
without_classifier,True,0,0.0,1.0,1.0,1.0,0.0
without_classifier,True,100,0.1,0.0,1.0,1.0,0.0
without_classifier,True,100,0.1,0.005,0.8535738180221975,0.9510826143505732,0.09750879632837572
without_classifier,True,100,0.1,0.01,0.7073057398089144,0.9022220428777759,0.19491630306886143
without_classifier,True,100,0.1,0.015,0.6730623250022647,0.8871276211524888,0.21406529615022407
without_classifier,True,100,0.1,0.02,0.6388524032782679,0.8720498824928159,0.23319747921454803
without_classifier,True,100,0.1,0.025,0.6195328034820944,0.8621590961362273,0.24262629265413294
without_classifier,True,100,0.1,0.03,0.6002276024780301,0.8522512311519579,0.2520236286739278
without_classifier,True,100,0.1,0.035,0.5868951411139249,0.844202328172765,0.25730718705884004
without_classifier,True,100,0.1,0.04,0.5735753393716128,0.836189453690551,0.2626141143189382
without_classifier,True,100,0.1,0.045,0.5635330064333111,0.8294505145049603,0.26591750807164927
without_classifier,True,100,0.1,0.05,0.5534944952027511,0.8226963102856809,0.26920181508292984
without_classifier,True,100,0.1,0.055,0.5453783613931416,0.8170959485721913,0.2717175871790497
without_classifier,True,100,0.1,0.06,0.5372714294601781,0.8114948685312455,0.2742234390710674
without_classifier,True,100,0.1,0.065,0.5304556375203668,0.8066437830980433,0.27618814557767646
without_classifier,True,100,0.1,0.07,0.5236475301140039,0.8018310940593713,0.27818356394536736
without_classifier,True,100,0.1,0.075,0.5180605371280812,0.7967106408791025,0.2786501037510213
without_classifier,True,100,0.1,0.08,0.512468755485591,0.7915589600935464,0.2790902046079554
without_classifier,True,100,0.1,0.085,0.5075750803815763,0.7876213996920935,0.28004631931051727
without_classifier,True,100,0.1,0.09,0.5026847697137169,0.7836915165400782,0.2810067468263613
without_classifier,True,100,0.1,0.095,0.49812088680735156,0.7798007601779098,0.2816798733705582
without_classifier,True,100,0.1,0.1,0.49356791531323463,0.7759219890946104,0.2823540737813758
without_classifier,True,100,0.1,0.105,0.4894790305486021,0.7726009809677452,0.2831219504191431
without_classifier,True,100,0.1,0.11,0.48539373149023957,0.7692559986842232,0.28386226719398366
without_classifier,True,100,0.1,0.115,0.481555168144636,0.7656292182842428,0.2840740501396068
without_classifier,True,100,0.1,0.12,0.4776995180062082,0.7620020990304706,0.28430258102426237
without_classifier,True,100,0.1,0.125,0.4743110036307643,0.7580518401419933,0.28374083651122906
without_classifier,True,100,0.1,0.13,0.47094789962724654,0.7541444550803466,0.2831965554531
without_classifier,True,100,0.1,0.135,0.4677760976129032,0.7515024901063636,0.28372639249346043
without_classifier,True,100,0.1,0.14,0.464608599749762,0.7488696434093539,0.2842610436595919
without_classifier,True,100,0.1,0.145,0.4616104063757862,0.7461827370317639,0.28457233065597765
without_classifier,True,100,0.1,0.15,0.45859414581688795,0.7434626560673233,0.28486851025043536
without_classifier,True,100,0.1,0.155,0.45577424252252696,0.7414186348667902,0.2856443923442632
without_classifier,True,100,0.1,0.16,0.4529669303480507,0.7393951263247536,0.2864281959767029
without_classifier,True,100,0.1,0.165,0.4504056577126301,0.737445908916089,0.2870402512034589
without_classifier,True,100,0.1,0.17,0.44784347721460704,0.7354475608036037,0.2876040835889967
without_classifier,True,100,0.1,0.17500000000000002,0.4453020059953827,0.7324628005770519,0.2871607945816692
without_classifier,True,100,0.1,0.18,0.44277086699667373,0.7295920796191045,0.2868212126224308
without_classifier,True,100,0.1,0.185,0.44046325662766783,0.7270998604882133,0.28663660386054546
without_classifier,True,100,0.1,0.19,0.43812529771780795,0.7245452362111834,0.28641993849337544
without_classifier,True,100,0.1,0.195,0.4358669524747271,0.7231401785973661,0.287273226122639
without_classifier,True,100,0.1,0.2,0.433626452374828,0.7217952810512032,0.28816882867637517
without_classifier,True,100,0.1,0.20500000000000002,0.4315293056444488,0.7191775259961223,0.2876482203516735
without_classifier,True,100,0.1,0.21,0.42944177146602514,0.7164945296270904,0.28705275816106524
without_classifier,True,100,0.1,0.215,0.4272649646856526,0.7139296290996924,0.28666466441403976
without_classifier,True,100,0.1,0.22,0.42509129493146436,0.7114501769769099,0.2863588820454456
without_classifier,True,100,0.1,0.225,0.4231156395872146,0.708661326005824,0.2855456864186094
without_classifier,True,100,0.1,0.23,0.42112843877383216,0.7056688967679823,0.2845404579941501
without_classifier,True,100,0.1,0.23500000000000001,0.419185418930771,0.7030345868634046,0.2838491679326336
without_classifier,True,100,0.1,0.24,0.4172262638137322,0.7004685137811327,0.28324224996740055
without_classifier,True,100,0.1,0.245,0.4153428527000396,0.6986931755525427,0.2833503228525031
without_classifier,True,100,0.1,0.25,0.4134921961435397,0.6969623072289448,0.2834701110854051
without_classifier,True,100,0.1,0.255,0.4117163350126714,0.6936221300312715,0.2819057950186001
without_classifier,True,100,0.1,0.26,0.40993357971772665,0.6903311571646339,0.28039757744690724
without_classifier,True,100,0.1,0.265,0.4083031306013812,0.6885516720908557,0.2802485414894745
without_classifier,True,100,0.1,0.27,0.4066805916999199,0.6867698216206113,0.2800892299206914
without_classifier,True,100,0.1,0.275,0.4050230022892068,0.6843613039545657,0.27933830166535895
without_classifier,True,100,0.1,0.28,0.403345105230866,0.6819229642744211,0.27857785904355514
without_classifier,True,100,0.1,0.28500000000000003,0.4016710316812576,0.6805187333532313,0.2788477016719737
without_classifier,True,100,0.1,0.29,0.39998504157323944,0.6791630938605281,0.27917805228728865
without_classifier,True,100,0.1,0.295,0.39834681750995704,0.677700948487072,0.2793541309771149
without_classifier,True,100,0.1,0.3,0.396754239879202,0.6762005534684935,0.2794463135892915
without_classifier,True,100,0.1,0.305,0.39512859216959095,0.6735872032349539,0.27845861106536296
without_classifier,True,100,0.1,0.31,0.39348115865597433,0.6710038890181356,0.27752273036216124
without_classifier,True,100,0.1,0.315,0.3920862865785585,0.6695892506750634,0.2775029640965049
without_classifier,True,100,0.1,0.32,0.39067656472377316,0.6680682646934837,0.2773916999697105
without_classifier,True,100,0.1,0.325,0.3891170316305041,0.667176571699018,0.2780595400685139
without_classifier,True,100,0.1,0.33,0.3875866133034114,0.6664503107661194,0.278863697462708
without_classifier,True,100,0.1,0.335,0.38621060860991585,0.664261152800548,0.27805054419063213
without_classifier,True,100,0.1,0.34,0.38480741002658997,0.6619227313425883,0.2771153213159983
without_classifier,True,100,0.1,0.34500000000000003,0.38348023779335066,0.6587919976703186,0.27531175987696793
without_classifier,True,100,0.1,0.35000000000000003,0.38217842333914004,0.6556850154116866,0.2735065920725465
without_classifier,True,100,0.1,0.355,0.38086174270631956,0.6535864285287237,0.27272468582240417
without_classifier,True,100,0.1,0.36,0.37952431285387095,0.6514063334140435,0.2718820205601726
without_classifier,True,100,0.1,0.365,0.3779647381906939,0.6493760250174951,0.2714112868268012
without_classifier,True,100,0.1,0.37,0.37643245235010403,0.6475229469963978,0.27109049464629376
without_classifier,True,100,0.1,0.375,0.37516196376769695,0.6455915825989589,0.27042961883126193
without_classifier,True,100,0.1,0.38,0.3739084686675044,0.6436782938991639,0.2697698252316595
without_classifier,True,100,0.1,0.385,0.3727183912098696,0.6423153628862874,0.26959697167641783
without_classifier,True,100,0.1,0.39,0.37149468823995935,0.6408555964722421,0.26936090823228276
without_classifier,True,100,0.1,0.395,0.3701253217529476,0.6381369512646005,0.26801162951165286
without_classifier,True,100,0.1,0.4,0.368728963163934,0.63544850148353,0.26671953831959605
without_classifier,True,100,0.1,0.405,0.36735536794352897,0.6331562241433086,0.26580085619977967
without_classifier,True,100,0.1,0.41000000000000003,0.366030044205198,0.6307336280218852,0.2647035838166871
without_classifier,True,100,0.1,0.41500000000000004,0.3648965256997319,0.6282176805434878,0.2633211548437559
without_classifier,True,100,0.1,0.42,0.363784358005653,0.6259658017448445,0.2621814437391915
without_classifier,True,100,0.1,0.425,0.36252546566632365,0.6245767616604476,0.26205129599412397
without_classifier,True,100,0.1,0.43,0.36121591095349126,0.6230509064751424,0.2618349955216511
without_classifier,True,100,0.1,0.435,0.35986774558371815,0.6202744759751498,0.2604067303914317
without_classifier,True,100,0.1,0.44,0.35852203965267926,0.6175469279642136,0.25902488831153436
without_classifier,True,100,0.1,0.445,0.3571878538799956,0.6153198441333723,0.2581319902533767
without_classifier,True,100,0.1,0.45,0.35583909712119627,0.6131477354926657,0.2573086383714694
without_classifier,True,100,0.1,0.455,0.3546028304765391,0.6102793011753422,0.2556764706988031
without_classifier,True,100,0.1,0.46,0.3534191521738851,0.6075516704030393,0.25413251822915417
without_classifier,True,100,0.1,0.465,0.35235210290432784,0.6071419157165774,0.25478981281224955
without_classifier,True,100,0.1,0.47000000000000003,0.3512976537519531,0.6066430403782531,0.2553453866263
without_classifier,True,100,0.1,0.47500000000000003,0.3502773507064165,0.6055610391780618,0.2552836884716453
without_classifier,True,100,0.1,0.48,0.34919161971438994,0.6042805615857013,0.25508894187131137
without_classifier,True,100,0.1,0.485,0.3480902419207516,0.6022263120488779,0.2541360701281263
without_classifier,True,100,0.1,0.49,0.34699524821150435,0.6001112358690233,0.2531159876575189
without_classifier,True,100,0.1,0.495,0.34596889249786966,0.598272597815206,0.25230370531733637
without_classifier,True,100,0.1,0.5,0.3449701414625774,0.5965997828171812,0.2516296413546038
without_classifier,True,100,0.1,0.505,0.3438524821946441,0.594090760172713,0.2502382779780689
without_classifier,True,100,0.1,0.51,0.34273522399319706,0.5914100547583067,0.2486748307651096
without_classifier,True,100,0.1,0.515,0.34173104524401604,0.588778792201462,0.24704774695744597
without_classifier,True,100,0.1,0.52,0.340692905680558,0.5862288310757094,0.24553592539515146
without_classifier,True,100,0.1,0.525,0.339634845045157,0.5844838379812101,0.24484899293605306
without_classifier,True,100,0.1,0.53,0.3386363706463991,0.5827053255854074,0.24406895493900832
without_classifier,True,100,0.1,0.535,0.33758531528392216,0.5807315574233499,0.24314624213942776
without_classifier,True,100,0.1,0.54,0.3365449385208388,0.5790037094000582,0.2424587708792194
without_classifier,True,100,0.1,0.545,0.3354909939456934,0.5780350305347942,0.2425440365891008
without_classifier,True,100,0.1,0.55,0.334382456103874,0.5768784520231591,0.2424959959192851
without_classifier,True,100,0.1,0.555,0.3334840144947778,0.5749478324105921,0.24146381791581428
without_classifier,True,100,0.1,0.56,0.33257768589685593,0.5729509646160774,0.24037327871922148
without_classifier,True,100,0.1,0.5650000000000001,0.33156513424630657,0.5715561598010881,0.23999102555478152
without_classifier,True,100,0.1,0.5700000000000001,0.33060141744591703,0.5702394104113064,0.2396379929653894
without_classifier,True,100,0.1,0.5750000000000001,0.32971351259903503,0.5671791844662251,0.23746567186719003
without_classifier,True,100,0.1,0.58,0.32878224771256126,0.5641368338249682,0.2353545861124069
without_classifier,True,100,0.1,0.585,0.32760633006860873,0.5622777167640972,0.23467138669548848
without_classifier,True,100,0.1,0.59,0.32642895296958174,0.5603126754683927,0.23388372249881095
without_classifier,True,100,0.1,0.595,0.3253235555357018,0.5587573080810235,0.23343375254532173
without_classifier,True,100,0.1,0.6,0.3242377500834102,0.5572727444634535,0.23303499438004333
without_classifier,True,100,0.1,0.605,0.3232682797822365,0.5558843822969313,0.23261610251469478
without_classifier,True,100,0.1,0.61,0.32227202697486673,0.5545049409311871,0.23223291395632034
without_classifier,True,100,0.1,0.615,0.321412960880075,0.5533838166867404,0.23197085580666543
without_classifier,True,100,0.1,0.62,0.3205957972165053,0.5523661335102001,0.23177033629369487
without_classifier,True,100,0.1,0.625,0.3196814164875378,0.5504823973452628,0.23080098085772505
without_classifier,True,100,0.1,0.63,0.31875827361357423,0.5486140062995544,0.22985573268598014
without_classifier,True,100,0.1,0.635,0.31783613934204735,0.5471758634044912,0.22933972406244385
without_classifier,True,100,0.1,0.64,0.31692227831361597,0.5454021820285639,0.22847990371494797
without_classifier,True,100,0.1,0.645,0.31601171895876784,0.5430593235788276,0.22704760462005974
without_classifier,True,100,0.1,0.65,0.3150854080216743,0.5410781131217243,0.22599270510004998
without_classifier,True,100,0.1,0.655,0.31418490762498885,0.5393190057838639,0.22513409815887508
without_classifier,True,100,0.1,0.66,0.3132813141931195,0.5374179070050171,0.22413659281189763
without_classifier,True,100,0.1,0.665,0.31228992005363976,0.5363345286991995,0.22404460864555975
without_classifier,True,100,0.1,0.67,0.3112913944057745,0.535207858744922,0.22391646433914753
without_classifier,True,100,0.1,0.675,0.31056364526068464,0.5326766735694204,0.22211302830873575
without_classifier,True,100,0.1,0.68,0.30986532229698055,0.530274519899961,0.22040919760298044
without_classifier,True,100,0.1,0.685,0.3090161034356922,0.5279079120667983,0.21889180863110613
without_classifier,True,100,0.1,0.6900000000000001,0.3081350610797661,0.5253920812460688,0.21725702016630272
without_classifier,True,100,0.1,0.6950000000000001,0.30716457746232334,0.5233415455086258,0.21617696804630243
without_classifier,True,100,0.1,0.7000000000000001,0.3062050807025164,0.5212980848008175,0.21509300409830112
without_classifier,True,100,0.1,0.705,0.30527477129166064,0.5196834231780683,0.21440865188640762
without_classifier,True,100,0.1,0.71,0.3043444543124011,0.5181210955215632,0.21377664120916207
without_classifier,True,100,0.1,0.715,0.3035727487427017,0.516278849729604,0.21270610098690235
without_classifier,True,100,0.1,0.72,0.3028328853012532,0.5143298766044971,0.21149699130324395
without_classifier,True,100,0.1,0.725,0.301992585705698,0.5126501267119781,0.2106575410062801
without_classifier,True,100,0.1,0.73,0.30112193847363883,0.5111517239105273,0.2100297854368885
without_classifier,True,100,0.1,0.735,0.30019684984548156,0.5097415953245477,0.2095447454790661
without_classifier,True,100,0.1,0.74,0.2992815212893891,0.5082665458030479,0.20898502451365875
without_classifier,True,100,0.1,0.745,0.29846585271863246,0.5054110290609704,0.2069451763423379
without_classifier,True,100,0.1,0.75,0.2976420242043154,0.5026341409097577,0.20499211670544226
without_classifier,True,100,0.1,0.755,0.29703598053485,0.5019869208843628,0.20495094034951283
without_classifier,True,100,0.1,0.76,0.29643717717789037,0.5012832083736884,0.20484603119579808
without_classifier,True,100,0.1,0.765,0.2956005799387772,0.4993100870339373,0.20370950709516011
without_classifier,True,100,0.1,0.77,0.2947594922104807,0.4973046817642947,0.202545189553814
without_classifier,True,100,0.1,0.775,0.29396665258382,0.4962650065998179,0.20229835401599794
without_classifier,True,100,0.1,0.78,0.2931658561049903,0.4952232379330857,0.2020573818280954
without_classifier,True,100,0.1,0.785,0.292388164750396,0.49335916371494826,0.20097099896455228
without_classifier,True,100,0.1,0.79,0.29162286876432975,0.4915166716985116,0.19989380293418185
without_classifier,True,100,0.1,0.795,0.2908578956165674,0.4887666909798237,0.19790879536325634
without_classifier,True,100,0.1,0.8,0.2900989554326299,0.48598532652633286,0.19588637109370294
without_classifier,True,100,0.1,0.805,0.2892793621215076,0.48471322225062397,0.19543386012911634
without_classifier,True,100,0.1,0.81,0.28844996939786866,0.48345235892114513,0.19500238952327648
without_classifier,True,100,0.1,0.8150000000000001,0.28763958264209777,0.48227319376568056,0.1946336111235828
without_classifier,True,100,0.1,0.8200000000000001,0.28682638316739767,0.4810872227596624,0.19426083959226476
without_classifier,True,100,0.1,0.8250000000000001,0.28607738043110126,0.4799187854699441,0.19384140503884284
without_classifier,True,100,0.1,0.8300000000000001,0.2853240352088059,0.47882620900422823,0.19350217379542234
without_classifier,True,100,0.1,0.835,0.28449426686224194,0.47712088312003065,0.1926266162577887
without_classifier,True,100,0.1,0.84,0.28367157570170703,0.47530310695751954,0.1916315312558125
without_classifier,True,100,0.1,0.845,0.2829089804094424,0.47266865004442254,0.18975966963498014
without_classifier,True,100,0.1,0.85,0.282135447688888,0.47004660546684696,0.18791115777795897
without_classifier,True,100,0.1,0.855,0.28155794656923655,0.4685403532040821,0.18698240663484555
without_classifier,True,100,0.1,0.86,0.2810104153719171,0.4671316837528504,0.1861212683809333
without_classifier,True,100,0.1,0.865,0.28035176658973116,0.4667315990384885,0.18637983244875733
without_classifier,True,100,0.1,0.87,0.2796739745264883,0.46625310778805584,0.18657913326156755
without_classifier,True,100,0.1,0.875,0.27887384544517174,0.46501337799935627,0.18613953255418453
without_classifier,True,100,0.1,0.88,0.2780541002942508,0.46385726798658594,0.18580316769233512
without_classifier,True,100,0.1,0.885,0.27726204337550386,0.462898327453302,0.18563628407779814
without_classifier,True,100,0.1,0.89,0.2764925306688763,0.46188511664560067,0.18539258597672437
without_classifier,True,100,0.1,0.895,0.2757932131739402,0.46070465945909717,0.184911446285157
without_classifier,True,100,0.1,0.9,0.2750902452526015,0.45950301915402314,0.18441277390142163
without_classifier,True,100,0.1,0.905,0.2744692547093056,0.45758617844453725,0.18311692373523164
without_classifier,True,100,0.1,0.91,0.2738451227574977,0.45568813133367725,0.18184300857617952
without_classifier,True,100,0.1,0.915,0.27316101750785615,0.4542272879985113,0.18106627049065516
without_classifier,True,100,0.1,0.92,0.2724883779126847,0.45276236804871595,0.18027399013603124
without_classifier,True,100,0.1,0.925,0.27180703575417847,0.4516440997340808,0.17983706397990235
without_classifier,True,100,0.1,0.93,0.2711103729776489,0.4505333313693223,0.17942295839167338
without_classifier,True,100,0.1,0.935,0.2704043709771155,0.4500629782710151,0.1796586072938996
without_classifier,True,100,0.1,0.9400000000000001,0.26970585642265177,0.44958964416121894,0.17988378773856717
without_classifier,True,100,0.1,0.9450000000000001,0.2690759072403113,0.4475411941080538,0.17846528686774255
without_classifier,True,100,0.1,0.9500000000000001,0.26844780891248954,0.44548259597807177,0.17703478706558223
without_classifier,True,100,0.1,0.9550000000000001,0.2677401115856289,0.44327032008978573,0.17553020850415685
without_classifier,True,100,0.1,0.96,0.2670285674246649,0.44105536698668385,0.17402679956201894
without_classifier,True,100,0.1,0.965,0.2662082372134094,0.440479631502294,0.1742713942888846
without_classifier,True,100,0.1,0.97,0.2653894590678293,0.43992565734519323,0.17453619827736394
without_classifier,True,100,0.1,0.975,0.2647298936792125,0.43834133249898033,0.17361143881976782
without_classifier,True,100,0.1,0.98,0.2640684259948429,0.4367329712366331,0.1726645452417902
without_classifier,True,100,0.1,0.985,0.2634281768814332,0.4354459281518526,0.1720177512704194
without_classifier,True,100,0.1,0.99,0.26279044318961187,0.4341720476062899,0.17138160441667805
without_classifier,True,100,0.1,0.995,0.2617429672399836,0.4327109765769534,0.17096800933696982
without_classifier,True,100,0.1,1.0,0.2606868914545824,0.43124202652698534,0.17055513507240294
without_classifier,True,200,0.2,0.0,1.0,1.0,0.0
without_classifier,True,200,0.2,0.005,0.7875040274679229,0.9074256446776184,0.11992161720969552
without_classifier,True,200,0.2,0.01,0.5752232613528985,0.8149473491535671,0.23972408780066867
without_classifier,True,200,0.2,0.015,0.5389278468268289,0.7916131519033859,0.25268530507655695
without_classifier,True,200,0.2,0.02,0.502663310052476,0.7682851064779621,0.2656217964254861
without_classifier,True,200,0.2,0.025,0.48415717202781333,0.7541518704366424,0.2699946984088291
without_classifier,True,200,0.2,0.03,0.465660987932181,0.7400065056871677,0.2743455177549867
without_classifier,True,200,0.2,0.035,0.4536221528553229,0.7288644937822136,0.2752423409268907
without_classifier,True,200,0.2,0.04,0.44158981394616587,0.7177725873695335,0.27618277342336767
without_classifier,True,200,0.2,0.045,0.43277398959417707,0.7100431891569626,0.27726919956278556
without_classifier,True,200,0.2,0.05,0.4239630616611761,0.7023045153257208,0.2783414536645447
without_classifier,True,200,0.2,0.055,0.41714315492330467,0.6958590773049257,0.278715922381621
without_classifier,True,200,0.2,0.06,0.41033626022146663,0.689398625218782,0.2790623649973154
without_classifier,True,200,0.2,0.065,0.40459025662279,0.6849992940160242,0.2804090373932342
without_classifier,True,200,0.2,0.07,0.3988357358421536,0.680683384962272,0.2818476491201184
without_classifier,True,200,0.2,0.075,0.3939715543475704,0.6749167702068454,0.28094521585927495
without_classifier,True,200,0.2,0.08,0.38910376443098416,0.6690745130764403,0.2799707486454561
without_classifier,True,200,0.2,0.085,0.38466502366204186,0.6639610350902961,0.2792960114282543
without_classifier,True,200,0.2,0.09,0.38025265985122625,0.6588949329969676,0.2786422731457413
without_classifier,True,200,0.2,0.095,0.37670528249960883,0.654153163170577,0.2774478806709682
without_classifier,True,200,0.2,0.1,0.37313852905147316,0.6493475074964588,0.2762089784449856
without_classifier,True,200,0.2,0.105,0.3696445118699061,0.6448538382389191,0.27520932636901296
without_classifier,True,200,0.2,0.11,0.366175799815443,0.6404013455043669,0.2742255456889239
without_classifier,True,200,0.2,0.115,0.3633017429282916,0.6369071185813434,0.2736053756530518
without_classifier,True,200,0.2,0.12,0.3604218265210157,0.6333665460875069,0.2729447195664912
without_classifier,True,200,0.2,0.125,0.3576615991499545,0.6295557818069406,0.2718941826569861
without_classifier,True,200,0.2,0.13,0.35487356816566945,0.625852977335453,0.2709794091697835
without_classifier,True,200,0.2,0.135,0.3524031873758936,0.6231123562469214,0.2707091688710278
without_classifier,True,200,0.2,0.14,0.3499397890780499,0.6203422286624924,0.27040243958444254
without_classifier,True,200,0.2,0.145,0.34761460616083256,0.6165532956457007,0.26893868948486815
without_classifier,True,200,0.2,0.15,0.34529256333291963,0.612648045045742,0.26735548171282236
without_classifier,True,200,0.2,0.155,0.34315774709013275,0.6082530143591373,0.2650952672690045
without_classifier,True,200,0.2,0.16,0.3410499205353898,0.6040614707992561,0.2630115502638663
without_classifier,True,200,0.2,0.165,0.3388889815346271,0.5999930567400719,0.26110407520544476
without_classifier,True,200,0.2,0.17,0.3367596227420845,0.595780689002487,0.25902106626040255
without_classifier,True,200,0.2,0.17500000000000002,0.33498733804401926,0.5953321082393868,0.2603447701953675
without_classifier,True,200,0.2,0.18,0.3331392160201634,0.5948859719716121,0.2617467559514487
without_classifier,True,200,0.2,0.185,0.33144440635350414,0.5892465744769011,0.25780216812339696
without_classifier,True,200,0.2,0.19,0.3298035186651619,0.5836304403085247,0.25382692164336285
without_classifier,True,200,0.2,0.195,0.32791172843078475,0.581751055492179,0.2538393270613942
without_classifier,True,200,0.2,0.2,0.3259989976102882,0.5798771656374587,0.2538781680271705
without_classifier,True,200,0.2,0.20500000000000002,0.32436085499134476,0.5767510543021966,0.2523901993108519
without_classifier,True,200,0.2,0.21,0.32277456765068757,0.573647141016794,0.25087257336610647
without_classifier,True,200,0.2,0.215,0.3216385414053996,0.5709395117468454,0.24930097034144583
without_classifier,True,200,0.2,0.22,0.32045284699705057,0.5681610005240548,0.24770815352700426
without_classifier,True,200,0.2,0.225,0.31904199666778255,0.5646477901275185,0.245605793459736
without_classifier,True,200,0.2,0.23,0.31758693309771746,0.5612498840560968,0.2436629509583793
without_classifier,True,200,0.2,0.23500000000000001,0.31595049503677053,0.5595328313912633,0.24358233635449278
without_classifier,True,200,0.2,0.24,0.314356689772371,0.5578312074537528,0.24347451768138179
without_classifier,True,200,0.2,0.245,0.31276083874770183,0.5555123684103742,0.24275152966267238
without_classifier,True,200,0.2,0.25,0.31115891866069856,0.5530329900248484,0.24187407136414985
without_classifier,True,200,0.2,0.255,0.30971132943745366,0.5508137944078807,0.24110246497042703
without_classifier,True,200,0.2,0.26,0.30828713199880087,0.5486654708087444,0.24037833880994353
without_classifier,True,200,0.2,0.265,0.3070661924954956,0.547247483538633,0.24018129104313735
without_classifier,True,200,0.2,0.27,0.3058492245390785,0.5459809441281991,0.2401317195891206
without_classifier,True,200,0.2,0.275,0.30473620090103065,0.5448247680851456,0.24008856718411492
without_classifier,True,200,0.2,0.28,0.3035719823784223,0.5434888155351987,0.23991683315677637
without_classifier,True,200,0.2,0.28500000000000003,0.3026702213600052,0.5407898565414502,0.23811963518144497
without_classifier,True,200,0.2,0.29,0.30180063518825356,0.5383368136126434,0.23653617842438984
without_classifier,True,200,0.2,0.295,0.3005567626782665,0.5364308423936142,0.23587407971534768
without_classifier,True,200,0.2,0.3,0.29935422947765755,0.5341089720780199,0.23475474260036233
without_classifier,True,200,0.2,0.305,0.2982126081138285,0.5333041892561948,0.23509158114236633
without_classifier,True,200,0.2,0.31,0.29704327396021196,0.532848381232583,0.23580510727237108
without_classifier,True,200,0.2,0.315,0.29582241816028504,0.5296253493343563,0.2338029311740713
without_classifier,True,200,0.2,0.32,0.2946373270834712,0.5260831050861515,0.23144577800268035
without_classifier,True,200,0.2,0.325,0.2936864993851067,0.5244995511079378,0.23081305172283106
without_classifier,True,200,0.2,0.33,0.2926359080511964,0.5231541969299769,0.2305182888787805
without_classifier,True,200,0.2,0.335,0.29149558881540416,0.5225691646732616,0.23107357585785748
without_classifier,True,200,0.2,0.34,0.2904024350784267,0.5223007839802991,0.2318983489018724
without_classifier,True,200,0.2,0.34500000000000003,0.28919708973265285,0.5202741987973905,0.2310771090647376
without_classifier,True,200,0.2,0.35000000000000003,0.28797695973301024,0.517762550228473,0.2297855904954627
without_classifier,True,200,0.2,0.355,0.2869852004147163,0.514778501889358,0.22779330147464172
without_classifier,True,200,0.2,0.36,0.2860849560726096,0.5120087407798026,0.22592378470719304
without_classifier,True,200,0.2,0.365,0.2852978639777637,0.5104628407954039,0.22516497681764025
without_classifier,True,200,0.2,0.37,0.2844481961272206,0.5087534662103562,0.2243052700831356
without_classifier,True,200,0.2,0.375,0.28361305456490005,0.5060917185393699,0.2224786639744698
without_classifier,True,200,0.2,0.38,0.2828279850826118,0.5035813179108681,0.22075333282825632
without_classifier,True,200,0.2,0.385,0.2819338560060908,0.5034079711993762,0.22147411519328541
without_classifier,True,200,0.2,0.39,0.28102217193489726,0.5030140382733309,0.22199186633843365
without_classifier,True,200,0.2,0.395,0.28017744079012086,0.5002344797920775,0.2200570390019566
without_classifier,True,200,0.2,0.4,0.27937394977394825,0.4976986936513675,0.21832474387741924
without_classifier,True,200,0.2,0.405,0.27865777791923646,0.49605917208269246,0.217401394163456
without_classifier,True,200,0.2,0.41000000000000003,0.27784063353129856,0.4944290382424086,0.21658840471111002
without_classifier,True,200,0.2,0.41500000000000004,0.27698136940502527,0.49185481134700504,0.21487344194197977
without_classifier,True,200,0.2,0.42,0.27617392436685884,0.4889657788409879,0.21279185447412907
without_classifier,True,200,0.2,0.425,0.27518768014595135,0.4882289704781477,0.21304129033219632
without_classifier,True,200,0.2,0.43,0.2741297427210392,0.4875546903283984,0.2134249476073592
without_classifier,True,200,0.2,0.435,0.27330484265173705,0.4854144209473761,0.21210957829563903
without_classifier,True,200,0.2,0.44,0.27253326803186173,0.48357173523577773,0.211038467203916
without_classifier,True,200,0.2,0.445,0.2718078926879574,0.482614275074818,0.2108063823868606
without_classifier,True,200,0.2,0.45,0.2710941145351213,0.4815108054117723,0.21041669087665105
without_classifier,True,200,0.2,0.455,0.27040152260367617,0.4812803719066873,0.21087884930301115
without_classifier,True,200,0.2,0.46,0.2698039583765873,0.4814409339180724,0.21163697554148508
without_classifier,True,200,0.2,0.465,0.2691091578592631,0.48070153484267725,0.21159237698341415
without_classifier,True,200,0.2,0.47000000000000003,0.2683132664805109,0.4794454591535032,0.21113219267299227
without_classifier,True,200,0.2,0.47500000000000003,0.26741537968904683,0.47623091753199687,0.20881553784295004
without_classifier,True,200,0.2,0.48,0.2664837406024788,0.4730474583672529,0.2065637177647741
without_classifier,True,200,0.2,0.485,0.2657531178583476,0.47271589224717836,0.20696277438883076
without_classifier,True,200,0.2,0.49,0.2650574791825405,0.47248919058602407,0.20743171140348354
without_classifier,True,200,0.2,0.495,0.2643364212882676,0.4696323374150829,0.2052959161268153
without_classifier,True,200,0.2,0.5,0.2636525785812375,0.46674291970930765,0.20309034112807017
without_classifier,True,200,0.2,0.505,0.26307844322372337,0.46641500591356866,0.2033365626898453
without_classifier,True,200,0.2,0.51,0.2623317968013386,0.46602788734345724,0.20369609054211862
without_classifier,True,200,0.2,0.515,0.2615636292740025,0.46503478505806706,0.20347115578406455
without_classifier,True,200,0.2,0.52,0.26088527299779846,0.4638244822367349,0.20293920923893644
without_classifier,True,200,0.2,0.525,0.2600164801904537,0.4605517168720111,0.20053523668155737
without_classifier,True,200,0.2,0.53,0.2593177757880679,0.4577380140727441,0.1984202382846762
without_classifier,True,200,0.2,0.535,0.2589294808904894,0.4574328436585298,0.19850336276804043
without_classifier,True,200,0.2,0.54,0.2583931275072197,0.45693090286414917,0.19853777535692946
without_classifier,True,200,0.2,0.545,0.25746019373455964,0.4569918925491951,0.19953169881463545
without_classifier,True,200,0.2,0.55,0.2566570930070047,0.45698192331780485,0.20032483031080017
without_classifier,True,200,0.2,0.555,0.2562797223830765,0.45567029043551627,0.19939056805243977
without_classifier,True,200,0.2,0.56,0.2557541742701873,0.45443172376140045,0.19867754949121313
without_classifier,True,200,0.2,0.5650000000000001,0.2550338633983311,0.45290101506654173,0.19786715166821062
without_classifier,True,200,0.2,0.5700000000000001,0.25439093194687457,0.4516173953305026,0.19722646338362804
without_classifier,True,200,0.2,0.5750000000000001,0.2536980860302732,0.45084046326997457,0.19714237723970135
without_classifier,True,200,0.2,0.58,0.2529606563159914,0.44959015179096695,0.19662949547497555
without_classifier,True,200,0.2,0.585,0.25246999553015287,0.4483294125359548,0.19585941700580195
without_classifier,True,200,0.2,0.59,0.2520795121664802,0.44733150983206693,0.1952519976655867
without_classifier,True,200,0.2,0.595,0.2517420518645509,0.4452705678409389,0.19352851597638798
without_classifier,True,200,0.2,0.6,0.2512867071757262,0.4432562347929642,0.191969527617238
without_classifier,True,200,0.2,0.605,0.2507733991326707,0.4412938052136379,0.1905204060809672
without_classifier,True,200,0.2,0.61,0.2503052573310155,0.43932066680193227,0.18901540947091677
without_classifier,True,200,0.2,0.615,0.2496837940184456,0.43900393573151,0.18932014171306438
without_classifier,True,200,0.2,0.62,0.2490278490226377,0.43853092985065434,0.18950308082801665
without_classifier,True,200,0.2,0.625,0.2484001650915227,0.4363030486846921,0.1879028835931694
without_classifier,True,200,0.2,0.63,0.24771659205876517,0.43453359538232056,0.1868170033235554
without_classifier,True,200,0.2,0.635,0.2467743234899121,0.4343343317175258,0.18756000822761368
without_classifier,True,200,0.2,0.64,0.24604008862985807,0.4336444561509415,0.18760436752108342
without_classifier,True,200,0.2,0.645,0.2457305552737618,0.43166537059556376,0.18593481532180195
without_classifier,True,200,0.2,0.65,0.24522087982534008,0.42986854920563095,0.18464766938029087
without_classifier,True,200,0.2,0.655,0.24445059595652152,0.42766734063029144,0.18321674467376992
without_classifier,True,200,0.2,0.66,0.24381740061001786,0.4252030155202656,0.18138561491024777
without_classifier,True,200,0.2,0.665,0.24319465470901042,0.42553770790082607,0.18234305319181565
without_classifier,True,200,0.2,0.67,0.24251792296688207,0.4263650060479501,0.183847083081068
without_classifier,True,200,0.2,0.675,0.24205605248237655,0.4257186356961557,0.18366258321377915
without_classifier,True,200,0.2,0.68,0.2415753055160696,0.42475432750831044,0.18317902199224084
without_classifier,True,200,0.2,0.685,0.24115259665493488,0.42367541846974444,0.18252282181480955
without_classifier,True,200,0.2,0.6900000000000001,0.24073951299386948,0.4226660000156386,0.1819264870217691
without_classifier,True,200,0.2,0.6950000000000001,0.24003863011325963,0.4226820730518296,0.18264344293856996
without_classifier,True,200,0.2,0.7000000000000001,0.2392910892402922,0.42247491622436784,0.18318382698407565
without_classifier,True,200,0.2,0.705,0.2386401570228239,0.4198383608437849,0.181198203820961
without_classifier,True,200,0.2,0.71,0.23805395210359354,0.41751512491192216,0.17946117280832863
without_classifier,True,200,0.2,0.715,0.23750519083285088,0.4162824898170393,0.17877729898418843
without_classifier,True,200,0.2,0.72,0.23689135186430632,0.4149750021770032,0.1780836503126969
without_classifier,True,200,0.2,0.725,0.23648739736442534,0.4145334976292638,0.17804610026483844
without_classifier,True,200,0.2,0.73,0.23611987883484722,0.41398695341813746,0.17786707458329024
without_classifier,True,200,0.2,0.735,0.23546671239650724,0.4120827261132442,0.17661601371673696
without_classifier,True,200,0.2,0.74,0.2348287857516358,0.4102346634909398,0.175405877739304
without_classifier,True,200,0.2,0.745,0.2343327366792681,0.4083124362757733,0.1739796995965052
without_classifier,True,200,0.2,0.75,0.23381637398159186,0.40645257070467977,0.17263619672308791
without_classifier,True,200,0.2,0.755,0.23314961591187972,0.4051912643650201,0.1720416484531404
without_classifier,True,200,0.2,0.76,0.23253509578464385,0.40380803288065004,0.1712729370960062
without_classifier,True,200,0.2,0.765,0.23229678814683216,0.4032306561980989,0.17093386805126673
without_classifier,True,200,0.2,0.77,0.23203133281495308,0.402742813852418,0.17071148103746492
without_classifier,True,200,0.2,0.775,0.2315412496209328,0.402924578279144,0.1713833286582112
without_classifier,True,200,0.2,0.78,0.23104779612776735,0.40313962592461117,0.17209182979684381
without_classifier,True,200,0.2,0.785,0.23068307150966683,0.4016529887339919,0.17096991722432509
without_classifier,True,200,0.2,0.79,0.23036436155812368,0.40003612247755693,0.16967176091943326
without_classifier,True,200,0.2,0.795,0.2297471012831242,0.39939175420011763,0.16964465291699343
without_classifier,True,200,0.2,0.8,0.22904892200517998,0.3989178614002004,0.16986893939502043
without_classifier,True,200,0.2,0.805,0.22843208670818643,0.3973295072900893,0.16889742058190288
without_classifier,True,200,0.2,0.81,0.2278181288050996,0.3955753611356133,0.1677572323305137
without_classifier,True,200,0.2,0.8150000000000001,0.2273847561868924,0.3935642786875621,0.1661795225006697
without_classifier,True,200,0.2,0.8200000000000001,0.2269583241752151,0.3916717859992871,0.16471346182407198
without_classifier,True,200,0.2,0.8250000000000001,0.2263539846983075,0.3909613312479306,0.16460734654962308
without_classifier,True,200,0.2,0.8300000000000001,0.22575345061559968,0.39020535856835314,0.16445190795275347
without_classifier,True,200,0.2,0.835,0.22512671513930244,0.390330925934948,0.16520421079564557
without_classifier,True,200,0.2,0.84,0.22452535030859605,0.390467569853038,0.16594221954444194
without_classifier,True,200,0.2,0.845,0.22421160434031945,0.3892241235440173,0.16501251920369786
without_classifier,True,200,0.2,0.85,0.2239110110364008,0.3880011456795319,0.16409013464313113
without_classifier,True,200,0.2,0.855,0.22348797746386495,0.38659197671306467,0.16310399924919972
without_classifier,True,200,0.2,0.86,0.22305166008015812,0.38514469915120436,0.16209303907104625
without_classifier,True,200,0.2,0.865,0.22244074813833917,0.38338015543991893,0.16093940730157977
without_classifier,True,200,0.2,0.87,0.22184211466348533,0.38152271854765996,0.15968060388417463
without_classifier,True,200,0.2,0.875,0.2213679898474648,0.3809425059341417,0.1595745160866769
without_classifier,True,200,0.2,0.88,0.2208583681534298,0.3804948110907818,0.15963644293735202
without_classifier,True,200,0.2,0.885,0.2206011449052868,0.3796270461796367,0.15902590127434993
without_classifier,True,200,0.2,0.89,0.22035056707110595,0.3787140377803748,0.15836347070926887
without_classifier,True,200,0.2,0.895,0.21983188308202523,0.37835046590894644,0.15851858282692122
without_classifier,True,200,0.2,0.9,0.2193271018862725,0.37810093619047913,0.15877383430420663
without_classifier,True,200,0.2,0.905,0.2189865445291454,0.3757778243764558,0.1567912798473104
without_classifier,True,200,0.2,0.91,0.21864775710259426,0.37331652733271553,0.15466877023012127
without_classifier,True,200,0.2,0.915,0.21800553706017403,0.3726098387434401,0.15460430168326608
without_classifier,True,200,0.2,0.92,0.21735661072103363,0.37187730283363524,0.1545206921126016
without_classifier,True,200,0.2,0.925,0.2167587690387683,0.37211400135009626,0.15535523231132795
without_classifier,True,200,0.2,0.93,0.21613496033562285,0.3724022113186109,0.15626725098298805
without_classifier,True,200,0.2,0.935,0.21566745449830496,0.3712630910595004,0.15559563656119543
without_classifier,True,200,0.2,0.9400000000000001,0.21523212126017355,0.37011300599157354,0.1548808847314
without_classifier,True,200,0.2,0.9450000000000001,0.21473038437212538,0.3676181575992342,0.15288777322710884
without_classifier,True,200,0.2,0.9500000000000001,0.21421294097269347,0.36515367220443756,0.1509407312317441
without_classifier,True,200,0.2,0.9550000000000001,0.21383373598689498,0.36489154237583565,0.15105780638894067
without_classifier,True,200,0.2,0.96,0.21345527640628545,0.36464468376296155,0.1511894073566761
without_classifier,True,200,0.2,0.965,0.21293726356177606,0.3637602217816606,0.15082295821988456
without_classifier,True,200,0.2,0.97,0.21243044158866434,0.3628372983581133,0.15040685676944895
without_classifier,True,200,0.2,0.975,0.21220493864042114,0.36116115489002376,0.14895621624960262
without_classifier,True,200,0.2,0.98,0.2119771674110053,0.3595098802529727,0.1475327128419674
without_classifier,True,200,0.2,0.985,0.2113792295774858,0.3583705582959492,0.1469913287184634
without_classifier,True,200,0.2,0.99,0.21077766258557412,0.3572145244852555,0.14643686189968136
without_classifier,True,200,0.2,0.995,0.2112069208978986,0.3579510973129337,0.14674417641503507
without_classifier,True,200,0.2,1.0,0.21165063350275157,0.3586966382010529,0.14704600469830134
without_classifier,True,400,0.4,0.0,1.0,1.0,0.0
without_classifier,True,400,0.4,0.005,0.6918366115478178,0.8024080369248987,0.11057142537708087
without_classifier,True,400,0.4,0.01,0.38367322309563556,0.6048160738497972,0.22114285075416162
without_classifier,True,400,0.4,0.015,0.3521606906518961,0.5715020905295387,0.21934139987764262
without_classifier,True,400,0.4,0.02,0.3206481582081567,0.5381881072092802,0.21753994900112356
without_classifier,True,400,0.4,0.025,0.3065324346441776,0.5213502936949953,0.21481785905081768
without_classifier,True,400,0.4,0.03,0.2924167110801985,0.5045124801807106,0.2120957691005121
without_classifier,True,400,0.4,0.035,0.2841271549261485,0.48969900976245595,0.20557185483630747
without_classifier,True,400,0.4,0.04,0.27583759877209857,0.47488553934420147,0.1990479405721029
without_classifier,True,400,0.4,0.045,0.2693307137365143,0.4644827128310377,0.1951519990945234
without_classifier,True,400,0.4,0.05,0.2628238287009298,0.454079886317874,0.1912560576169442
without_classifier,True,400,0.4,0.055,0.25684283891847975,0.4440215241350233,0.18717868521654357
without_classifier,True,400,0.4,0.06,0.25086184913602966,0.43396316195217277,0.1831013128161431
without_classifier,True,400,0.4,0.065,0.2470495095623967,0.42680404862311355,0.17975453906071684
without_classifier,True,400,0.4,0.07,0.24323716998876388,0.41964493529405444,0.17640776530529056
without_classifier,True,400,0.4,0.075,0.23916296503506596,0.4144878719471551,0.17532490691208913
without_classifier,True,400,0.4,0.08,0.23508876008136817,0.40933080860025567,0.1742420485188875
without_classifier,True,400,0.4,0.085,0.23191274004445103,0.4008314714995989,0.16891873145514788
without_classifier,True,400,0.4,0.09,0.22873672000753387,0.3923321343989422,0.16359541439140834
without_classifier,True,400,0.4,0.095,0.22591351268813012,0.3877866492769681,0.16187313658883798
without_classifier,True,400,0.4,0.1,0.22309030536872648,0.383241164154994,0.1601508587862675
without_classifier,True,400,0.4,0.105,0.21986417406083397,0.37632216702370597,0.156457992962872
without_classifier,True,400,0.4,0.11,0.21663804275294143,0.36940316989241795,0.15276512713947651
without_classifier,True,400,0.4,0.115,0.21505313156948733,0.3666227750258985,0.1515696434564112
without_classifier,True,400,0.4,0.12,0.21346822038603325,0.3638423801593793,0.15037415977334606
without_classifier,True,400,0.4,0.125,0.211291001602076,0.3581712375755888,0.14688023597351277
without_classifier,True,400,0.4,0.13,0.20911378281811874,0.3525000949917982,0.14338631217367945
without_classifier,True,400,0.4,0.135,0.207282278961502,0.3487499848291434,0.14146770586764137
without_classifier,True,400,0.4,0.14,0.2054507751048853,0.34499987466648835,0.13954909956160305
without_classifier,True,400,0.4,0.145,0.2037376927987983,0.3402848127410592,0.1365471199422609
without_classifier,True,400,0.4,0.15,0.20202461049271125,0.33556975081563,0.13354514032291875
without_classifier,True,400,0.4,0.155,0.20047158909146673,0.3310306929009191,0.13055910380945235
without_classifier,True,400,0.4,0.16,0.19891856769022226,0.3264916349862081,0.12757306729598583
without_classifier,True,400,0.4,0.165,0.19720329842918244,0.3247189682800187,0.1275156698508363
without_classifier,True,400,0.4,0.17,0.19548802916814265,0.3229463015738293,0.12745827240568666
without_classifier,True,400,0.4,0.17500000000000002,0.19436057865348022,0.31622322901350947,0.12186265036002925
without_classifier,True,400,0.4,0.18,0.19323312813881785,0.30950015645318973,0.11626702831437188
without_classifier,True,400,0.4,0.185,0.19159830552487014,0.3072882245466462,0.11568991902177608
without_classifier,True,400,0.4,0.19,0.1899634829109224,0.30507629264010266,0.11511280972918025
without_classifier,True,400,0.4,0.195,0.1892077176393165,0.3037322124785472,0.11452449483923072
without_classifier,True,400,0.4,0.2,0.18845195236771056,0.3023881323169917,0.11393617994928112
without_classifier,True,400,0.4,0.20500000000000002,0.18699806531386762,0.2993837838455996,0.11238571853173199
without_classifier,True,400,0.4,0.21,0.18554417826002462,0.2963794353742074,0.1108352571141828
without_classifier,True,400,0.4,0.215,0.18427687681202468,0.28968156729495004,0.10540469048292536
without_classifier,True,400,0.4,0.22,0.1830095753640247,0.2829836992156925,0.09997412385166779
without_classifier,True,400,0.4,0.225,0.1819248346542008,0.28276298488960794,0.10083815023540713
without_classifier,True,400,0.4,0.23,0.1808400939443769,0.2825422705635235,0.1017021766191466
without_classifier,True,400,0.4,0.23500000000000001,0.18005509952781718,0.28071181967801145,0.10065672015019428
without_classifier,True,400,0.4,0.24,0.1792701051112575,0.2788813687924995,0.09961126368124198
without_classifier,True,400,0.4,0.245,0.17861153118419074,0.2748101367237299,0.09619860553953916
without_classifier,True,400,0.4,0.25,0.17795295725712396,0.27073890465496026,0.0927859473978363
without_classifier,True,400,0.4,0.255,0.17635330682969658,0.26886736944545797,0.0925140626157614
without_classifier,True,400,0.4,0.26,0.17475365640226911,0.2669958342359557,0.09224217783368657
without_classifier,True,400,0.4,0.265,0.17263604960171508,0.2654759805251767,0.0928399309234616
without_classifier,True,400,0.4,0.27,0.17051844280116107,0.2639561268143977,0.0934376840132366
without_classifier,True,400,0.4,0.275,0.17057667973596835,0.2588426780472704,0.08826599831130205
without_classifier,True,400,0.4,0.28,0.17063491667077563,0.253729229280143,0.0830943126093674
without_classifier,True,400,0.4,0.28500000000000003,0.17009978051394378,0.25276637548047187,0.08266659496652809
without_classifier,True,400,0.4,0.29,0.1695646443571119,0.25180352168080083,0.08223887732368892
without_classifier,True,400,0.4,0.295,0.16762180811415117,0.25051314893993554,0.08289134082578437
without_classifier,True,400,0.4,0.3,0.1656789718711904,0.2492227761990701,0.0835438043278797
without_classifier,True,400,0.4,0.305,0.1658545011019062,0.2473255595592006,0.08147105845729441
without_classifier,True,400,0.4,0.31,0.16603003033262212,0.24542834291933105,0.07939831258670893
without_classifier,True,400,0.4,0.315,0.16507330191108244,0.24127340999902427,0.07620010808794184
without_classifier,True,400,0.4,0.32,0.16411657348954273,0.23711847707871736,0.07300190358917463
without_classifier,True,400,0.4,0.325,0.1631106532451425,0.23690615750305977,0.07379550425791725
without_classifier,True,400,0.4,0.33,0.1621047330007423,0.23669383792740212,0.07458910492665982
without_classifier,True,400,0.4,0.335,0.16053163058842376,0.232430686327134,0.07189905573871025
without_classifier,True,400,0.4,0.34,0.15895852817610523,0.22816753472686596,0.06920900655076073
without_classifier,True,400,0.4,0.34500000000000003,0.15869675063702743,0.22533524178768854,0.06663849115066112
without_classifier,True,400,0.4,0.35000000000000003,0.15843497309794957,0.2225029488485112,0.06406797575056164
without_classifier,True,400,0.4,0.355,0.15933804660754197,0.21807424140943713,0.05873619480189515
without_classifier,True,400,0.4,0.36,0.16024112011713437,0.21364553397036312,0.05340441385322875
without_classifier,True,400,0.4,0.365,0.1590652958256154,0.21244985470994532,0.053384558884329913
without_classifier,True,400,0.4,0.37,0.15788947153409633,0.2112541754495275,0.05336470391543116
without_classifier,True,400,0.4,0.375,0.1577025644965761,0.20999425095200422,0.052291686455428116
without_classifier,True,400,0.4,0.38,0.15751565745905585,0.2087343264544809,0.05121866899542504
without_classifier,True,400,0.4,0.385,0.15693235867399685,0.2090378693657112,0.052105510691714346
without_classifier,True,400,0.4,0.39,0.15634905988893785,0.20934141227694147,0.05299235238800362
without_classifier,True,400,0.4,0.395,0.15485541626752822,0.2093793957987024,0.05452397953117419
without_classifier,True,400,0.4,0.4,0.15336177264611855,0.2094173793204633,0.056055606674344755
without_classifier,True,400,0.4,0.405,0.15364019039106405,0.20757843239851356,0.05393824200744951
without_classifier,True,400,0.4,0.41000000000000003,0.15391860813600938,0.20573948547656373,0.05182087734055435
without_classifier,True,400,0.4,0.41500000000000004,0.15400492595547496,0.2037112365076367,0.04970631055216174
without_classifier,True,400,0.4,0.42,0.15409124377494057,0.20168298753870967,0.047591743763769095
without_classifier,True,400,0.4,0.425,0.15324022204159216,0.2020108831618078,0.048770661120215636
without_classifier,True,400,0.4,0.43,0.15238920030824377,0.20233877878490603,0.04994957847666226
without_classifier,True,400,0.4,0.435,0.1517495064069711,0.20136959623278622,0.04962008982581512
without_classifier,True,400,0.4,0.44,0.15110981250569847,0.20040041368066647,0.049290601174968
without_classifier,True,400,0.4,0.445,0.1510265554869936,0.19716610243296598,0.04613954694597239
without_classifier,True,400,0.4,0.45,0.15094329846828863,0.19393179118526555,0.04298849271697691
without_classifier,True,400,0.4,0.455,0.15022628787390807,0.19423506927118675,0.04400878139727868
without_classifier,True,400,0.4,0.46,0.14950927727952754,0.19453834735710793,0.04502907007758039
without_classifier,True,400,0.4,0.465,0.1484898786621731,0.19147836586770914,0.042988487205536025
without_classifier,True,400,0.4,0.47000000000000003,0.1474704800448186,0.1884183843783103,0.040947904333491686
without_classifier,True,400,0.4,0.47500000000000003,0.14688497290563343,0.18900142128880063,0.04211644838316719
without_classifier,True,400,0.4,0.48,0.1462994657664482,0.18958445819929087,0.04328499243284267
without_classifier,True,400,0.4,0.485,0.146351063765469,0.18755989032943035,0.041208826563961354
without_classifier,True,400,0.4,0.49,0.14640266176448982,0.1855353224595698,0.03913266069507998
without_classifier,True,400,0.4,0.495,0.14523620074382051,0.18669502644954866,0.04145882570572815
without_classifier,True,400,0.4,0.5,0.14406973972315124,0.18785473043952758,0.04378499071637634
without_classifier,True,400,0.4,0.505,0.1439209180189452,0.18350293263928805,0.03958201462034286
without_classifier,True,400,0.4,0.51,0.14377209631473914,0.17915113483904863,0.035379038524309486
without_classifier,True,400,0.4,0.515,0.14334341716128013,0.18130129976464857,0.03795788260336844
without_classifier,True,400,0.4,0.52,0.1429147380078212,0.18345146469024862,0.040536726682427415
without_classifier,True,400,0.4,0.525,0.14241358064212062,0.1845551771497897,0.04214159650766908
without_classifier,True,400,0.4,0.53,0.14191242327642006,0.1856588896093308,0.04374646633291074
without_classifier,True,400,0.4,0.535,0.14088906430110607,0.18234987945126097,0.0414608151501549
without_classifier,True,400,0.4,0.54,0.1398657053257921,0.17904086929319118,0.03917516396739909
without_classifier,True,400,0.4,0.545,0.1398407858214826,0.17688978658765941,0.037049000766176815
without_classifier,True,400,0.4,0.55,0.13981586631717316,0.1747387038821277,0.03492283756495454
without_classifier,True,400,0.4,0.555,0.1392528337277084,0.17470862428575246,0.03545579055804404
without_classifier,True,400,0.4,0.56,0.13868980113824364,0.17467854468937732,0.035988743551133684
without_classifier,True,400,0.4,0.5650000000000001,0.13838071972432467,0.1727903249036171,0.034409605179292424
without_classifier,True,400,0.4,0.5700000000000001,0.13807163831040573,0.17090210511785695,0.03283046680745122
without_classifier,True,400,0.4,0.5750000000000001,0.13817063586572964,0.168636165519177,0.03046552965344737
without_classifier,True,400,0.4,0.58,0.1382696334210535,0.1663702259204971,0.028100592499443605
without_classifier,True,400,0.4,0.585,0.13747099255172845,0.1646902917200835,0.027219299168355054
without_classifier,True,400,0.4,0.59,0.13667235168240344,0.16301035751966994,0.026338005837266504
without_classifier,True,400,0.4,0.595,0.13647532195405804,0.16060860613584133,0.024133284181783288
without_classifier,True,400,0.4,0.6,0.1362782922257126,0.1582068547520127,0.0219285625263001
without_classifier,True,400,0.4,0.605,0.13568688212835694,0.15689706478801474,0.021210182659657795
without_classifier,True,400,0.4,0.61,0.1350954720310013,0.15558727482401685,0.020491802793015546
without_classifier,True,400,0.4,0.615,0.1345012904026953,0.1541876109078779,0.019686320505182597
without_classifier,True,400,0.4,0.62,0.13390710877438933,0.1527879469917389,0.018880838217349566
without_classifier,True,400,0.4,0.625,0.1339549039756821,0.15278157262742753,0.018826668651745426
without_classifier,True,400,0.4,0.63,0.13400269917697488,0.15277519826311617,0.018772499086141287
without_classifier,True,400,0.4,0.635,0.13395180237819052,0.15153776507645184,0.01758596269826132
without_classifier,True,400,0.4,0.64,0.13390090557940615,0.15030033188978748,0.016399426310381326
without_classifier,True,400,0.4,0.645,0.13274955536956742,0.14959873950783123,0.016849184138263806
without_classifier,True,400,0.4,0.65,0.1315982051597287,0.14889714712587496,0.01729894196614626
without_classifier,True,400,0.4,0.655,0.1317612943733305,0.14672225377447223,0.014960959401141727
without_classifier,True,400,0.4,0.66,0.1319243835869323,0.14454736042306957,0.012622976836137279
without_classifier,True,400,0.4,0.665,0.13195201238054624,0.1445873752160211,0.012635362835474867
without_classifier,True,400,0.4,0.67,0.13197964117416022,0.14462739000897273,0.012647748834812511
without_classifier,True,400,0.4,0.675,0.13197636403444146,0.14316249151115087,0.011186127476709412
without_classifier,True,400,0.4,0.68,0.13197308689472262,0.14169759301332913,0.009724506118606507
without_classifier,True,400,0.4,0.685,0.13187652211015424,0.14128439613123192,0.009407874021077678
without_classifier,True,400,0.4,0.6900000000000001,0.1317799573255858,0.14087119924913474,0.009091241923548932
without_classifier,True,400,0.4,0.6950000000000001,0.1306908401372493,0.1420630665346107,0.011372226397361407
without_classifier,True,400,0.4,0.7000000000000001,0.1296017229489128,0.1432549338200866,0.013653210871173799
without_classifier,True,400,0.4,0.705,0.12893769151332285,0.1396284371999112,0.010690745686588343
without_classifier,True,400,0.4,0.71,0.12827366007773283,0.13600194057973566,0.007728280502002832
without_classifier,True,400,0.4,0.715,0.12740656141453657,0.1362935292474625,0.008886967832925918
without_classifier,True,400,0.4,0.72,0.12653946275134026,0.13658511791518926,0.010045655163849004
without_classifier,True,400,0.4,0.725,0.12585173019930757,0.13759670839754107,0.011744978198233502
without_classifier,True,400,0.4,0.73,0.12516399764727487,0.13860829887989287,0.013444301232618
without_classifier,True,400,0.4,0.735,0.12559328854297444,0.13770671644705243,0.012113427904077989
without_classifier,True,400,0.4,0.74,0.12602257943867395,0.13680513401421193,0.010782554575537978
without_classifier,True,400,0.4,0.745,0.12535723218199565,0.13747406403152124,0.012116831849525583
without_classifier,True,400,0.4,0.75,0.12469188492531733,0.1381429940488306,0.013451109123513272
without_classifier,True,400,0.4,0.755,0.12418999125637734,0.13472077498178506,0.010530783725407722
without_classifier,True,400,0.4,0.76,0.12368809758743737,0.1312985559147395,0.0076104583273021165
without_classifier,True,400,0.4,0.765,0.12350998850985587,0.13062198046425083,0.007111991954394964
without_classifier,True,400,0.4,0.77,0.12333187943227435,0.12994540501376226,0.0066135255814879085
without_classifier,True,400,0.4,0.775,0.1225603306443372,0.12983672177103772,0.007276391126700518
without_classifier,True,400,0.4,0.78,0.1217887818564001,0.12972803852831324,0.007939256671913142
without_classifier,True,400,0.4,0.785,0.12186886700428054,0.12752956898776274,0.0056607019834822025
without_classifier,True,400,0.4,0.79,0.12194895215216091,0.12533109944721219,0.003382147295051277
without_classifier,True,400,0.4,0.795,0.12120553343847862,0.12631090119718769,0.005105367758709067
without_classifier,True,400,0.4,0.8,0.12046211472479625,0.12729070294716316,0.006828588222366913
without_classifier,True,400,0.4,0.805,0.120156873788607,0.12762254641915205,0.007465672630545053
without_classifier,True,400,0.4,0.81,0.11985163285241773,0.12795438989114094,0.008102757038723207
without_classifier,True,400,0.4,0.8150000000000001,0.11981410306422428,0.12847983947033445,0.008665736406110167
without_classifier,True,400,0.4,0.8200000000000001,0.11977657327603083,0.12900528904952804,0.00922871577349721
without_classifier,True,400,0.4,0.8250000000000001,0.11931710446544457,0.12784166880839623,0.008524564342951665
without_classifier,True,400,0.4,0.8300000000000001,0.11885763565485832,0.1266780485672643,0.007820412912405983
without_classifier,True,400,0.4,0.835,0.11905958981602453,0.12500950617444082,0.005949916358416282
without_classifier,True,400,0.4,0.84,0.11926154397719076,0.12334096378161727,0.004079419804426512
without_classifier,True,400,0.4,0.845,0.1191645942313092,0.12340237466768786,0.004237780436378652
without_classifier,True,400,0.4,0.85,0.1190676444854277,0.1234637855537585,0.0043961410683308055
without_classifier,True,400,0.4,0.855,0.1181398490120773,0.1205407494657023,0.002400900453624996
without_classifier,True,400,0.4,0.86,0.11721205353872695,0.11761771337764607,0.0004056598389191174
without_classifier,True,400,0.4,0.865,0.11643512468925717,0.11871838125863479,0.0022832565693776258
without_classifier,True,400,0.4,0.87,0.11565819583978738,0.11981904913962352,0.004160853299836134
without_classifier,True,400,0.4,0.875,0.11547182711593147,0.11918591239712743,0.0037140852811959613
without_classifier,True,400,0.4,0.88,0.11528545839207556,0.11855277565463138,0.003267317262555816
without_classifier,True,400,0.4,0.885,0.11558830602608701,0.11825478558831189,0.002666479562224877
without_classifier,True,400,0.4,0.89,0.11589115366009839,0.11795679552199241,0.0020656418618940214
without_classifier,True,400,0.4,0.895,0.11578866749592029,0.11767381080292887,0.0018851433070085771
without_classifier,True,400,0.4,0.9,0.11568618133174217,0.11739082608386524,0.0017046447521230634
without_classifier,True,400,0.4,0.905,0.11372344825370721,0.11600539635893559,0.0022819481052283735
without_classifier,True,400,0.4,0.91,0.11176071517567232,0.11461996663400591,0.0028592514583335865
without_classifier,True,400,0.4,0.915,0.1119497319229898,0.11533826996683882,0.003388538043849018
without_classifier,True,400,0.4,0.92,0.11213874867030729,0.11605657329967167,0.00391782462936438
without_classifier,True,400,0.4,0.925,0.1111391953648611,0.11347045012730328,0.0023312547624421837
without_classifier,True,400,0.4,0.93,0.11013964205941495,0.11088432695493489,0.0007446848955199314
without_classifier,True,400,0.4,0.935,0.1102214456581472,0.11070390000396098,0.00048245434581377367
without_classifier,True,400,0.4,0.9400000000000001,0.11030324925687943,0.11052347305298707,0.00022022379610764364
without_classifier,True,400,0.4,0.9450000000000001,0.110578202688727,0.11117753783730833,0.0005993351485813203
without_classifier,True,400,0.4,0.9500000000000001,0.11085315612057456,0.1118316026216295,0.0009784465010549415
without_classifier,True,400,0.4,0.9550000000000001,0.11019724551835677,0.11037245013076849,0.0001752046124117168
without_classifier,True,400,0.4,0.96,0.10954133491613902,0.10891329763990747,-0.0006280372762315495
without_classifier,True,400,0.4,0.965,0.10885126466993822,0.10875413068633258,-9.713398360564063e-05
without_classifier,True,400,0.4,0.97,0.10816119442373748,0.1085949637327576,0.00043376930902011557
without_classifier,True,400,0.4,0.975,0.1075882470407911,0.10745899991617383,-0.00012924712461727383
without_classifier,True,400,0.4,0.98,0.1070152996578448,0.10632303609959004,-0.0006922635582547604
without_classifier,True,400,0.4,0.985,0.10722338630308514,0.10641849019394915,-0.0008048961091359913
without_classifier,True,400,0.4,0.99,0.10743147294832552,0.10651394428830825,-0.0009175286600172639
without_classifier,True,400,0.4,0.995,0.10755360997718526,0.10641683559316636,-0.0011367743840188932
without_classifier,True,400,0.4,1.0,0.10767574700604506,0.10631972689802442,-0.0013560201080206336
without_classifier,True,600,0.6,0.0,1.0,1.0,0.0
without_classifier,True,600,0.6,0.005,0.6025564731510046,0.6179676738352282,0.015411200684223636
without_classifier,True,600,0.6,0.01,0.20511294630200916,0.23593534767045637,0.030822401368447216
without_classifier,True,600,0.6,0.015,0.18572053789898443,0.20457900954960984,0.018858471650625402
without_classifier,True,600,0.6,0.02,0.1663281294959597,0.17322267142876321,0.006894541932803505
without_classifier,True,600,0.6,0.025,0.1570171979034785,0.15713295155207258,0.00011575364859406356
without_classifier,True,600,0.6,0.03,0.14770626631099731,0.14104323167538194,-0.006663034635615378
without_classifier,True,600,0.6,0.035,0.14276179457665422,0.130683238383596,-0.012078556193058226
without_classifier,True,600,0.6,0.04,0.1378173228423111,0.12032324509181005,-0.017494077750501047
without_classifier,True,600,0.6,0.045,0.13133584663863684,0.1134720001812578,-0.01786384645737904
without_classifier,True,600,0.6,0.05,0.12485437043496254,0.10662075527070555,-0.01823361516425699
without_classifier,True,600,0.6,0.055,0.12226409358467208,0.09811665422816682,-0.024147439356505263
without_classifier,True,600,0.6,0.06,0.11967381673438164,0.08961255318562811,-0.030061263548753533
without_classifier,True,600,0.6,0.065,0.1175636649230728,0.08645527633821379,-0.03110838858485901
without_classifier,True,600,0.6,0.07,0.11545351311176393,0.08329799949079945,-0.03215551362096447
without_classifier,True,600,0.6,0.075,0.1133047159636044,0.0771983656285981,-0.03610635033500631
without_classifier,True,600,0.6,0.08,0.11115591881544487,0.07109873176639667,-0.040057187049048204
without_classifier,True,600,0.6,0.085,0.11015168471979755,0.0691924545257886,-0.04095923019400896
without_classifier,True,600,0.6,0.09,0.10914745062415024,0.06728617728518052,-0.04186127333896972
without_classifier,True,600,0.6,0.095,0.1066518496791347,0.06621921686067558,-0.040432632818459116
without_classifier,True,600,0.6,0.1,0.10415624873411919,0.0651522564361706,-0.039003992297948584
without_classifier,True,600,0.6,0.105,0.10069115547390539,0.0634405219804709,-0.03725063349343449
without_classifier,True,600,0.6,0.11,0.09722606221369157,0.06172878752477119,-0.035497274688920374
without_classifier,True,600,0.6,0.115,0.09549140029548045,0.06027641538208021,-0.03521498491340024
without_classifier,True,600,0.6,0.12,0.09375673837726933,0.05882404323938926,-0.034932695137880075
without_classifier,True,600,0.6,0.125,0.0936184605678136,0.056353012795492166,-0.037265447772321436
without_classifier,True,600,0.6,0.13,0.09348018275835784,0.05388198235159507,-0.039598200406762776
without_classifier,True,600,0.6,0.135,0.09181354091163181,0.05421521285684624,-0.03759832805478557
without_classifier,True,600,0.6,0.14,0.09014689906490579,0.054548443362097424,-0.03559845570280837
without_classifier,True,600,0.6,0.145,0.08841800287268901,0.05172117249404741,-0.036696830378641604
without_classifier,True,600,0.6,0.15,0.08668910668047222,0.04889390162599738,-0.03779520505447484
without_classifier,True,600,0.6,0.155,0.08713557323962352,0.048215853843891335,-0.03891971939573219
without_classifier,True,600,0.6,0.16,0.08758203979877482,0.04753780606178527,-0.04004423373698955
without_classifier,True,600,0.6,0.165,0.08788522825678229,0.04663518563790906,-0.041250042618873224
without_classifier,True,600,0.6,0.17,0.08818841671478973,0.04573256521403285,-0.04245585150075688
without_classifier,True,600,0.6,0.17500000000000002,0.08697287776538967,0.04633102601886397,-0.0406418517465257
without_classifier,True,600,0.6,0.18,0.0857573388159896,0.0469294868236951,-0.0388278519922945
without_classifier,True,600,0.6,0.185,0.08585225270813682,0.04598662842559862,-0.039865624282538197
without_classifier,True,600,0.6,0.19,0.08594716660028402,0.045043770027502136,-0.040903396572781886
without_classifier,True,600,0.6,0.195,0.08379835954610218,0.04263425487064524,-0.04116410467545694
without_classifier,True,600,0.6,0.2,0.08164955249192038,0.04022473971378835,-0.04142481277813203
without_classifier,True,600,0.6,0.20500000000000002,0.0805139570220975,0.04105318922949664,-0.03946076779260086
without_classifier,True,600,0.6,0.21,0.07937836155227464,0.04188163874520493,-0.037496722807069706
without_classifier,True,600,0.6,0.215,0.0793698281265097,0.04006741481801631,-0.039302413308493385
without_classifier,True,600,0.6,0.22,0.07936129470074471,0.03825319089082768,-0.04110810380991703
without_classifier,True,600,0.6,0.225,0.07711964562717184,0.03932782706954944,-0.037791818557622404
without_classifier,True,600,0.6,0.23,0.07487799655359897,0.04040246324827118,-0.034475533305327793
without_classifier,True,600,0.6,0.23500000000000001,0.07592971311018726,0.03874528927367161,-0.03718442383651565
without_classifier,True,600,0.6,0.24,0.07698142966677551,0.037088115299072036,-0.03989331436770348
without_classifier,True,600,0.6,0.245,0.07627624834836752,0.0376242806383622,-0.03865196771000532
without_classifier,True,600,0.6,0.25,0.0755710670299595,0.03816044597765237,-0.03741062105230713
without_classifier,True,600,0.6,0.255,0.0749319862098491,0.03897668041805446,-0.035955305791794644
without_classifier,True,600,0.6,0.26,0.07429290538973872,0.039792914858456534,-0.034499990531282186
without_classifier,True,600,0.6,0.265,0.07447261566917102,0.03754627997812349,-0.03692633569104753
without_classifier,True,600,0.6,0.27,0.0746523259486033,0.03529964509779045,-0.03935268085081285
without_classifier,True,600,0.6,0.275,0.07301669192643506,0.03561316741467938,-0.03740352451175568
without_classifier,True,600,0.6,0.28,0.07138105790426683,0.03592668973156833,-0.035454368172698494
without_classifier,True,600,0.6,0.28500000000000003,0.07118801105221792,0.03548190804001932,-0.0357061030121986
without_classifier,True,600,0.6,0.29,0.070994964200169,0.03503712634847033,-0.03595783785169867
without_classifier,True,600,0.6,0.295,0.07014333620808125,0.0347101520259821,-0.03543318418209915
without_classifier,True,600,0.6,0.3,0.06929170821599352,0.034383177703493854,-0.03490853051249967
without_classifier,True,600,0.6,0.305,0.06966719194875622,0.03527467410350557,-0.034392517845250645
without_classifier,True,600,0.6,0.31,0.07004267568151895,0.0361661705035173,-0.03387650517800165
without_classifier,True,600,0.6,0.315,0.06966104438589052,0.036289734077945474,-0.033371310307945046
without_classifier,True,600,0.6,0.32,0.06927941309026209,0.03641329765237363,-0.032866115437888456
without_classifier,True,600,0.6,0.325,0.06637530183637866,0.03533026807504938,-0.031045033761329277
without_classifier,True,600,0.6,0.33,0.06347119058249517,0.03424723849772514,-0.029223952084770036
without_classifier,True,600,0.6,0.335,0.06363390936465294,0.033651130535654376,-0.02998277882899856
without_classifier,True,600,0.6,0.34,0.06379662814681068,0.03305502257358361,-0.030741605573227075
without_classifier,True,600,0.6,0.34500000000000003,0.06333466323327834,0.034254239074216465,-0.029080424159061875
without_classifier,True,600,0.6,0.35000000000000003,0.062872698319746,0.035453455574849295,-0.027419242744896703
without_classifier,True,600,0.6,0.355,0.06150072358891824,0.03432582458170752,-0.02717489900721072
without_classifier,True,600,0.6,0.36,0.060128748858090456,0.033198193588565725,-0.02693055526952473
without_classifier,True,600,0.6,0.365,0.05975604834717766,0.0327455083229385,-0.02701054002423916
without_classifier,True,600,0.6,0.37,0.05938334783626488,0.03229282305731127,-0.027090524778953608
without_classifier,True,600,0.6,0.375,0.05957680090442106,0.03163786495383343,-0.027938935950587628
without_classifier,True,600,0.6,0.38,0.059770253972577236,0.030982906850355603,-0.028787347122221633
without_classifier,True,600,0.6,0.385,0.0590534719605542,0.030610410539059864,-0.028443061421494338
without_classifier,True,600,0.6,0.39,0.05833668994853118,0.030237914227764125,-0.028098775720767057
without_classifier,True,600,0.6,0.395,0.057362462584666596,0.030080010327656042,-0.027282452257010554
without_classifier,True,600,0.6,0.4,0.05638823522080202,0.029922106427547984,-0.026466128793254034
without_classifier,True,600,0.6,0.405,0.05706977065492539,0.031171658004047153,-0.025898112650878238
without_classifier,True,600,0.6,0.41000000000000003,0.0577513060890487,0.032421209580546326,-0.025330096508502375
without_classifier,True,600,0.6,0.41500000000000004,0.05623406786044747,0.032408901295784734,-0.023825166564662735
without_classifier,True,600,0.6,0.42,0.05471682963184623,0.03239659301102317,-0.02232023662082306
without_classifier,True,600,0.6,0.425,0.05489131077602603,0.031612352447361144,-0.023278958328664882
without_classifier,True,600,0.6,0.43,0.05506579192020582,0.030828111883699123,-0.024237680036506695
without_classifier,True,600,0.6,0.435,0.05568973529016754,0.030410402014094867,-0.025279333276072673
without_classifier,True,600,0.6,0.44,0.05631367866012926,0.02999269214449062,-0.026320986515638644
without_classifier,True,600,0.6,0.445,0.056452516786254514,0.03067217764042046,-0.025780339145834053
without_classifier,True,600,0.6,0.45,0.05659135491237975,0.0313516631363503,-0.02523969177602945
without_classifier,True,600,0.6,0.455,0.056981933275019395,0.030793067874037655,-0.02618886540098174
without_classifier,True,600,0.6,0.46,0.05737251163765904,0.030234472611725016,-0.02713803902593402
without_classifier,True,600,0.6,0.465,0.057589594649834916,0.029778691219180465,-0.02781090343065445
without_classifier,True,600,0.6,0.47000000000000003,0.05780667766201075,0.029322909826635924,-0.02848376783537483
without_classifier,True,600,0.6,0.47500000000000003,0.05667161166597604,0.029338175396672644,-0.027333436269303398
without_classifier,True,600,0.6,0.48,0.05553654566994132,0.029353440966709353,-0.026183104703231964
without_classifier,True,600,0.6,0.485,0.05499762468791839,0.029990408931504738,-0.025007215756413653
without_classifier,True,600,0.6,0.49,0.05445870370589545,0.03062737689630012,-0.02383132680959533
without_classifier,True,600,0.6,0.495,0.05487086656071673,0.029727155552221423,-0.025143711008495304
without_classifier,True,600,0.6,0.5,0.055283029415537976,0.02882693420814273,-0.026456095207395246
without_classifier,True,600,0.6,0.505,0.054651903939666235,0.02869719922908796,-0.025954704710578275
without_classifier,True,600,0.6,0.51,0.05402077846379446,0.02856746425003317,-0.02545331421376129
without_classifier,True,600,0.6,0.515,0.05274839323508786,0.02854102166716378,-0.024207371567924085
without_classifier,True,600,0.6,0.52,0.051476008006381246,0.02851457908429438,-0.022961428922086868
without_classifier,True,600,0.6,0.525,0.05180401264972412,0.0286844324546837,-0.02311958019504042
without_classifier,True,600,0.6,0.53,0.05213201729306699,0.028854285825073024,-0.023277731467993966
without_classifier,True,600,0.6,0.535,0.052135810099971425,0.029073022330048846,-0.02306278776992258
without_classifier,True,600,0.6,0.54,0.052139602906875845,0.02929175883502467,-0.022847844071851177
without_classifier,True,600,0.6,0.545,0.05076958899813082,0.029278639209781736,-0.021490949788349083
without_classifier,True,600,0.6,0.55,0.049399575089385805,0.029265519584538807,-0.020134055504847
without_classifier,True,600,0.6,0.555,0.05034447079924574,0.02909461336348614,-0.021249857435759602
without_classifier,True,600,0.6,0.56,0.051289366509105705,0.028923707142433464,-0.02236565936667224
without_classifier,True,600,0.6,0.5650000000000001,0.05069969213494914,0.028674352628586346,-0.022025339506362793
without_classifier,True,600,0.6,0.5700000000000001,0.050110017760792616,0.028424998114739232,-0.021685019646053384
without_classifier,True,600,0.6,0.5750000000000001,0.050986154302797036,0.027995862187623656,-0.02299029211517338
without_classifier,True,600,0.6,0.58,0.05186229084480147,0.0275667262605081,-0.02429556458429337
without_classifier,True,600,0.6,0.585,0.05171923650645719,0.028731635192064765,-0.022987601314392425
without_classifier,True,600,0.6,0.59,0.051576182168112904,0.029896544123621423,-0.02167963804449148
without_classifier,True,600,0.6,0.595,0.05128993677137865,0.029130405077946,-0.02215953169343265
without_classifier,True,600,0.6,0.6,0.0510036913746444,0.028364266032270585,-0.022639425342373818
without_classifier,True,600,0.6,0.605,0.050990883878281844,0.029665942400279165,-0.02132494147800268
without_classifier,True,600,0.6,0.61,0.05097807638191929,0.03096761876828774,-0.02001045761363155
without_classifier,True,600,0.6,0.615,0.049565209417438985,0.028992309369496067,-0.02057290004794292
without_classifier,True,600,0.6,0.62,0.0481523424529587,0.027016999970704385,-0.021135342482254314
without_classifier,True,600,0.6,0.625,0.04866551693485235,0.027525877644438878,-0.02113963929041347
without_classifier,True,600,0.6,0.63,0.04917869141674601,0.02803475531817336,-0.02114393609857265
without_classifier,True,600,0.6,0.635,0.04859043514157141,0.028258036410212906,-0.020332398731358503
without_classifier,True,600,0.6,0.64,0.04800217886639682,0.02848131750225245,-0.01952086136414437
without_classifier,True,600,0.6,0.645,0.047996411303708256,0.028201718920997033,-0.019794692382711223
without_classifier,True,600,0.6,0.65,0.04799064374101969,0.02792212033974162,-0.02006852340127807
without_classifier,True,600,0.6,0.655,0.04835175351021462,0.027272169935410297,-0.02107958357480432
without_classifier,True,600,0.6,0.66,0.048712863279409546,0.02662221953107898,-0.022090643748330568
without_classifier,True,600,0.6,0.665,0.048397979929553296,0.027345565128416637,-0.02105241480113666
without_classifier,True,600,0.6,0.67,0.04808309657969706,0.028068910725754292,-0.020014185853942768
without_classifier,True,600,0.6,0.675,0.04800331895026223,0.028033855128014696,-0.019969463822247537
without_classifier,True,600,0.6,0.68,0.0479235413208274,0.027998799530275086,-0.019924741790552314
without_classifier,True,600,0.6,0.685,0.047855740944190386,0.02793756496132118,-0.019918175982869206
without_classifier,True,600,0.6,0.6900000000000001,0.047787940567553325,0.0278763303923673,-0.019911610175186025
without_classifier,True,600,0.6,0.6950000000000001,0.04657227805000727,0.02861511181588868,-0.01795716623411859
without_classifier,True,600,0.6,0.7000000000000001,0.04535661553246124,0.029353893239410057,-0.01600272229305118
without_classifier,True,600,0.6,0.705,0.045552447284086764,0.029543033072016743,-0.01600941421207002
without_classifier,True,600,0.6,0.71,0.04574827903571228,0.02973217290462344,-0.016016106131088843
without_classifier,True,600,0.6,0.715,0.045305816597125764,0.028567814026609996,-0.01673800257051577
without_classifier,True,600,0.6,0.72,0.044863354158539245,0.027403455148596545,-0.0174598990099427
without_classifier,True,600,0.6,0.725,0.045156322786485056,0.029181489350424576,-0.01597483343606048
without_classifier,True,600,0.6,0.73,0.04544929141443087,0.0309595235522526,-0.014489767862178267
without_classifier,True,600,0.6,0.735,0.04433063519959736,0.029905254705323993,-0.014425380494273367
without_classifier,True,600,0.6,0.74,0.04321197898476385,0.02885098585839539,-0.014360993126368463
without_classifier,True,600,0.6,0.745,0.043762132599610294,0.02772952265181326,-0.016032609947797035
without_classifier,True,600,0.6,0.75,0.04431228621445673,0.026608059445231147,-0.017704226769225583
without_classifier,True,600,0.6,0.755,0.04372736981473281,0.02633456321605384,-0.01739280659867897
without_classifier,True,600,0.6,0.76,0.043142453415008886,0.02606106698687654,-0.017081386428132346
without_classifier,True,600,0.6,0.765,0.04342860276427625,0.026798724904777676,-0.016629877859498574
without_classifier,True,600,0.6,0.77,0.04371475211354361,0.027536382822678812,-0.016178369290864796
without_classifier,True,600,0.6,0.775,0.04383163178337175,0.028550600254263064,-0.015281031529108688
without_classifier,True,600,0.6,0.78,0.043948511453199904,0.029564817685847324,-0.01438369376735258
without_classifier,True,600,0.6,0.785,0.04398411706487725,0.02925500916676052,-0.014729107898116732
without_classifier,True,600,0.6,0.79,0.044019722676554615,0.028945200647673724,-0.01507452202888089
without_classifier,True,600,0.6,0.795,0.04362529284861617,0.02829480000245288,-0.015330492846163293
without_classifier,True,600,0.6,0.8,0.04323086302067774,0.02764439935723203,-0.01558646366344571
without_classifier,True,600,0.6,0.805,0.04415660634809078,0.028207424872938043,-0.015949181475152736
without_classifier,True,600,0.6,0.81,0.04508234967550379,0.028770450388644047,-0.016311899286859746
without_classifier,True,600,0.6,0.8150000000000001,0.04330054103079115,0.028759482627210668,-0.014541058403580484
without_classifier,True,600,0.6,0.8200000000000001,0.041518732386078526,0.028748514865777286,-0.01277021752030124
without_classifier,True,600,0.6,0.8250000000000001,0.04128777486483158,0.02773118162205111,-0.013556593242780472
without_classifier,True,600,0.6,0.8300000000000001,0.04105681734358463,0.02671384837832496,-0.014342968965259668
without_classifier,True,600,0.6,0.835,0.040175586070108696,0.027005616650155086,-0.01316996941995361
without_classifier,True,600,0.6,0.84,0.03929435479663273,0.02729738492198521,-0.011996969874647517
without_classifier,True,600,0.6,0.845,0.04014027218361055,0.02762618161677286,-0.012514090566837686
without_classifier,True,600,0.6,0.85,0.040986189570588374,0.027954978311560498,-0.013031211259027876
without_classifier,True,600,0.6,0.855,0.041127593849887484,0.026928149818825957,-0.014199444031061527
without_classifier,True,600,0.6,0.86,0.04126899812918661,0.02590132132609142,-0.015367676803095188
without_classifier,True,600,0.6,0.865,0.041837190340981274,0.02638366460048322,-0.015453525740498054
without_classifier,True,600,0.6,0.87,0.04240538255277594,0.02686600787487502,-0.015539374677900921
without_classifier,True,600,0.6,0.875,0.04209739260489489,0.026594210305459765,-0.015503182299435123
without_classifier,True,600,0.6,0.88,0.04178940265701385,0.026322412736044493,-0.015466989920969357
without_classifier,True,600,0.6,0.885,0.04187155859549724,0.027811463776985568,-0.01406009481851167
without_classifier,True,600,0.6,0.89,0.04195371453398063,0.02930051481792665,-0.012653199716053977
without_classifier,True,600,0.6,0.895,0.0417899469906115,0.028040167464957143,-0.013749779525654354
without_classifier,True,600,0.6,0.9,0.04162617944724236,0.026779820111987644,-0.014846359335254716
without_classifier,True,600,0.6,0.905,0.04158155402522728,0.026927940251771358,-0.01465361377345592
without_classifier,True,600,0.6,0.91,0.04153692860321219,0.02707606039155508,-0.01446086821165711
without_classifier,True,600,0.6,0.915,0.04204054488344506,0.02740652275669466,-0.014634022126750398
without_classifier,True,600,0.6,0.92,0.04254416116367793,0.027736985121834246,-0.014807176041843683
without_classifier,True,600,0.6,0.925,0.0421713562810813,0.02781907936909799,-0.014352276911983309
without_classifier,True,600,0.6,0.93,0.041798551398484665,0.02790117361636173,-0.013897377782122935
without_classifier,True,600,0.6,0.935,0.04198419492398293,0.02809191633222023,-0.013892278591762699
without_classifier,True,600,0.6,0.9400000000000001,0.04216983844948114,0.02828265904807874,-0.0138871794014024
without_classifier,True,600,0.6,0.9450000000000001,0.04065581053524507,0.028304804261982407,-0.012351006273262664
without_classifier,True,600,0.6,0.9500000000000001,0.03914178262100903,0.028326949475886064,-0.010814833145122965
without_classifier,True,600,0.6,0.9550000000000001,0.03860371608071241,0.028297784778211883,-0.010305931302500529
without_classifier,True,600,0.6,0.96,0.038065649540415816,0.028268620080537703,-0.009797029459878114
without_classifier,True,600,0.6,0.965,0.03905236307754724,0.028230569158428503,-0.010821793919118736
without_classifier,True,600,0.6,0.97,0.04003907661467868,0.028192518236319297,-0.011846558378359386
without_classifier,True,600,0.6,0.975,0.040115253233331406,0.028663783143420007,-0.0114514700899114
without_classifier,True,600,0.6,0.98,0.04019142985198414,0.029135048050520713,-0.011056381801463424
without_classifier,True,600,0.6,0.985,0.039808089717989784,0.029121591849604257,-0.010686497868385526
without_classifier,True,600,0.6,0.99,0.03942474958399543,0.029108135648687798,-0.010316613935307632
without_classifier,True,600,0.6,0.995,0.03941849490877454,0.02823580289680346,-0.011182692011971081
without_classifier,True,600,0.6,1.0,0.039412240233553664,0.027363470144919116,-0.012048770088634548
without_classifier,True,800,0.8,0.0,1.0,1.0,0.0
without_classifier,True,800,0.8,0.005,0.5434010004795224,0.5200865185113555,-0.02331448196816699
without_classifier,True,800,0.8,0.01,0.08680200095904486,0.040173037022711175,-0.04662896393633369
without_classifier,True,800,0.8,0.015,0.07616307736997743,0.035569416647219146,-0.04059366072275829
without_classifier,True,800,0.8,0.02,0.06552415378091005,0.03096579627172711,-0.03455835750918294
without_classifier,True,800,0.8,0.025,0.05959463097324867,0.029956709756006606,-0.029637921217242066
without_classifier,True,800,0.8,0.03,0.0536651081655873,0.028947623240286095,-0.0247174849253012
without_classifier,True,800,0.8,0.035,0.04954142499426476,0.028645318774700473,-0.020896106219564288
without_classifier,True,800,0.8,0.04,0.04541774182294224,0.028343014309114855,-0.017074727513827385
without_classifier,True,800,0.8,0.045,0.04445192780544555,0.026972086255045723,-0.01747984155039983
without_classifier,True,800,0.8,0.05,0.04348611378794885,0.0256011582009766,-0.017884955586972253
without_classifier,True,800,0.8,0.055,0.0415552650125998,0.02555495484901864,-0.016000310163581156
without_classifier,True,800,0.8,0.06,0.03962441623725075,0.025508751497060684,-0.014115664740190065
without_classifier,True,800,0.8,0.065,0.03827533593396462,0.0256718050740407,-0.012603530859923922
without_classifier,True,800,0.8,0.07,0.0369262556306785,0.02583485865102072,-0.011091396979657782
without_classifier,True,800,0.8,0.075,0.035022850210807525,0.024451085908682824,-0.010571764302124701
without_classifier,True,800,0.8,0.08,0.03311944479093655,0.02306731316634493,-0.01005213162459162
without_classifier,True,800,0.8,0.085,0.03305201839665339,0.02295915272969675,-0.010092865666956642
without_classifier,True,800,0.8,0.09,0.03298459200237022,0.022850992293048572,-0.01013359970932165
without_classifier,True,800,0.8,0.095,0.03376312511797248,0.02384288014230454,-0.009920244975667937
without_classifier,True,800,0.8,0.1,0.03454165823357471,0.02483476799156052,-0.009706890242014193
without_classifier,True,800,0.8,0.105,0.03359762474510111,0.023822542328513614,-0.009775082416587498
without_classifier,True,800,0.8,0.11,0.0326535912566275,0.022810316665466724,-0.009843274591160776
without_classifier,True,800,0.8,0.115,0.03416228400346881,0.022139319087388386,-0.012022964916080424
without_classifier,True,800,0.8,0.12,0.03567097675031012,0.021468321509310044,-0.014202655241000076
without_classifier,True,800,0.8,0.125,0.03461397523460618,0.021747418721861318,-0.012866556512744862
without_classifier,True,800,0.8,0.13,0.033556973718902254,0.022026515934412606,-0.011530457784489648
without_classifier,True,800,0.8,0.135,0.03138462366482903,0.022012929329236312,-0.00937169433559272
without_classifier,True,800,0.8,0.14,0.0292122736107558,0.021999342724060022,-0.007212930886695779
without_classifier,True,800,0.8,0.145,0.029889699043924346,0.021838908763408355,-0.008050790280515991
without_classifier,True,800,0.8,0.15,0.030567124477092873,0.021678474802756687,-0.008888649674336186
without_classifier,True,800,0.8,0.155,0.03026868539031663,0.022099053730732218,-0.008169631659584412
without_classifier,True,800,0.8,0.16,0.029970246303540376,0.022519632658707753,-0.007450613644832623
without_classifier,True,800,0.8,0.165,0.02974578815564503,0.021491669330716834,-0.008254118824928196
without_classifier,True,800,0.8,0.17,0.02952133000774969,0.020463706002725908,-0.009057624005023784
without_classifier,True,800,0.8,0.17500000000000002,0.030564530176610177,0.02169815535792926,-0.008866374818680918
without_classifier,True,800,0.8,0.18,0.03160773034547067,0.022932604713132604,-0.00867512563233807
without_classifier,True,800,0.8,0.185,0.030314290073899124,0.022744684326074398,-0.007569605747824726
without_classifier,True,800,0.8,0.19,0.02902084980232757,0.022556763939016185,-0.0064640858633113855
without_classifier,True,800,0.8,0.195,0.028801722472829472,0.021823180365342226,-0.006978542107487246
without_classifier,True,800,0.8,0.2,0.028582595143331373,0.021089596791668257,-0.007492998351663116
without_classifier,True,800,0.8,0.20500000000000002,0.027785210184859653,0.020569003143003407,-0.007216207041856246
without_classifier,True,800,0.8,0.21,0.02698782522638794,0.02004840949433856,-0.00693941573204938
without_classifier,True,800,0.8,0.215,0.027456881523782305,0.021180932888552585,-0.0062759486352297195
without_classifier,True,800,0.8,0.22,0.027925937821176684,0.022313456282766618,-0.0056124815384100656
without_classifier,True,800,0.8,0.225,0.027462921385182804,0.022585454615327762,-0.004877466769855041
without_classifier,True,800,0.8,0.23,0.02699990494918893,0.022857452947888914,-0.004142452001300017
without_classifier,True,800,0.8,0.23500000000000001,0.02652648719558783,0.022611433457229088,-0.00391505373835874
without_classifier,True,800,0.8,0.24,0.026053069441986744,0.022365413966569273,-0.0036876554754174708
without_classifier,True,800,0.8,0.245,0.02758143026616987,0.023054382274422094,-0.004527047991747777
without_classifier,True,800,0.8,0.25,0.029109791090353006,0.02374335058227492,-0.005366440508078087
without_classifier,True,800,0.8,0.255,0.02865058998586998,0.023066809424417446,-0.005583780561452534
without_classifier,True,800,0.8,0.26,0.028191388881386954,0.02239026826655996,-0.005801120614826995
without_classifier,True,800,0.8,0.265,0.028361569889918132,0.02206455425837097,-0.006297015631547161
without_classifier,True,800,0.8,0.27,0.02853175089844929,0.021738840250181964,-0.0067929106482673245
without_classifier,True,800,0.8,0.275,0.027958092903742605,0.02219617637868699,-0.005761916525055616
without_classifier,True,800,0.8,0.28,0.027384434909035922,0.022653512507192018,-0.004730922401843904
without_classifier,True,800,0.8,0.28500000000000003,0.02559902879916383,0.022282040561258327,-0.003316988237905504
without_classifier,True,800,0.8,0.29,0.023813622689291755,0.021910568615324644,-0.0019030540739671115
without_classifier,True,800,0.8,0.295,0.02381794192301944,0.02120663028474761,-0.0026113116382718293
without_classifier,True,800,0.8,0.3,0.02382226115674712,0.020502691954170586,-0.0033195692025765333
without_classifier,True,800,0.8,0.305,0.02536086473618828,0.021016093522072572,-0.0043447712141157085
without_classifier,True,800,0.8,0.31,0.026899468315629442,0.02152949508997457,-0.005369973225654873
without_classifier,True,800,0.8,0.315,0.025286812728494014,0.02199805460067485,-0.0032887581278191642
without_classifier,True,800,0.8,0.32,0.02367415714135859,0.02246661411137514,-0.0012075430299834482
without_classifier,True,800,0.8,0.325,0.023774808233380705,0.02223505249601052,-0.001539755737370186
without_classifier,True,800,0.8,0.33,0.023875459325402824,0.022003490880645887,-0.0018719684447569378
without_classifier,True,800,0.8,0.335,0.02404490401211661,0.022143448280330626,-0.0019014557317859823
without_classifier,True,800,0.8,0.34,0.024214348698830386,0.022283405680015377,-0.0019309430188150095
without_classifier,True,800,0.8,0.34500000000000003,0.025689650966693695,0.022995816320690216,-0.002693834646003479
without_classifier,True,800,0.8,0.35000000000000003,0.027164953234556977,0.023708226961365046,-0.003456726273191931
without_classifier,True,800,0.8,0.355,0.026131456108220548,0.023182891444436485,-0.002948564663784063
without_classifier,True,800,0.8,0.36,0.0250979589818841,0.022657555927507927,-0.002440403054376171
without_classifier,True,800,0.8,0.365,0.02586205217627139,0.022220277100192715,-0.0036417750760786745
without_classifier,True,800,0.8,0.37,0.02662614537065868,0.0217829982728775,-0.0048431470977811815
without_classifier,True,800,0.8,0.375,0.027333421718661467,0.021962404839238538,-0.00537101687942293
without_classifier,True,800,0.8,0.38,0.028040698066664243,0.022141811405599583,-0.00589888666106466
without_classifier,True,800,0.8,0.385,0.027155724196539565,0.023148648804296196,-0.0040070753922433686
without_classifier,True,800,0.8,0.39,0.026270750326414898,0.02415548620299281,-0.002115264123422087
without_classifier,True,800,0.8,0.395,0.026628312151588042,0.023753784967896836,-0.0028745271836912063
without_classifier,True,800,0.8,0.4,0.02698587397676116,0.02335208373280087,-0.0036337902439602873
without_classifier,True,800,0.8,0.405,0.02579085975184473,0.022853474386756716,-0.002937385365088016
without_classifier,True,800,0.8,0.41000000000000003,0.024595845526928305,0.02235486504071256,-0.002240980486215745
without_classifier,True,800,0.8,0.41500000000000004,0.023801326455747278,0.02204865174184912,-0.0017526747138981585
without_classifier,True,800,0.8,0.42,0.02300680738456625,0.021742438442985682,-0.0012643689415805688
without_classifier,True,800,0.8,0.425,0.023137115706364664,0.02108665921625895,-0.0020504564901057155
without_classifier,True,800,0.8,0.43,0.02326742402816308,0.02043087998953221,-0.0028365440386308727
without_classifier,True,800,0.8,0.435,0.02430936751859311,0.02115591823470216,-0.0031534492838909516
without_classifier,True,800,0.8,0.44,0.02535131100902314,0.02188095647987211,-0.0034703545291510304
without_classifier,True,800,0.8,0.445,0.02511227599487028,0.02239167896485014,-0.002720597030020141
without_classifier,True,800,0.8,0.45,0.024873240980717432,0.022902401449828174,-0.001970839530889258
without_classifier,True,800,0.8,0.455,0.024967357080434644,0.02260976600307913,-0.0023575910773555135
without_classifier,True,800,0.8,0.46,0.02506147318015186,0.022317130556330084,-0.002744342623821776
without_classifier,True,800,0.8,0.465,0.02382468888560348,0.02175981886238635,-0.0020648700232171295
without_classifier,True,800,0.8,0.47000000000000003,0.022587904591055107,0.021202507168442637,-0.0013853974226124693
without_classifier,True,800,0.8,0.47500000000000003,0.021526992378057906,0.021960451029153786,0.00043345865109587975
without_classifier,True,800,0.8,0.48,0.0204660801650607,0.022718394889864914,0.002252314724804215
without_classifier,True,800,0.8,0.485,0.021643512746231865,0.02223347255981935,0.0005899598135874866
without_classifier,True,800,0.8,0.49,0.022820945327403024,0.021748550229773782,-0.0010723950976292418
without_classifier,True,800,0.8,0.495,0.024308863218272254,0.02182840833338559,-0.002480454884886664
without_classifier,True,800,0.8,0.5,0.0257967811091415,0.021908266436997417,-0.0038885146721440826
without_classifier,True,800,0.8,0.505,0.02420142508281667,0.022144003909452294,-0.002057421173364375
without_classifier,True,800,0.8,0.51,0.022606069056491835,0.022379741381907174,-0.00022632767458466083
without_classifier,True,800,0.8,0.515,0.022317496332883206,0.023074031991333562,0.0007565356584503559
without_classifier,True,800,0.8,0.52,0.02202892360927459,0.023768322600759957,0.0017393989914853657
without_classifier,True,800,0.8,0.525,0.02263291620028516,0.022768960729954414,0.00013604452966925473
without_classifier,True,800,0.8,0.53,0.023236908791295717,0.021769598859148878,-0.0014673099321468389
without_classifier,True,800,0.8,0.535,0.02341103409715288,0.02245096008475229,-0.0009600740124005892
without_classifier,True,800,0.8,0.54,0.02358515940301004,0.023132321310355718,-0.00045283809265432226
without_classifier,True,800,0.8,0.545,0.023469393230067605,0.022101517477834325,-0.0013678757522332802
without_classifier,True,800,0.8,0.55,0.023353627057125168,0.021070713645312933,-0.0022829134118122346
without_classifier,True,800,0.8,0.555,0.02306898725505259,0.02136707360048604,-0.0017019136545665496
without_classifier,True,800,0.8,0.56,0.022784347452980004,0.02166343355565914,-0.0011209138973208646
without_classifier,True,800,0.8,0.5650000000000001,0.022300748557633285,0.022078763101380912,-0.00022198545625237362
without_classifier,True,800,0.8,0.5700000000000001,0.02181714966228657,0.02249409264710264,0.0006769429848160688
without_classifier,True,800,0.8,0.5750000000000001,0.02117359256798711,0.02174986126203292,0.0005762686940458082
without_classifier,True,800,0.8,0.58,0.020530035473687654,0.021005629876963212,0.0004755944032755581
without_classifier,True,800,0.8,0.585,0.019920067520167017,0.02192588070040074,0.0020058131802337224
without_classifier,True,800,0.8,0.59,0.019310099566646387,0.02284613152383827,0.0035360319571918833
without_classifier,True,800,0.8,0.595,0.020913885121287123,0.0219639198952306,0.001050034773943477
without_classifier,True,800,0.8,0.6,0.022517670675927852,0.021081708266622923,-0.0014359624093049292
without_classifier,True,800,0.8,0.605,0.022383035710518015,0.021782670515676724,-0.0006003651948412909
without_classifier,True,800,0.8,0.61,0.022248400745108178,0.022483632764730525,0.0002352320196223473
without_classifier,True,800,0.8,0.615,0.020787080088800095,0.021580983124416284,0.0007939030356161891
without_classifier,True,800,0.8,0.62,0.019325759432492005,0.02067833348410204,0.0013525740516100344
without_classifier,True,800,0.8,0.625,0.019565436873551036,0.022285612285874473,0.0027201754123234376
without_classifier,True,800,0.8,0.63,0.01980511431461006,0.02389289108764691,0.004087776773036851
without_classifier,True,800,0.8,0.635,0.021069318812005803,0.022777798741299198,0.0017084799292933946
without_classifier,True,800,0.8,0.64,0.022333523309401547,0.02166270639495148,-0.0006708169144500654
without_classifier,True,800,0.8,0.645,0.022042016669680982,0.02140674678465681,-0.0006352698850241728
without_classifier,True,800,0.8,0.65,0.021750510029960424,0.021150787174362147,-0.0005997228555982767
without_classifier,True,800,0.8,0.655,0.02198786068605841,0.021753323294857786,-0.00023453739120062392
without_classifier,True,800,0.8,0.66,0.0222252113421564,0.02235585941535343,0.00013064807319703234
without_classifier,True,800,0.8,0.665,0.021749746795988657,0.023151748982854766,0.0014020021868661088
without_classifier,True,800,0.8,0.67,0.021274282249820926,0.02394763855035611,0.0026733563005351853
without_classifier,True,800,0.8,0.675,0.020961536359160773,0.02222067747080776,0.0012591411116469851
without_classifier,True,800,0.8,0.68,0.020648790468500617,0.020493716391259416,-0.00015507407724120112
without_classifier,True,800,0.8,0.685,0.022327186876815803,0.02238149438334709,5.430750653128563e-05
without_classifier,True,800,0.8,0.6900000000000001,0.02400558328513092,0.024269272375434685,0.00026368909030376544
without_classifier,True,800,0.8,0.6950000000000001,0.02249548082631611,0.023071054851728428,0.0005755740254123169
without_classifier,True,800,0.8,0.7000000000000001,0.020985378367501376,0.02187283732802219,0.0008874589605208129
without_classifier,True,800,0.8,0.705,0.02200848424003198,0.021845762891268047,-0.00016272134876393202
without_classifier,True,800,0.8,0.71,0.0230315901125626,0.021818688454513898,-0.0012129016580487012
without_classifier,True,800,0.8,0.715,0.022535038448040723,0.021348911861762947,-0.0011861265862777755
without_classifier,True,800,0.8,0.72,0.022038486783518843,0.020879135269011993,-0.0011593515145068498
without_classifier,True,800,0.8,0.725,0.021122927426113165,0.022717663002137362,0.001594735576024197
without_classifier,True,800,0.8,0.73,0.020207368068707484,0.02455619073526274,0.004348822666555258
without_classifier,True,800,0.8,0.735,0.021419939861831758,0.02352039072706248,0.0021004508652307206
without_classifier,True,800,0.8,0.74,0.02263251165495603,0.022484590718862215,-0.00014792093609381635
without_classifier,True,800,0.8,0.745,0.021620465994128608,0.02221640577847817,0.0005959397843495612
without_classifier,True,800,0.8,0.75,0.020608420333301188,0.02194822083809413,0.0013398005047929422
without_classifier,True,800,0.8,0.755,0.02025934286810904,0.02127947670737437,0.0010201338392653303
without_classifier,True,800,0.8,0.76,0.019910265402916898,0.020610732576654606,0.000700467173737708
without_classifier,True,800,0.8,0.765,0.020125750043443982,0.0203692301192253,0.00024348007578131603
without_classifier,True,800,0.8,0.77,0.020341234683971074,0.02012772766179599,-0.00021350702217508288
without_classifier,True,800,0.8,0.775,0.020475742637693962,0.020745709732073004,0.0002699670943790422
without_classifier,True,800,0.8,0.78,0.02061025059141684,0.021363691802350027,0.0007534412109331881
without_classifier,True,800,0.8,0.785,0.021140540973962438,0.021680169103589535,0.0005396281296270976
without_classifier,True,800,0.8,0.79,0.021670831356508036,0.021996646404829033,0.00032581504832099664
without_classifier,True,800,0.8,0.795,0.020837131724159314,0.02173283842976768,0.0008957067056083665
without_classifier,True,800,0.8,0.8,0.02000343209181059,0.02146903045470632,0.0014655983628957328
without_classifier,True,800,0.8,0.805,0.019913776563286474,0.02140389184993789,0.0014901152866514146
without_classifier,True,800,0.8,0.81,0.01982412103476236,0.02133875324516945,0.0015146322104070895
without_classifier,True,800,0.8,0.8150000000000001,0.020963715085199522,0.021467790094344918,0.0005040750091453959
without_classifier,True,800,0.8,0.8200000000000001,0.022103309135636656,0.021596826943520383,-0.0005064821921162733
without_classifier,True,800,0.8,0.8250000000000001,0.02168942961508339,0.021577373638380474,-0.00011205597670291625
without_classifier,True,800,0.8,0.8300000000000001,0.02127555009453016,0.02155792033324058,0.00028237023871042
without_classifier,True,800,0.8,0.835,0.021983211278396385,0.022036794928984214,5.3583650587829545e-05
without_classifier,True,800,0.8,0.84,0.022690872462262632,0.022515669524727853,-0.00017520293753477828
without_classifier,True,800,0.8,0.845,0.021265372625299882,0.023150552015625485,0.0018851793903256024
without_classifier,True,800,0.8,0.85,0.019839872788337137,0.023785434506523116,0.00394556171818598
without_classifier,True,800,0.8,0.855,0.01977663136070381,0.021947761013385993,0.0021711296526821834
without_classifier,True,800,0.8,0.86,0.019713389933070483,0.020110087520248877,0.0003966975871783941
without_classifier,True,800,0.8,0.865,0.021107136738282857,0.02172844157127353,0.0006213048329906726
without_classifier,True,800,0.8,0.87,0.02250088354349524,0.02334679562229819,0.0008459120788029476
without_classifier,True,800,0.8,0.875,0.022905087576206525,0.021547287155553933,-0.001357800420652592
without_classifier,True,800,0.8,0.88,0.023309291608917797,0.019747778688809677,-0.003561512920108121
without_classifier,True,800,0.8,0.885,0.0228263902965773,0.021133647650276543,-0.0016927426463007565
without_classifier,True,800,0.8,0.89,0.022343488984236805,0.022519516611743413,0.00017602762750660791
without_classifier,True,800,0.8,0.895,0.020995470787893284,0.022095861745644162,0.0011003909577508783
without_classifier,True,800,0.8,0.9,0.01964745259154976,0.02167220687954493,0.0020247542879951695
without_classifier,True,800,0.8,0.905,0.021583603637821698,0.022134496309202705,0.0005508926713810071
without_classifier,True,800,0.8,0.91,0.02351975468409364,0.02259678573886049,-0.0009229689452331484
without_classifier,True,800,0.8,0.915,0.02299353460613929,0.021331133887385178,-0.0016624007187541132
without_classifier,True,800,0.8,0.92,0.022467314528184946,0.020065482035909854,-0.002401832492275092
without_classifier,True,800,0.8,0.925,0.021127442383706996,0.020739244498872718,-0.0003881978848342786
without_classifier,True,800,0.8,0.93,0.01978757023922905,0.02141300696183558,0.001625436722606531
without_classifier,True,800,0.8,0.935,0.02113874772631487,0.022084768534441544,0.0009460208081266755
without_classifier,True,800,0.8,0.9400000000000001,0.02248992521340064,0.022756530107047472,0.00026660489364683376
without_classifier,True,800,0.8,0.9450000000000001,0.021412494086277222,0.02201633667950468,0.000603842593227457
without_classifier,True,800,0.8,0.9500000000000001,0.02033506295915383,0.021276143251961938,0.000941080292808108
without_classifier,True,800,0.8,0.9550000000000001,0.020637028741742457,0.02256806260732752,0.001931033865585064
without_classifier,True,800,0.8,0.96,0.020938994524331067,0.023859981962693077,0.0029209874383620098
without_classifier,True,800,0.8,0.965,0.02103906594051902,0.021701133187307278,0.0006620672467882588
without_classifier,True,800,0.8,0.97,0.021139137356706972,0.019542284411921473,-0.0015968529447854991
without_classifier,True,800,0.8,0.975,0.022068569002755493,0.02032009687674872,-0.001748472126006772
without_classifier,True,800,0.8,0.98,0.022998000648804015,0.021097909341575967,-0.0019000913072280481
without_classifier,True,800,0.8,0.985,0.022020178946295346,0.021895192141698012,-0.00012498680459733374
without_classifier,True,800,0.8,0.99,0.021042357243786683,0.022692474941820064,0.0016501176980333807
without_classifier,True,800,0.8,0.995,0.021310328424103013,0.021316385310977546,6.056886874532957e-06
without_classifier,True,800,0.8,1.0,0.02157829960441935,0.01994029568013502,-0.0016380039242843286
without_classifier,True,999,0.999,0.0,1.0,1.0,0.0
without_classifier,True,999,0.999,0.005,0.5143091027657889,0.5106742919966443,-0.003634810769144625
without_classifier,True,999,0.999,0.01,0.02861820553157789,0.021348583993288532,-0.007269621538289358
without_classifier,True,999,0.999,0.015,0.026575931325157093,0.02188767639017897,-0.004688254934978122
without_classifier,True,999,0.999,0.02,0.024533657118736302,0.0224267687870694,-0.0021068883316669035
without_classifier,True,999,0.999,0.025,0.020744940387036576,0.0215004924958824,0.0007555521088458243
without_classifier,True,999,0.999,0.03,0.01695622365533685,0.0205742162046954,0.0036179925493585487
without_classifier,True,999,0.999,0.035,0.01632410317557515,0.020128110256579627,0.0038040070810044756
without_classifier,True,999,0.999,0.04,0.01569198269581345,0.019682004308463855,0.003990021612650406
without_classifier,True,999,0.999,0.045,0.018145310434774724,0.020287948545252826,0.002142638110478101
without_classifier,True,999,0.999,0.05,0.02059863817373601,0.020893892782041797,0.00029525460830578595
without_classifier,True,999,0.999,0.055,0.02042685090447776,0.021243532228788047,0.0008166813243102866
without_classifier,True,999,0.999,0.06,0.02025506363521951,0.021593171675534296,0.0013381080403147873
without_classifier,True,999,0.999,0.065,0.020292383768149496,0.022429979456549818,0.002137595688400322
without_classifier,True,999,0.999,0.07,0.020329703901079486,0.02326678723756534,0.002937083336485853
without_classifier,True,999,0.999,0.075,0.019344729048704417,0.022249513604571503,0.0029047845558670855
without_classifier,True,999,0.999,0.08,0.018359754196329355,0.02123223997157766,0.002872485775248304
without_classifier,True,999,0.999,0.085,0.02010250934690703,0.02151394714664396,0.001411437799736931
without_classifier,True,999,0.999,0.09,0.021845264497484702,0.02179565432171027,-4.961017577443175e-05
without_classifier,True,999,0.999,0.095,0.020604507917984544,0.022833189981853748,0.0022286820638692043
without_classifier,True,999,0.999,0.1,0.01936375133848439,0.023870725641997218,0.00450697430351283
without_classifier,True,999,0.999,0.105,0.018998769437215134,0.021436830831128954,0.00243806139391382
without_classifier,True,999,0.999,0.11,0.018633787535945884,0.01900293602026068,0.0003691484843147963
without_classifier,True,999,0.999,0.115,0.018437537975745117,0.02097109791980378,0.0025335599440586623
without_classifier,True,999,0.999,0.12,0.018241288415544354,0.022939259819346868,0.0046979714038025144
without_classifier,True,999,0.999,0.125,0.018651290627118823,0.023076410074475764,0.004425119447356941
without_classifier,True,999,0.999,0.13,0.01906129283869329,0.023213560329604664,0.004152267490911375
without_classifier,True,999,0.999,0.135,0.020690537042391953,0.023119786687821033,0.0024292496454290796
without_classifier,True,999,0.999,0.14,0.02231978124609062,0.023026013046037404,0.000706231799946784
without_classifier,True,999,0.999,0.145,0.021265623732566994,0.022888769384978032,0.0016231456524110378
without_classifier,True,999,0.999,0.15,0.020211466219043354,0.02275152572391865,0.002540059504875295
without_classifier,True,999,0.999,0.155,0.020345156550368605,0.021832474559487308,0.0014873180091187037
without_classifier,True,999,0.999,0.16,0.02047884688169385,0.020913423395055964,0.0004345765133621157
without_classifier,True,999,0.999,0.165,0.02335789079263729,0.022524270621943284,-0.0008336201706940043
without_classifier,True,999,0.999,0.17,0.02623693470358073,0.024135117848830608,-0.002101816854750121
without_classifier,True,999,0.999,0.17500000000000002,0.02516517028649105,0.022853916369931535,-0.002311253916559515
without_classifier,True,999,0.999,0.18,0.02409340586940137,0.02157271489103247,-0.002520690978368899
without_classifier,True,999,0.999,0.185,0.02197646256594453,0.022403438471325594,0.00042697590538106484
without_classifier,True,999,0.999,0.19,0.01985951926248769,0.02323416205161872,0.0033746427891310285
without_classifier,True,999,0.999,0.195,0.022042565147955127,0.021447725227141445,-0.000594839920813682
without_classifier,True,999,0.999,0.2,0.024225611033422564,0.019661288402664165,-0.0045643226307583995
without_classifier,True,999,0.999,0.20500000000000002,0.025009977778245228,0.020247777709252356,-0.004762200068992872
without_classifier,True,999,0.999,0.21,0.025794344523067902,0.020834267015840548,-0.004960077507227354
without_classifier,True,999,0.999,0.215,0.023839457164091676,0.021458305843552808,-0.0023811513205388678
without_classifier,True,999,0.999,0.22,0.021884569805115463,0.022082344671265065,0.00019777486614960121
without_classifier,True,999,0.999,0.225,0.021261478654851087,0.021730777086777377,0.0004692984319262898
without_classifier,True,999,0.999,0.23,0.02063838750458672,0.0213792095022897,0.0007408219977029784
without_classifier,True,999,0.999,0.23500000000000001,0.022459373715658638,0.02240358422878975,-5.578948686888602e-05
without_classifier,True,999,0.999,0.24,0.024280359926730555,0.023427958955289794,-0.0008524009714407609
without_classifier,True,999,0.999,0.245,0.022740843695792136,0.022082439096411687,-0.0006584045993804494
without_classifier,True,999,0.999,0.25,0.021201327464853724,0.020736919237533586,-0.0004644082273201379
without_classifier,True,999,0.999,0.255,0.01961623683232271,0.020686441406433005,0.0010702045741102957
without_classifier,True,999,0.999,0.26,0.018031146199791695,0.020635963575332428,0.0026048173755407328
without_classifier,True,999,0.999,0.265,0.018630927862347258,0.02113224098764476,0.002501313125297503
without_classifier,True,999,0.999,0.27,0.019230709524902825,0.0216285183999571,0.002397808875054277
without_classifier,True,999,0.999,0.275,0.023508579075811813,0.022198294457484738,-0.0013102846183270754
without_classifier,True,999,0.999,0.28,0.027786448626720816,0.022768070515012367,-0.0050183781117084485
without_classifier,True,999,0.999,0.28500000000000003,0.0220571906152084,0.022669643083839522,0.0006124524686311229
without_classifier,True,999,0.999,0.29,0.01632793260369605,0.022571215652666676,0.006243283048970625
without_classifier,True,999,0.999,0.295,0.015951615951198615,0.021464486343029422,0.005512870391830807
without_classifier,True,999,0.999,0.3,0.01557529929870119,0.02035775703339216,0.004782457734690972
without_classifier,True,999,0.999,0.305,0.018669215852229783,0.020589931942886327,0.0019207160906565442
without_classifier,True,999,0.999,0.31,0.021763132405758365,0.02082210685238048,-0.0009410255533778868
without_classifier,True,999,0.999,0.315,0.021971913391147003,0.022028042197901717,5.6128806754714156e-05
without_classifier,True,999,0.999,0.32,0.022180694376535637,0.02323397754342295,0.0010532831668873116
without_classifier,True,999,0.999,0.325,0.024170600191743382,0.02229049262231759,-0.0018801075694257936
without_classifier,True,999,0.999,0.33,0.026160506006951134,0.021347007701212235,-0.004813498305738899
without_classifier,True,999,0.999,0.335,0.021115013694604085,0.02019784158478918,-0.0009171721098149045
without_classifier,True,999,0.999,0.34,0.016069521382257028,0.019048675468366128,0.0029791540861091002
without_classifier,True,999,0.999,0.34500000000000003,0.019487474779840967,0.021358996721683083,0.0018715219418421157
without_classifier,True,999,0.999,0.35000000000000003,0.02290542817742487,0.023669317975,0.0007638897975751312
without_classifier,True,999,0.999,0.355,0.023659974358500525,0.022729848185748167,-0.0009301261727523574
without_classifier,True,999,0.999,0.36,0.024414520539576184,0.021790378396496335,-0.0026241421430798495
without_classifier,True,999,0.999,0.365,0.02227383560501039,0.02148940280341776,-0.0007844328015926307
without_classifier,True,999,0.999,0.37,0.020133150670444595,0.021188427210339186,0.0010552765398945917
without_classifier,True,999,0.999,0.375,0.0225546173931798,0.021097404115668416,-0.0014572132775113843
without_classifier,True,999,0.999,0.38,0.024976084115915,0.021006381020997656,-0.003969703094917343
without_classifier,True,999,0.999,0.385,0.023067666438679833,0.021025862090173174,-0.002041804348506659
without_classifier,True,999,0.999,0.39,0.021159248761444663,0.021045343159348705,-0.00011390560209595738
without_classifier,True,999,0.999,0.395,0.021591011517351336,0.022133451845147648,0.0005424403277963126
without_classifier,True,999,0.999,0.4,0.022022774273258012,0.023221560530946588,0.0011987862576885756
without_classifier,True,999,0.999,0.405,0.020134334105532604,0.022485921934324627,0.0023515878287920233
without_classifier,True,999,0.999,0.41000000000000003,0.01824589393780724,0.021750283337702667,0.003504389399895426
without_classifier,True,999,0.999,0.41500000000000004,0.02002932356937286,0.021894460757612248,0.0018651371882393887
without_classifier,True,999,0.999,0.42,0.02181275320093846,0.02203863817752184,0.00022588497658337925
without_classifier,True,999,0.999,0.425,0.02198621531021976,0.021946740557905287,-3.947475231447228e-05
without_classifier,True,999,0.999,0.43,0.022159677419501048,0.021854842938288738,-0.00030483448121230994
without_classifier,True,999,0.999,0.435,0.022535955843098546,0.021604205781137954,-0.0009317500619605915
without_classifier,True,999,0.999,0.44,0.022912234266696026,0.02135356862398718,-0.0015586656427088452
without_classifier,True,999,0.999,0.445,0.020540093209468372,0.021782861683896045,0.0012427684744276725
without_classifier,True,999,0.999,0.45,0.018167952152240707,0.022212154743804904,0.004044202591564197
without_classifier,True,999,0.999,0.455,0.019469711241254115,0.0220232044303945,0.0025534931891403843
without_classifier,True,999,0.999,0.46,0.020771470330267522,0.021834254116984083,0.0010627837867165611
without_classifier,True,999,0.999,0.465,0.020136791371745243,0.021400294708437288,0.001263503336692045
without_classifier,True,999,0.999,0.47000000000000003,0.01950211241322297,0.020966335299890494,0.0014642228866675218
without_classifier,True,999,0.999,0.47500000000000003,0.018808227684858132,0.021338070137329246,0.0025298424524711136
without_classifier,True,999,0.999,0.48,0.018114342956493296,0.021709804974768,0.0035954620182747053
without_classifier,True,999,0.999,0.485,0.023437389588507357,0.023504976482266404,6.758689375904736e-05
without_classifier,True,999,0.999,0.49,0.028760436220521414,0.025300147989764803,-0.0034602882307566106
without_classifier,True,999,0.999,0.495,0.02480418643526112,0.02377331519877771,-0.0010308712364834119
without_classifier,True,999,0.999,0.5,0.020847936650000815,0.022246482407790612,0.0013985457577897972
without_classifier,True,999,0.999,0.505,0.02219322029976562,0.023095982136486178,0.0009027618367205559
without_classifier,True,999,0.999,0.51,0.023538503949530422,0.023945481865181743,0.00040697791565132146
without_classifier,True,999,0.999,0.515,0.02479243268952511,0.022915059015649605,-0.0018773736738755056
without_classifier,True,999,0.999,0.52,0.026046361429519792,0.021884636166117466,-0.004161725263402326
without_classifier,True,999,0.999,0.525,0.023893449371486596,0.02184954586744425,-0.0020439035040423457
without_classifier,True,999,0.999,0.53,0.02174053731345339,0.02181445556877104,7.391825531765164e-05
without_classifier,True,999,0.999,0.535,0.021356165099859936,0.02137872583475352,2.2560734893584816e-05
without_classifier,True,999,0.999,0.54,0.020971792886266487,0.020942996100736008,-2.879678553047854e-05
without_classifier,True,999,0.999,0.545,0.0207694623421412,0.02075473188107329,-1.4730461067910539e-05
without_classifier,True,999,0.999,0.55,0.02056713179801591,0.02056646766141057,-6.641366053390663e-07
without_classifier,True,999,0.999,0.555,0.01789825916920866,0.01924908631471529,0.00135082714550663
without_classifier,True,999,0.999,0.56,0.015229386540401419,0.017931704968020008,0.0027023184276185885
without_classifier,True,999,0.999,0.5650000000000001,0.017242378236842368,0.020784681394676863,0.0035423031578344956
without_classifier,True,999,0.999,0.5700000000000001,0.01925536993328325,0.02363765782133363,0.004382287888050378
without_classifier,True,999,0.999,0.5750000000000001,0.01874722123485601,0.022429958951057996,0.003682737716201985
without_classifier,True,999,0.999,0.58,0.018239072536428768,0.021222260080782387,0.0029831875443536195
without_classifier,True,999,0.999,0.585,0.01955862045729494,0.02117075114646771,0.0016121306891727707
without_classifier,True,999,0.999,0.59,0.02087816837816111,0.021119242212153038,0.00024107383399192897
without_classifier,True,999,0.999,0.595,0.021630640016228424,0.02012057198138791,-0.0015100680348405157
without_classifier,True,999,0.999,0.6,0.022383111654295747,0.01912190175062278,-0.0032612099036729673
without_classifier,True,999,0.999,0.605,0.020301669401087567,0.01925864822071162,-0.0010430211803759484
without_classifier,True,999,0.999,0.61,0.018220227147879388,0.01939539469080046,0.0011751675429210705
without_classifier,True,999,0.999,0.615,0.020752629277364272,0.019857523401442454,-0.0008951058759218179
without_classifier,True,999,0.999,0.62,0.023285031406849156,0.02031965211208444,-0.0029653792947647167
without_classifier,True,999,0.999,0.625,0.023898216849241483,0.021730219785677032,-0.00216799706356445
without_classifier,True,999,0.999,0.63,0.02451140229163381,0.02314078745926964,-0.0013706148323641698
without_classifier,True,999,0.999,0.635,0.023481633076250244,0.023893695910810493,0.00041206283456024853
without_classifier,True,999,0.999,0.64,0.022451863860866676,0.024646604362351353,0.0021947405014846773
without_classifier,True,999,0.999,0.645,0.022742654761241286,0.02456120879588222,0.0018185540346409325
without_classifier,True,999,0.999,0.65,0.023033445661615894,0.024475813229413078,0.0014423675677971842
without_classifier,True,999,0.999,0.655,0.01951003880152712,0.023475974904868052,0.003965936103340933
without_classifier,True,999,0.999,0.66,0.015986631941438345,0.022476136580323023,0.006489504638884678
without_classifier,True,999,0.999,0.665,0.01925433297884107,0.02180932364819455,0.002554990669353479
without_classifier,True,999,0.999,0.67,0.0225220340162438,0.021142510716066074,-0.001379523300177727
without_classifier,True,999,0.999,0.675,0.021421259203343652,0.02114391081238864,-0.0002773483909550116
without_classifier,True,999,0.999,0.68,0.0203204843904435,0.021145310908711197,0.0008248265182676968
without_classifier,True,999,0.999,0.685,0.01950560295197646,0.020645729101767447,0.001140126149790987
without_classifier,True,999,0.999,0.6900000000000001,0.01869072151350951,0.0201461472948237,0.0014554257813141902
without_classifier,True,999,0.999,0.6950000000000001,0.021727429572007843,0.020021584680168118,-0.001705844891839725
without_classifier,True,999,0.999,0.7000000000000001,0.02476413763050604,0.019897022065512547,-0.004867115564993491
without_classifier,True,999,0.999,0.705,0.021872960424516353,0.02108272017498772,-0.0007902402495286315
without_classifier,True,999,0.999,0.71,0.018981783218526595,0.02226841828446292,0.0032866350659363254
without_classifier,True,999,0.999,0.715,0.01957862752431538,0.02128597726288717,0.001707349738571791
without_classifier,True,999,0.999,0.72,0.02017547183010417,0.020303536241311423,0.00012806441120725293
without_classifier,True,999,0.999,0.725,0.020948792256143253,0.022080480830724506,0.0011316885745812529
without_classifier,True,999,0.999,0.73,0.021722112682182344,0.023857425420137586,0.0021353127379552424
without_classifier,True,999,0.999,0.735,0.019664102083479525,0.024360279886216935,0.0046961778027374106
without_classifier,True,999,0.999,0.74,0.0176060914847767,0.024863134352296277,0.007257042867519579
without_classifier,True,999,0.999,0.745,0.02049127200899723,0.0232211828789635,0.0027299108699662678
without_classifier,True,999,0.999,0.75,0.023376452533217768,0.02157923140563071,-0.0017972211275870571
without_classifier,True,999,0.999,0.755,0.021132504913354448,0.0216134162338373,0.0004809113204828526
without_classifier,True,999,0.999,0.76,0.018888557293491127,0.02164760106204388,0.002759043768552752
without_classifier,True,999,0.999,0.765,0.019141928491347545,0.02222204849201565,0.0030801200006681066
without_classifier,True,999,0.999,0.77,0.01939529968920397,0.022796495921987424,0.0034011962327834544
without_classifier,True,999,0.999,0.775,0.02098052899377459,0.022918789214503098,0.001938260220728509
without_classifier,True,999,0.999,0.78,0.022565758298345222,0.023041082507018775,0.0004753242086735533
without_classifier,True,999,0.999,0.785,0.020281417420628715,0.021554584469898448,0.0012731670492697328
without_classifier,True,999,0.999,0.79,0.01799707654291221,0.020068086432778125,0.0020710098898659157
without_classifier,True,999,0.999,0.795,0.018789519071384955,0.021514895741129293,0.002725376669744338
without_classifier,True,999,0.999,0.8,0.0195819615998577,0.022961705049480467,0.003379743449622767
without_classifier,True,999,0.999,0.805,0.018943449274374868,0.020843159014087478,0.00189970973971261
without_classifier,True,999,0.999,0.81,0.01830493694889204,0.018724612978694495,0.0004196760298024564
without_classifier,True,999,0.999,0.8150000000000001,0.017164531502736873,0.019785217738948035,0.0026206862362111623
without_classifier,True,999,0.999,0.8200000000000001,0.01602412605658176,0.020845822499201583,0.004821696442619823
without_classifier,True,999,0.999,0.8250000000000001,0.017286801291969238,0.022106918150748268,0.00482011685877903
without_classifier,True,999,0.999,0.8300000000000001,0.018549476527356723,0.02336801380229494,0.004818537274938216
without_classifier,True,999,0.999,0.835,0.019796078121095587,0.02380751191958552,0.004011433798489932
without_classifier,True,999,0.999,0.84,0.02104267971483447,0.02424701003687612,0.0032043303220416486
without_classifier,True,999,0.999,0.845,0.022222330608346965,0.023631571257137697,0.001409240648790732
without_classifier,True,999,0.999,0.85,0.023401981501859452,0.023016132477399275,-0.00038584902446017755
without_classifier,True,999,0.999,0.855,0.024223650272663995,0.023358774777783156,-0.0008648754948808388
without_classifier,True,999,0.999,0.86,0.025045319043468527,0.023701417078167038,-0.0013439019653014896
without_classifier,True,999,0.999,0.865,0.023333876774122474,0.02367804987244502,0.00034417309832254425
without_classifier,True,999,0.999,0.87,0.021622434504776418,0.023654682666723,0.0020322481619465815
without_classifier,True,999,0.999,0.875,0.019176772433905476,0.022329577293421606,0.0031528048595161305
without_classifier,True,999,0.999,0.88,0.016731110363034533,0.02100447192012022,0.0042733615570856864
without_classifier,True,999,0.999,0.885,0.015320528943896839,0.020512912293440124,0.005192383349543285
without_classifier,True,999,0.999,0.89,0.01390994752475914,0.020021352666760018,0.006111405142000878
without_classifier,True,999,0.999,0.895,0.018970473204681183,0.020969431267925148,0.0019989580632439642
without_classifier,True,999,0.999,0.9,0.024030998884603222,0.02191750986909028,-0.0021134890155129413
without_classifier,True,999,0.999,0.905,0.023040818756174607,0.020618660963082222,-0.0024221577930923846
without_classifier,True,999,0.999,0.91,0.022050638627745988,0.019319812057074157,-0.0027308265706718314
without_classifier,True,999,0.999,0.915,0.018669129194604468,0.01952078860476225,0.0008516594101577839
without_classifier,True,999,0.999,0.92,0.015287619761462945,0.01972176515245034,0.004434145390987394
without_classifier,True,999,0.999,0.925,0.01716582038755102,0.02076795782471891,0.0036021374371678905
without_classifier,True,999,0.999,0.93,0.01904402101363909,0.021814150496987473,0.002770129483348382
without_classifier,True,999,0.999,0.935,0.016983387156651562,0.021682647485286,0.004699260328634439
without_classifier,True,999,0.999,0.9400000000000001,0.014922753299664072,0.021551144473584482,0.00662839117392041
without_classifier,True,999,0.999,0.9450000000000001,0.014288905492915838,0.019562438649251473,0.005273533156335636
without_classifier,True,999,0.999,0.9500000000000001,0.013655057686167699,0.01757373282491857,0.00391867513875087
without_classifier,True,999,0.999,0.9550000000000001,0.01739660566682392,0.020427366691292324,0.003030761024468403
without_classifier,True,999,0.999,0.96,0.021138153647480066,0.023281000557666028,0.0021428469101859617
without_classifier,True,999,0.999,0.965,0.020735634502925676,0.02297207297805774,0.0022364384751320625
without_classifier,True,999,0.999,0.97,0.020333115358371286,0.02266314539844946,0.0023300300400781737
without_classifier,True,999,0.999,0.975,0.019591469066799615,0.02150569756980985,0.0019142285030102346
without_classifier,True,999,0.999,0.98,0.018849822775227943,0.020348249741170242,0.001498426965942299
without_classifier,True,999,0.999,0.985,0.01923640243051826,0.021331528420026495,0.0020951259895082355
without_classifier,True,999,0.999,0.99,0.019622982085808566,0.022314807098882738,0.002691825013074172
without_classifier,True,999,0.999,0.995,0.019768046985627737,0.02145892403195224,0.0016908770463245036
without_classifier,True,999,0.999,1.0,0.0199131118854469,0.02060304096502174,0.0006899290795748386
